generation_id,pokemon_id,form_id
1,1,1
1,2,1
1,3,1
1,4,1
1,5,1
1,6,1
1,7,1
1,8,1
1,9,1
1,10,1
1,11,1
1,12,1
1,13,1
1,14,1
1,15,1
1,16,1
1,17,1
1,18,1
1,19,1
1,20,1
1,21,1
1,22,1
1,23,1
1,24,1
1,25,1
1,26,1
1,27,1
1,28,1
1,29,1
1,30,1
1,31,1
1,32,1
1,33,1
1,34,1
1,35,1
1,36,1
1,37,1
1,38,1
1,39,1
1,40,1
1,41,1
1,42,1
1,43,1
1,44,1
1,45,1
1,46,1
1,47,1
1,48,1
1,49,1
1,50,1
1,51,1
1,52,1
1,53,1
1,54,1
1,55,1
1,56,1
1,57,1
1,58,1
1,59,1
1,60,1
1,61,1
1,62,1
1,63,1
1,64,1
1,65,1
1,66,1
1,67,1
1,68,1
1,69,1
1,70,1
1,71,1
1,72,1
1,73,1
1,74,1
1,75,1
1,76,1
1,77,1
1,78,1
1,79,1
1,80,1
1,81,1
1,82,1
1,83,1
1,84,1
1,85,1
1,86,1
1,87,1
1,88,1
1,89,1
1,90,1
1,91,1
1,92,1
1,93,1
1,94,1
1,95,1
1,96,1
1,97,1
1,98,1
1,99,1
1,100,1
1,101,1
1,102,1
1,103,1
1,104,1
1,105,1
1,106,1
1,107,1
1,108,1
1,109,1
1,110,1
1,111,1
1,112,1
1,113,1
1,114,1
1,115,1
1,116,1
1,117,1
1,118,1
1,119,1
1,120,1
1,121,1
1,122,1
1,123,1
1,124,1
1,125,1
1,126,1
1,127,1
1,128,1
1,129,1
1,130,1
1,131,1
1,132,1
1,133,1
1,134,1
1,135,1
1,136,1
1,137,1
1,138,1
1,139,1
1,140,1
1,141,1
1,142,1
1,143,1
1,144,1
1,145,1
1,146,1
1,147,1
1,148,1
1,149,1
1,150,1
1,151,1
2,1,1
2,2,1
2,3,1
2,4,1
2,5,1
2,6,1
2,7,1
2,8,1
2,9,1
2,10,1
2,11,1
2,12,1
2,13,1
2,14,1
2,15,1
2,16,1
2,17,1
2,18,1
2,19,1
2,20,1
2,21,1
2,22,1
2,23,1
2,24,1
2,25,1
2,26,1
2,27,1
2,28,1
2,29,1
2,30,1
2,31,1
2,32,1
2,33,1
2,34,1
2,35,1
2,36,1
2,37,1
2,38,1
2,39,1
2,40,1
2,41,1
2,42,1
2,43,1
2,44,1
2,45,1
2,46,1
2,47,1
2,48,1
2,49,1
2,50,1
2,51,1
2,52,1
2,53,1
2,54,1
2,55,1
2,56,1
2,57,1
2,58,1
2,59,1
2,60,1
2,61,1
2,62,1
2,63,1
2,64,1
2,65,1
2,66,1
2,67,1
2,68,1
2,69,1
2,70,1
2,71,1
2,72,1
2,73,1
2,74,1
2,75,1
2,76,1
2,77,1
2,78,1
2,79,1
2,80,1
2,81,1
2,82,1
2,83,1
2,84,1
2,85,1
2,86,1
2,87,1
2,88,1
2,89,1
2,90,1
2,91,1
2,92,1
2,93,1
2,94,1
2,95,1
2,96,1
2,97,1
2,98,1
2,99,1
2,100,1
2,101,1
2,102,1
2,103,1
2,104,1
2,105,1
2,106,1
2,107,1
2,108,1
2,109,1
2,110,1
2,111,1
2,112,1
2,113,1
2,114,1
2,115,1
2,116,1
2,117,1
2,118,1
2,119,1
2,120,1
2,121,1
2,122,1
2,123,1
2,124,1
2,125,1
2,126,1
2,127,1
2,128,1
2,129,1
2,130,1
2,131,1
2,132,1
2,133,1
2,134,1
2,135,1
2,136,1
2,137,1
2,138,1
2,139,1
2,140,1
2,141,1
2,142,1
2,143,1
2,144,1
2,145,1
2,146,1
2,147,1
2,148,1
2,149,1
2,150,1
2,151,1
2,152,1
2,153,1
2,154,1
2,155,1
2,156,1
2,157,1
2,158,1
2,159,1
2,160,1
2,161,1
2,162,1
2,163,1
2,164,1
2,165,1
2,166,1
2,167,1
2,168,1
2,169,1
2,170,1
2,171,1
2,172,1
2,173,1
2,174,1
2,175,1
2,176,1
2,177,1
2,178,1
2,179,1
2,180,1
2,181,1
2,182,1
2,183,1
2,184,1
2,185,1
2,186,1
2,187,1
2,188,1
2,189,1
2,190,1
2,191,1
2,192,1
2,193,1
2,194,1
2,195,1
2,196,1
2,197,1
2,198,1
2,199,1
2,200,1
2,201,1
2,201,2
2,201,3
2,201,4
2,201,5
2,201,6
2,201,7
2,201,8
2,201,9
2,201,10
2,201,11
2,201,12
2,201,13
2,201,14
2,201,15
2,201,16
2,201,17
2,201,18
2,201,19
2,201,20
2,201,21
2,201,22
2,201,23
2,201,24
2,201,25
2,201,26
2,202,1
2,203,1
2,204,1
2,205,1
2,206,1
2,207,1
2,208,1
2,209,1
2,210,1
2,211,1
2,212,1
2,213,1
2,214,1
2,215,1
2,216,1
2,217,1
2,218,1
2,219,1
2,220,1
2,221,1
2,222,1
2,223,1
2,224,1
2,225,1
2,226,1
2,227,1
2,228,1
2,229,1
2,230,1
2,231,1
2,232,1
2,233,1
2,234,1
2,235,1
2,236,1
2,237,1
2,238,1
2,239,1
2,240,1
2,241,1
2,242,1
2,243,1
2,244,1
2,245,1
2,246,1
2,247,1
2,248,1
2,249,1
2,250,1
2,251,1
3,1,1
3,2,1
3,3,1
3,4,1
3,5,1
3,6,1
3,7,1
3,8,1
3,9,1
3,10,1
3,11,1
3,12,1
3,13,1
3,14,1
3,15,1
3,16,1
3,17,1
3,18,1
3,19,1
3,20,1
3,21,1
3,22,1
3,23,1
3,24,1
3,25,1
3,26,1
3,27,1
3,28,1
3,29,1
3,30,1
3,31,1
3,32,1
3,33,1
3,34,1
3,35,1
3,36,1
3,37,1
3,38,1
3,39,1
3,40,1
3,41,1
3,42,1
3,43,1
3,44,1
3,45,1
3,46,1
3,47,1
3,48,1
3,49,1
3,50,1
3,51,1
3,52,1
3,53,1
3,54,1
3,55,1
3,56,1
3,57,1
3,58,1
3,59,1
3,60,1
3,61,1
3,62,1
3,63,1
3,64,1
3,65,1
3,66,1
3,67,1
3,68,1
3,69,1
3,70,1
3,71,1
3,72,1
3,73,1
3,74,1
3,75,1
3,76,1
3,77,1
3,78,1
3,79,1
3,80,1
3,81,1
3,82,1
3,83,1
3,84,1
3,85,1
3,86,1
3,87,1
3,88,1
3,89,1
3,90,1
3,91,1
3,92,1
3,93,1
3,94,1
3,95,1
3,96,1
3,97,1
3,98,1
3,99,1
3,100,1
3,101,1
3,102,1
3,103,1
3,104,1
3,105,1
3,106,1
3,107,1
3,108,1
3,109,1
3,110,1
3,111,1
3,112,1
3,113,1
3,114,1
3,115,1
3,116,1
3,117,1
3,118,1
3,119,1
3,120,1
3,121,1
3,122,1
3,123,1
3,124,1
3,125,1
3,126,1
3,127,1
3,128,1
3,129,1
3,130,1
3,131,1
3,132,1
3,133,1
3,134,1
3,135,1
3,136,1
3,137,1
3,138,1
3,139,1
3,140,1
3,141,1
3,142,1
3,143,1
3,144,1
3,145,1
3,146,1
3,147,1
3,148,1
3,149,1
3,150,1
3,151,1
3,152,1
3,153,1
3,154,1
3,155,1
3,156,1
3,157,1
3,158,1
3,159,1
3,160,1
3,161,1
3,162,1
3,163,1
3,164,1
3,165,1
3,166,1
3,167,1
3,168,1
3,169,1
3,170,1
3,171,1
3,172,1
3,173,1
3,174,1
3,175,1
3,176,1
3,177,1
3,178,1
3,179,1
3,180,1
3,181,1
3,182,1
3,183,1
3,184,1
3,185,1
3,186,1
3,187,1
3,188,1
3,189,1
3,190,1
3,191,1
3,192,1
3,193,1
3,194,1
3,195,1
3,196,1
3,197,1
3,198,1
3,199,1
3,200,1
3,201,1
3,201,2
3,201,3
3,201,4
3,201,5
3,201,6
3,201,7
3,201,8
3,201,9
3,201,10
3,201,11
3,201,12
3,201,13
3,201,14
3,201,15
3,201,16
3,201,17
3,201,18
3,201,19
3,201,20
3,201,21
3,201,22
3,201,23
3,201,24
3,201,25
3,201,26
3,201,27
3,201,28
3,202,1
3,203,1
3,204,1
3,205,1
3,206,1
3,207,1
3,208,1
3,209,1
3,210,1
3,211,1
3,212,1
3,213,1
3,214,1
3,215,1
3,216,1
3,217,1
3,218,1
3,219,1
3,220,1
3,221,1
3,222,1
3,223,1
3,224,1
3,225,1
3,226,1
3,227,1
3,228,1
3,229,1
3,230,1
3,231,1
3,232,1
3,233,1
3,234,1
3,235,1
3,236,1
3,237,1
3,238,1
3,239,1
3,240,1
3,241,1
3,242,1
3,243,1
3,244,1
3,245,1
3,246,1
3,247,1
3,248,1
3,249,1
3,250,1
3,251,1
3,252,1
3,253,1
3,254,1
3,255,1
3,256,1
3,257,1
3,258,1
3,259,1
3,260,1
3,261,1
3,262,1
3,263,1
3,264,1
3,265,1
3,266,1
3,267,1
3,268,1
3,269,1
3,270,1
3,271,1
3,272,1
3,273,1
3,274,1
3,275,1
3,276,1
3,277,1
3,278,1
3,279,1
3,280,1
3,281,1
3,282,1
3,283,1
3,284,1
3,285,1
3,286,1
3,287,1
3,288,1
3,289,1
3,290,1
3,291,1
3,292,1
3,293,1
3,294,1
3,295,1
3,296,1
3,297,1
3,298,1
3,299,1
3,300,1
3,301,1
3,302,1
3,303,1
3,304,1
3,305,1
3,306,1
3,307,1
3,308,1
3,309,1
3,310,1
3,311,1
3,312,1
3,313,1
3,314,1
3,315,1
3,316,1
3,317,1
3,318,1
3,319,1
3,320,1
3,321,1
3,322,1
3,323,1
3,324,1
3,325,1
3,326,1
3,327,1
3,328,1
3,329,1
3,330,1
3,331,1
3,332,1
3,333,1
3,334,1
3,335,1
3,336,1
3,337,1
3,338,1
3,339,1
3,340,1
3,341,1
3,342,1
3,343,1
3,344,1
3,345,1
3,346,1
3,347,1
3,348,1
3,349,1
3,350,1
3,351,1
3,351,2
3,351,3
3,351,4
3,352,1
3,353,1
3,354,1
3,355,1
3,356,1
3,357,1
3,358,1
3,359,1
3,360,1
3,361,1
3,362,1
3,363,1
3,364,1
3,365,1
3,366,1
3,367,1
3,368,1
3,369,1
3,370,1
3,371,1
3,372,1
3,373,1
3,374,1
3,375,1
3,376,1
3,377,1
3,378,1
3,379,1
3,380,1
3,381,1
3,382,1
3,383,1
3,384,1
3,385,1
3,386,1
3,386,2
3,386,3
3,386,4
4,1,1
4,2,1
4,3,1
4,4,1
4,5,1
4,6,1
4,7,1
4,8,1
4,9,1
4,10,1
4,11,1
4,12,1
4,13,1
4,14,1
4,15,1
4,16,1
4,17,1
4,18,1
4,19,1
4,20,1
4,21,1
4,22,1
4,23,1
4,24,1
4,25,1
4,26,1
4,27,1
4,28,1
4,29,1
4,30,1
4,31,1
4,32,1
4,33,1
4,34,1
4,35,1
4,36,1
4,37,1
4,38,1
4,39,1
4,40,1
4,41,1
4,42,1
4,43,1
4,44,1
4,45,1
4,46,1
4,47,1
4,48,1
4,49,1
4,50,1
4,51,1
4,52,1
4,53,1
4,54,1
4,55,1
4,56,1
4,57,1
4,58,1
4,59,1
4,60,1
4,61,1
4,62,1
4,63,1
4,64,1
4,65,1
4,66,1
4,67,1
4,68,1
4,69,1
4,70,1
4,71,1
4,72,1
4,73,1
4,74,1
4,75,1
4,76,1
4,77,1
4,78,1
4,79,1
4,80,1
4,81,1
4,82,1
4,83,1
4,84,1
4,85,1
4,86,1
4,87,1
4,88,1
4,89,1
4,90,1
4,91,1
4,92,1
4,93,1
4,94,1
4,95,1
4,96,1
4,97,1
4,98,1
4,99,1
4,100,1
4,101,1
4,102,1
4,103,1
4,104,1
4,105,1
4,106,1
4,107,1
4,108,1
4,109,1
4,110,1
4,111,1
4,112,1
4,113,1
4,114,1
4,115,1
4,116,1
4,117,1
4,118,1
4,119,1
4,120,1
4,121,1
4,122,1
4,123,1
4,124,1
4,125,1
4,126,1
4,127,1
4,128,1
4,129,1
4,130,1
4,131,1
4,132,1
4,133,1
4,134,1
4,135,1
4,136,1
4,137,1
4,138,1
4,139,1
4,140,1
4,141,1
4,142,1
4,143,1
4,144,1
4,145,1
4,146,1
4,147,1
4,148,1
4,149,1
4,150,1
4,151,1
4,152,1
4,153,1
4,154,1
4,155,1
4,156,1
4,157,1
4,158,1
4,159,1
4,160,1
4,161,1
4,162,1
4,163,1
4,164,1
4,165,1
4,166,1
4,167,1
4,168,1
4,169,1
4,170,1
4,171,1
4,172,1
4,173,1
4,174,1
4,175,1
4,176,1
4,177,1
4,178,1
4,179,1
4,180,1
4,181,1
4,182,1
4,183,1
4,184,1
4,185,1
4,186,1
4,187,1
4,188,1
4,189,1
4,190,1
4,191,1
4,192,1
4,193,1
4,194,1
4,195,1
4,196,1
4,197,1
4,198,1
4,199,1
4,200,1
4,201,1
4,201,2
4,201,3
4,201,4
4,201,5
4,201,6
4,201,7
4,201,8
4,201,9
4,201,10
4,201,11
4,201,12
4,201,13
4,201,14
4,201,15
4,201,16
4,201,17
4,201,18
4,201,19
4,201,20
4,201,21
4,201,22
4,201,23
4,201,24
4,201,25
4,201,26
4,201,27
4,201,28
4,202,1
4,203,1
4,204,1
4,205,1
4,206,1
4,207,1
4,208,1
4,209,1
4,210,1
4,211,1
4,212,1
4,213,1
4,214,1
4,215,1
4,216,1
4,217,1
4,218,1
4,219,1
4,220,1
4,221,1
4,222,1
4,223,1
4,224,1
4,225,1
4,226,1
4,227,1
4,228,1
4,229,1
4,230,1
4,231,1
4,232,1
4,233,1
4,234,1
4,235,1
4,236,1
4,237,1
4,238,1
4,239,1
4,240,1
4,241,1
4,242,1
4,243,1
4,244,1
4,245,1
4,246,1
4,247,1
4,248,1
4,249,1
4,250,1
4,251,1
4,252,1
4,253,1
4,254,1
4,255,1
4,256,1
4,257,1
4,258,1
4,259,1
4,260,1
4,261,1
4,262,1
4,263,1
4,264,1
4,265,1
4,266,1
4,267,1
4,268,1
4,269,1
4,270,1
4,271,1
4,272,1
4,273,1
4,274,1
4,275,1
4,276,1
4,277,1
4,278,1
4,279,1
4,280,1
4,281,1
4,282,1
4,283,1
4,284,1
4,285,1
4,286,1
4,287,1
4,288,1
4,289,1
4,290,1
4,291,1
4,292,1
4,293,1
4,294,1
4,295,1
4,296,1
4,297,1
4,298,1
4,299,1
4,300,1
4,301,1
4,302,1
4,303,1
4,304,1
4,305,1
4,306,1
4,307,1
4,308,1
4,309,1
4,310,1
4,311,1
4,312,1
4,313,1
4,314,1
4,315,1
4,316,1
4,317,1
4,318,1
4,319,1
4,320,1
4,321,1
4,322,1
4,323,1
4,324,1
4,325,1
4,326,1
4,327,1
4,328,1
4,329,1
4,330,1
4,331,1
4,332,1
4,333,1
4,334,1
4,335,1
4,336,1
4,337,1
4,338,1
4,339,1
4,340,1
4,341,1
4,342,1
4,343,1
4,344,1
4,345,1
4,346,1
4,347,1
4,348,1
4,349,1
4,350,1
4,351,1
4,351,2
4,351,3
4,351,4
4,352,1
4,353,1
4,354,1
4,355,1
4,356,1
4,357,1
4,358,1
4,359,1
4,360,1
4,361,1
4,362,1
4,363,1
4,364,1
4,365,1
4,366,1
4,367,1
4,368,1
4,369,1
4,370,1
4,371,1
4,372,1
4,373,1
4,374,1
4,375,1
4,376,1
4,377,1
4,378,1
4,379,1
4,380,1
4,381,1
4,382,1
4,383,1
4,384,1
4,385,1
4,386,1
4,386,2
4,386,3
4,386,4
4,387,1
4,388,1
4,389,1
4,390,1
4,391,1
4,392,1
4,393,1
4,394,1
4,395,1
4,396,1
4,397,1
4,398,1
4,399,1
4,400,1
4,401,1
4,402,1
4,403,1
4,404,1
4,405,1
4,406,1
4,407,1
4,408,1
4,409,1
4,410,1
4,411,1
4,412,1
4,412,2
4,412,3
4,413,1
4,413,2
4,413,3
4,414,1
4,415,1
4,416,1
4,417,1
4,418,1
4,419,1
4,420,1
4,421,1
4,421,2
4,422,1
4,422,2
4,423,1
4,423,2
4,424,1
4,425,1
4,426,1
4,427,1
4,428,1
4,429,1
4,430,1
4,431,1
4,432,1
4,433,1
4,434,1
4,435,1
4,436,1
4,437,1
4,438,1
4,439,1
4,440,1
4,441,1
4,442,1
4,443,1
4,444,1
4,445,1
4,446,1
4,447,1
4,448,1
4,449,1
4,450,1
4,451,1
4,452,1
4,453,1
4,454,1
4,455,1
4,456,1
4,457,1
4,458,1
4,459,1
4,460,1
4,461,1
4,462,1
4,463,1
4,464,1
4,465,1
4,466,1
4,467,1
4,468,1
4,469,1
4,470,1
4,471,1
4,472,1
4,473,1
4,474,1
4,475,1
4,476,1
4,477,1
4,478,1
4,479,1
4,479,2
4,479,3
4,479,4
4,479,5
4,479,6
4,480,1
4,481,1
4,482,1
4,483,1
4,484,1
4,485,1
4,486,1
4,487,1
4,487,2
4,488,1
4,489,1
4,490,1
4,491,1
4,492,1
4,492,2
4,493,1
4,493,2
4,493,3
4,493,4
4,493,5
4,493,6
4,493,7
4,493,8
4,493,9
4,493,10
4,493,11
4,493,12
4,493,13
4,493,14
4,493,15
4,493,16
4,493,17
5,1,1
5,2,1
5,3,1
5,4,1
5,5,1
5,6,1
5,7,1
5,8,1
5,9,1
5,10,1
5,11,1
5,12,1
5,13,1
5,14,1
5,15,1
5,16,1
5,17,1
5,18,1
5,19,1
5,20,1
5,21,1
5,22,1
5,23,1
5,24,1
5,25,1
5,26,1
5,27,1
5,28,1
5,29,1
5,30,1
5,31,1
5,32,1
5,33,1
5,34,1
5,35,1
5,36,1
5,37,1
5,38,1
5,39,1
5,40,1
5,41,1
5,42,1
5,43,1
5,44,1
5,45,1
5,46,1
5,47,1
5,48,1
5,49,1
5,50,1
5,51,1
5,52,1
5,53,1
5,54,1
5,55,1
5,56,1
5,57,1
5,58,1
5,59,1
5,60,1
5,61,1
5,62,1
5,63,1
5,64,1
5,65,1
5,66,1
5,67,1
5,68,1
5,69,1
5,70,1
5,71,1
5,72,1
5,73,1
5,74,1
5,75,1
5,76,1
5,77,1
5,78,1
5,79,1
5,80,1
5,81,1
5,82,1
5,83,1
5,84,1
5,85,1
5,86,1
5,87,1
5,88,1
5,89,1
5,90,1
5,91,1
5,92,1
5,93,1
5,94,1
5,95,1
5,96,1
5,97,1
5,98,1
5,99,1
5,100,1
5,101,1
5,102,1
5,103,1
5,104,1
5,105,1
5,106,1
5,107,1
5,108,1
5,109,1
5,110,1
5,111,1
5,112,1
5,113,1
5,114,1
5,115,1
5,116,1
5,117,1
5,118,1
5,119,1
5,120,1
5,121,1
5,122,1
5,123,1
5,124,1
5,125,1
5,126,1
5,127,1
5,128,1
5,129,1
5,130,1
5,131,1
5,132,1
5,133,1
5,134,1
5,135,1
5,136,1
5,137,1
5,138,1
5,139,1
5,140,1
5,141,1
5,142,1
5,143,1
5,144,1
5,145,1
5,146,1
5,147,1
5,148,1
5,149,1
5,150,1
5,151,1
5,152,1
5,153,1
5,154,1
5,155,1
5,156,1
5,157,1
5,158,1
5,159,1
5,160,1
5,161,1
5,162,1
5,163,1
5,164,1
5,165,1
5,166,1
5,167,1
5,168,1
5,169,1
5,170,1
5,171,1
5,172,1
5,173,1
5,174,1
5,175,1
5,176,1
5,177,1
5,178,1
5,179,1
5,180,1
5,181,1
5,182,1
5,183,1
5,184,1
5,185,1
5,186,1
5,187,1
5,188,1
5,189,1
5,190,1
5,191,1
5,192,1
5,193,1
5,194,1
5,195,1
5,196,1
5,197,1
5,198,1
5,199,1
5,200,1
5,201,1
5,201,2
5,201,3
5,201,4
5,201,5
5,201,6
5,201,7
5,201,8
5,201,9
5,201,10
5,201,11
5,201,12
5,201,13
5,201,14
5,201,15
5,201,16
5,201,17
5,201,18
5,201,19
5,201,20
5,201,21
5,201,22
5,201,23
5,201,24
5,201,25
5,201,26
5,201,27
5,201,28
5,202,1
5,203,1
5,204,1
5,205,1
5,206,1
5,207,1
5,208,1
5,209,1
5,210,1
5,211,1
5,212,1
5,213,1
5,214,1
5,215,1
5,216,1
5,217,1
5,218,1
5,219,1
5,220,1
5,221,1
5,222,1
5,223,1
5,224,1
5,225,1
5,226,1
5,227,1
5,228,1
5,229,1
5,230,1
5,231,1
5,232,1
5,233,1
5,234,1
5,235,1
5,236,1
5,237,1
5,238,1
5,239,1
5,240,1
5,241,1
5,242,1
5,243,1
5,244,1
5,245,1
5,246,1
5,247,1
5,248,1
5,249,1
5,250,1
5,251,1
5,252,1
5,253,1
5,254,1
5,255,1
5,256,1
5,257,1
5,258,1
5,259,1
5,260,1
5,261,1
5,262,1
5,263,1
5,264,1
5,265,1
5,266,1
5,267,1
5,268,1
5,269,1
5,270,1
5,271,1
5,272,1
5,273,1
5,274,1
5,275,1
5,276,1
5,277,1
5,278,1
5,279,1
5,280,1
5,281,1
5,282,1
5,283,1
5,284,1
5,285,1
5,286,1
5,287,1
5,288,1
5,289,1
5,290,1
5,291,1
5,292,1
5,293,1
5,294,1
5,295,1
5,296,1
5,297,1
5,298,1
5,299,1
5,300,1
5,301,1
5,302,1
5,303,1
5,304,1
5,305,1
5,306,1
5,307,1
5,308,1
5,309,1
5,310,1
5,311,1
5,312,1
5,313,1
5,314,1
5,315,1
5,316,1
5,317,1
5,318,1
5,319,1
5,320,1
5,321,1
5,322,1
5,323,1
5,324,1
5,325,1
5,326,1
5,327,1
5,328,1
5,329,1
5,330,1
5,331,1
5,332,1
5,333,1
5,334,1
5,335,1
5,336,1
5,337,1
5,338,1
5,339,1
5,340,1
5,341,1
5,342,1
5,343,1
5,344,1
5,345,1
5,346,1
5,347,1
5,348,1
5,349,1
5,350,1
5,351,1
5,351,2
5,351,3
5,351,4
5,352,1
5,353,1
5,354,1
5,355,1
5,356,1
5,357,1
5,358,1
5,359,1
5,360,1
5,361,1
5,362,1
5,363,1
5,364,1
5,365,1
5,366,1
5,367,1
5,368,1
5,369,1
5,370,1
5,371,1
5,372,1
5,373,1
5,374,1
5,375,1
5,376,1
5,377,1
5,378,1
5,379,1
5,380,1
5,381,1
5,382,1
5,383,1
5,384,1
5,385,1
5,386,1
5,386,2
5,386,3
5,386,4
5,387,1
5,388,1
5,389,1
5,390,1
5,391,1
5,392,1
5,393,1
5,394,1
5,395,1
5,396,1
5,397,1
5,398,1
5,399,1
5,400,1
5,401,1
5,402,1
5,403,1
5,404,1
5,405,1
5,406,1
5,407,1
5,408,1
5,409,1
5,410,1
5,411,1
5,412,1
5,412,2
5,412,3
5,413,1
5,413,2
5,413,3
5,414,1
5,415,1
5,416,1
5,417,1
5,418,1
5,419,1
5,420,1
5,421,1
5,421,2
5,422,1
5,422,2
5,423,1
5,423,2
5,424,1
5,425,1
5,426,1
5,427,1
5,428,1
5,429,1
5,430,1
5,431,1
5,432,1
5,433,1
5,434,1
5,435,1
5,436,1
5,437,1
5,438,1
5,439,1
5,440,1
5,441,1
5,442,1
5,443,1
5,444,1
5,445,1
5,446,1
5,447,1
5,448,1
5,449,1
5,450,1
5,451,1
5,452,1
5,453,1
5,454,1
5,455,1
5,456,1
5,457,1
5,458,1
5,459,1
5,460,1
5,461,1
5,462,1
5,463,1
5,464,1
5,465,1
5,466,1
5,467,1
5,468,1
5,469,1
5,470,1
5,471,1
5,472,1
5,473,1
5,474,1
5,475,1
5,476,1
5,477,1
5,478,1
5,479,1
5,479,2
5,479,3
5,479,4
5,479,5
5,479,6
5,480,1
5,481,1
5,482,1
5,483,1
5,484,1
5,485,1
5,486,1
5,487,1
5,487,2
5,488,1
5,489,1
5,490,1
5,491,1
5,492,1
5,492,2
5,493,1
5,493,2
5,493,3
5,493,4
5,493,5
5,493,6
5,493,7
5,493,8
5,493,9
5,493,10
5,493,11
5,493,12
5,493,13
5,493,14
5,493,15
5,493,16
5,493,17
5,494,1
5,495,1
5,496,1
5,497,1
5,498,1
5,499,1
5,500,1
5,501,1
5,502,1
5,503,1
5,504,1
5,505,1
5,506,1
5,507,1
5,508,1
5,509,1
5,510,1
5,511,1
5,512,1
5,513,1
5,514,1
5,515,1
5,516,1
5,517,1
5,518,1
5,519,1
5,520,1
5,521,1
5,522,1
5,523,1
5,524,1
5,525,1
5,526,1
5,527,1
5,528,1
5,529,1
5,530,1
5,531,1
5,532,1
5,533,1
5,534,1
5,535,1
5,536,1
5,537,1
5,538,1
5,539,1
5,540,1
5,541,1
5,542,1
5,543,1
5,544,1
5,545,1
5,546,1
5,547,1
5,548,1
5,549,1
5,550,1
5,550,2
5,551,1
5,552,1
5,553,1
5,554,1
5,555,1
5,555,2
5,556,1
5,557,1
5,558,1
5,559,1
5,560,1
5,561,1
5,562,1
5,563,1
5,564,1
5,565,1
5,566,1
5,567,1
5,568,1
5,569,1
5,570,1
5,571,1
5,572,1
5,573,1
5,574,1
5,575,1
5,576,1
5,577,1
5,578,1
5,579,1
5,580,1
5,581,1
5,582,1
5,583,1
5,584,1
5,585,1
5,585,2
5,585,3
5,585,4
5,586,1
5,586,2
5,586,3
5,586,4
5,587,1
5,588,1
5,589,1
5,590,1
5,591,1
5,592,1
5,593,1
5,594,1
5,595,1
5,596,1
5,597,1
5,598,1
5,599,1
5,600,1
5,601,1
5,602,1
5,603,1
5,604,1
5,605,1
5,606,1
5,607,1
5,608,1
5,609,1
5,610,1
5,611,1
5,612,1
5,613,1
5,614,1
5,615,1
5,616,1
5,617,1
5,618,1
5,619,1
5,620,1
5,621,1
5,622,1
5,623,1
5,624,1
5,625,1
5,626,1
5,627,1
5,628,1
5,629,1
5,630,1
5,631,1
5,632,1
5,633,1
5,634,1
5,635,1
5,636,1
5,637,1
5,638,1
5,639,1
5,640,1
5,641,1
5,641,2
5,642,1
5,642,2
5,643,1
5,644,1
5,645,1
5,645,2
5,646,1
5,646,2
5,646,3
5,647,1
5,647,2
5,648,1
5,648,2
5,649,1
5,649,2
5,649,3
5,649,4
5,649,5
6,1,1
6,2,1
6,3,1
6,3,2
6,4,1
6,5,1
6,6,1
6,6,2
6,6,3
6,7,1
6,8,1
6,9,1
6,9,2
6,10,1
6,11,1
6,12,1
6,13,1
6,14,1
6,15,1
6,15,2
6,16,1
6,17,1
6,18,1
6,18,2
6,19,1
6,20,1
6,21,1
6,22,1
6,23,1
6,24,1
6,25,1
6,25,2
6,25,3
6,25,4
6,25,5
6,25,6
6,25,7
6,26,1
6,27,1
6,28,1
6,29,1
6,30,1
6,31,1
6,32,1
6,33,1
6,34,1
6,35,1
6,36,1
6,37,1
6,38,1
6,39,1
6,40,1
6,41,1
6,42,1
6,43,1
6,44,1
6,45,1
6,46,1
6,47,1
6,48,1
6,49,1
6,50,1
6,51,1
6,52,1
6,53,1
6,54,1
6,55,1
6,56,1
6,57,1
6,58,1
6,59,1
6,60,1
6,61,1
6,62,1
6,63,1
6,64,1
6,65,1
6,65,2
6,66,1
6,67,1
6,68,1
6,69,1
6,70,1
6,71,1
6,72,1
6,73,1
6,74,1
6,75,1
6,76,1
6,77,1
6,78,1
6,79,1
6,80,1
6,80,2
6,81,1
6,82,1
6,83,1
6,84,1
6,85,1
6,86,1
6,87,1
6,88,1
6,89,1
6,90,1
6,91,1
6,92,1
6,93,1
6,94,1
6,94,2
6,95,1
6,96,1
6,97,1
6,98,1
6,99,1
6,100,1
6,101,1
6,102,1
6,103,1
6,104,1
6,105,1
6,106,1
6,107,1
6,108,1
6,109,1
6,110,1
6,111,1
6,112,1
6,113,1
6,114,1
6,115,1
6,115,2
6,116,1
6,117,1
6,118,1
6,119,1
6,120,1
6,121,1
6,122,1
6,123,1
6,124,1
6,125,1
6,126,1
6,127,1
6,127,2
6,128,1
6,129,1
6,130,1
6,130,2
6,131,1
6,132,1
6,133,1
6,134,1
6,135,1
6,136,1
6,137,1
6,138,1
6,139,1
6,140,1
6,141,1
6,142,1
6,142,2
6,143,1
6,144,1
6,145,1
6,146,1
6,147,1
6,148,1
6,149,1
6,150,1
6,150,2
6,150,3
6,151,1
6,152,1
6,153,1
6,154,1
6,155,1
6,156,1
6,157,1
6,158,1
6,159,1
6,160,1
6,161,1
6,162,1
6,163,1
6,164,1
6,165,1
6,166,1
6,167,1
6,168,1
6,169,1
6,170,1
6,171,1
6,172,1
6,173,1
6,174,1
6,175,1
6,176,1
6,177,1
6,178,1
6,179,1
6,180,1
6,181,1
6,181,2
6,182,1
6,183,1
6,184,1
6,185,1
6,186,1
6,187,1
6,188,1
6,189,1
6,190,1
6,191,1
6,192,1
6,193,1
6,194,1
6,195,1
6,196,1
6,197,1
6,198,1
6,199,1
6,200,1
6,201,1
6,201,2
6,201,3
6,201,4
6,201,5
6,201,6
6,201,7
6,201,8
6,201,9
6,201,10
6,201,11
6,201,12
6,201,13
6,201,14
6,201,15
6,201,16
6,201,17
6,201,18
6,201,19
6,201,20
6,201,21
6,201,22
6,201,23
6,201,24
6,201,25
6,201,26
6,201,27
6,201,28
6,202,1
6,203,1
6,204,1
6,205,1
6,206,1
6,207,1
6,208,1
6,208,2
6,209,1
6,210,1
6,211,1
6,212,1
6,212,2
6,213,1
6,214,1
6,214,2
6,215,1
6,216,1
6,217,1
6,218,1
6,219,1
6,220,1
6,221,1
6,222,1
6,223,1
6,224,1
6,225,1
6,226,1
6,227,1
6,228,1
6,229,1
6,229,2
6,230,1
6,231,1
6,232,1
6,233,1
6,234,1
6,235,1
6,236,1
6,237,1
6,238,1
6,239,1
6,240,1
6,241,1
6,242,1
6,243,1
6,244,1
6,245,1
6,246,1
6,247,1
6,248,1
6,248,2
6,249,1
6,250,1
6,251,1
6,252,1
6,253,1
6,254,1
6,254,2
6,255,1
6,256,1
6,257,1
6,257,2
6,258,1
6,259,1
6,260,1
6,260,2
6,261,1
6,262,1
6,263,1
6,264,1
6,265,1
6,266,1
6,267,1
6,268,1
6,269,1
6,270,1
6,271,1
6,272,1
6,273,1
6,274,1
6,275,1
6,276,1
6,277,1
6,278,1
6,279,1
6,280,1
6,281,1
6,282,1
6,282,2
6,283,1
6,284,1
6,285,1
6,286,1
6,287,1
6,288,1
6,289,1
6,290,1
6,291,1
6,292,1
6,293,1
6,294,1
6,295,1
6,296,1
6,297,1
6,298,1
6,299,1
6,300,1
6,301,1
6,302,1
6,302,2
6,303,1
6,303,2
6,304,1
6,305,1
6,306,1
6,306,2
6,307,1
6,308,1
6,308,2
6,309,1
6,310,1
6,310,2
6,311,1
6,312,1
6,313,1
6,314,1
6,315,1
6,316,1
6,317,1
6,318,1
6,319,1
6,319,2
6,320,1
6,321,1
6,322,1
6,323,1
6,323,2
6,324,1
6,325,1
6,326,1
6,327,1
6,328,1
6,329,1
6,330,1
6,331,1
6,332,1
6,333,1
6,334,1
6,334,2
6,335,1
6,336,1
6,337,1
6,338,1
6,339,1
6,340,1
6,341,1
6,342,1
6,343,1
6,344,1
6,345,1
6,346,1
6,347,1
6,348,1
6,349,1
6,350,1
6,351,1
6,351,2
6,351,3
6,351,4
6,352,1
6,353,1
6,354,1
6,354,2
6,355,1
6,356,1
6,357,1
6,358,1
6,359,1
6,359,2
6,360,1
6,361,1
6,362,1
6,362,2
6,363,1
6,364,1
6,365,1
6,366,1
6,367,1
6,368,1
6,369,1
6,370,1
6,371,1
6,372,1
6,373,1
6,373,2
6,374,1
6,375,1
6,376,1
6,376,2
6,377,1
6,378,1
6,379,1
6,380,1
6,380,2
6,381,1
6,381,2
6,382,1
6,382,2
6,383,1
6,383,2
6,384,1
6,384,2
6,385,1
6,386,1
6,386,2
6,386,3
6,386,4
6,387,1
6,388,1
6,389,1
6,390,1
6,391,1
6,392,1
6,393,1
6,394,1
6,395,1
6,396,1
6,397,1
6,398,1
6,399,1
6,400,1
6,401,1
6,402,1
6,403,1
6,404,1
6,405,1
6,406,1
6,407,1
6,408,1
6,409,1
6,410,1
6,411,1
6,412,1
6,412,2
6,412,3
6,413,1
6,413,2
6,413,3
6,414,1
6,415,1
6,416,1
6,417,1
6,418,1
6,419,1
6,420,1
6,421,1
6,421,2
6,422,1
6,422,2
6,423,1
6,423,2
6,424,1
6,425,1
6,426,1
6,427,1
6,428,1
6,428,2
6,429,1
6,430,1
6,431,1
6,432,1
6,433,1
6,434,1
6,435,1
6,436,1
6,437,1
6,438,1
6,439,1
6,440,1
6,441,1
6,442,1
6,443,1
6,444,1
6,445,1
6,445,2
6,446,1
6,447,1
6,448,1
6,448,2
6,449,1
6,450,1
6,451,1
6,452,1
6,453,1
6,454,1
6,455,1
6,456,1
6,457,1
6,458,1
6,459,1
6,460,1
6,460,2
6,461,1
6,462,1
6,463,1
6,464,1
6,465,1
6,466,1
6,467,1
6,468,1
6,469,1
6,470,1
6,471,1
6,472,1
6,473,1
6,474,1
6,475,1
6,475,2
6,476,1
6,477,1
6,478,1
6,479,1
6,479,2
6,479,3
6,479,4
6,479,5
6,479,6
6,480,1
6,481,1
6,482,1
6,483,1
6,484,1
6,485,1
6,486,1
6,487,1
6,487,2
6,488,1
6,489,1
6,490,1
6,491,1
6,492,1
6,492,2
6,493,1
6,493,2
6,493,3
6,493,4
6,493,5
6,493,6
6,493,7
6,493,8
6,493,9
6,493,10
6,493,11
6,493,12
6,493,13
6,493,14
6,493,15
6,493,16
6,493,17
6,493,18
6,494,1
6,495,1
6,496,1
6,497,1
6,498,1
6,499,1
6,500,1
6,501,1
6,502,1
6,503,1
6,504,1
6,505,1
6,506,1
6,507,1
6,508,1
6,509,1
6,510,1
6,511,1
6,512,1
6,513,1
6,514,1
6,515,1
6,516,1
6,517,1
6,518,1
6,519,1
6,520,1
6,521,1
6,522,1
6,523,1
6,524,1
6,525,1
6,526,1
6,527,1
6,528,1
6,529,1
6,530,1
6,531,1
6,531,2
6,532,1
6,533,1
6,534,1
6,535,1
6,536,1
6,537,1
6,538,1
6,539,1
6,540,1
6,541,1
6,542,1
6,543,1
6,544,1
6,545,1
6,546,1
6,547,1
6,548,1
6,549,1
6,550,1
6,550,2
6,551,1
6,552,1
6,553,1
6,554,1
6,555,1
6,555,2
6,556,1
6,557,1
6,558,1
6,559,1
6,560,1
6,561,1
6,562,1
6,563,1
6,564,1
6,565,1
6,566,1
6,567,1
6,568,1
6,569,1
6,570,1
6,571,1
6,572,1
6,573,1
6,574,1
6,575,1
6,576,1
6,577,1
6,578,1
6,579,1
6,580,1
6,581,1
6,582,1
6,583,1
6,584,1
6,585,1
6,585,2
6,585,3
6,585,4
6,586,1
6,586,2
6,586,3
6,586,4
6,587,1
6,588,1
6,589,1
6,590,1
6,591,1
6,592,1
6,593,1
6,594,1
6,595,1
6,596,1
6,597,1
6,598,1
6,599,1
6,600,1
6,601,1
6,602,1
6,603,1
6,604,1
6,605,1
6,606,1
6,607,1
6,608,1
6,609,1
6,610,1
6,611,1
6,612,1
6,613,1
6,614,1
6,615,1
6,616,1
6,617,1
6,618,1
6,619,1
6,620,1
6,621,1
6,622,1
6,623,1
6,624,1
6,625,1
6,626,1
6,627,1
6,628,1
6,629,1
6,630,1
6,631,1
6,632,1
6,633,1
6,634,1
6,635,1
6,636,1
6,637,1
6,638,1
6,639,1
6,640,1
6,641,1
6,641,2
6,642,1
6,642,2
6,643,1
6,644,1
6,645,1
6,645,2
6,646,1
6,646,2
6,646,3
6,647,1
6,647,2
6,648,1
6,648,2
6,649,1
6,649,2
6,649,3
6,649,4
6,649,5
6,650,1
6,651,1
6,652,1
6,653,1
6,654,1
6,655,1
6,656,1
6,657,1
6,658,1
6,659,1
6,660,1
6,661,1
6,662,1
6,663,1
6,664,1
6,665,1
6,666,1
6,666,2
6,666,3
6,666,4
6,666,5
6,666,6
6,666,7
6,666,8
6,666,9
6,666,10
6,666,11
6,666,12
6,666,13
6,666,14
6,666,15
6,666,16
6,666,17
6,666,18
6,666,19
6,666,20
6,667,1
6,668,1
6,669,1
6,669,2
6,669,3
6,669,4
6,669,5
6,670,1
6,670,2
6,670,3
6,670,4
6,670,5
6,670,6
6,671,1
6,671,2
6,671,3
6,671,4
6,671,5
6,672,1
6,673,1
6,674,1
6,675,1
6,676,1
6,676,2
6,676,3
6,676,4
6,676,5
6,676,6
6,676,7
6,676,8
6,676,9
6,676,10
6,677,1
6,678,1
6,678,2
6,679,1
6,680,1
6,681,1
6,681,2
6,682,1
6,683,1
6,684,1
6,685,1
6,686,1
6,687,1
6,688,1
6,689,1
6,690,1
6,691,1
6,692,1
6,693,1
6,694,1
6,695,1
6,696,1
6,697,1
6,698,1
6,699,1
6,700,1
6,701,1
6,702,1
6,703,1
6,704,1
6,705,1
6,706,1
6,707,1
6,708,1
6,709,1
6,710,1
6,710,2
6,710,3
6,710,4
6,711,1
6,711,2
6,711,3
6,711,4
6,712,1
6,713,1
6,714,1
6,715,1
6,716,1
6,716,2
6,717,1
6,718,2
6,719,1
6,719,2
6,720,1
6,720,2
6,721,1
7,1,1
7,2,1
7,3,1
7,3,2
7,4,1
7,5,1
7,6,1
7,6,2
7,6,3
7,7,1
7,8,1
7,9,1
7,9,2
7,10,1
7,11,1
7,12,1
7,13,1
7,14,1
7,15,1
7,15,2
7,16,1
7,17,1
7,18,1
7,18,2
7,19,1
7,19,2
7,20,1
7,20,2
7,21,1
7,22,1
7,23,1
7,24,1
7,25,1
7,25,8
7,25,9
7,25,10
7,25,11
7,25,12
7,25,13
7,25,14
7,26,1
7,26,2
7,27,1
7,27,2
7,28,1
7,28,2
7,29,1
7,30,1
7,31,1
7,32,1
7,33,1
7,34,1
7,35,1
7,36,1
7,37,1
7,37,2
7,38,1
7,38,2
7,39,1
7,40,1
7,41,1
7,42,1
7,43,1
7,44,1
7,45,1
7,46,1
7,47,1
7,48,1
7,49,1
7,50,1
7,50,2
7,51,1
7,51,2
7,52,1
7,52,2
7,53,1
7,53,2
7,54,1
7,55,1
7,56,1
7,57,1
7,58,1
7,59,1
7,60,1
7,61,1
7,62,1
7,63,1
7,64,1
7,65,1
7,65,2
7,66,1
7,67,1
7,68,1
7,69,1
7,70,1
7,71,1
7,72,1
7,73,1
7,74,1
7,74,2
7,75,1
7,75,2
7,76,1
7,76,2
7,77,1
7,78,1
7,79,1
7,80,1
7,80,2
7,81,1
7,82,1
7,83,1
7,84,1
7,85,1
7,86,1
7,87,1
7,88,1
7,88,2
7,89,1
7,89,2
7,90,1
7,91,1
7,92,1
7,93,1
7,94,1
7,94,2
7,95,1
7,96,1
7,97,1
7,98,1
7,99,1
7,100,1
7,101,1
7,102,1
7,103,1
7,103,2
7,104,1
7,105,1
7,105,2
7,106,1
7,107,1
7,108,1
7,109,1
7,110,1
7,111,1
7,112,1
7,113,1
7,114,1
7,115,1
7,115,2
7,116,1
7,117,1
7,118,1
7,119,1
7,120,1
7,121,1
7,122,1
7,123,1
7,124,1
7,125,1
7,126,1
7,127,1
7,127,2
7,128,1
7,129,1
7,130,1
7,130,2
7,131,1
7,132,1
7,133,1
7,134,1
7,135,1
7,136,1
7,137,1
7,138,1
7,139,1
7,140,1
7,141,1
7,142,1
7,142,2
7,143,1
7,144,1
7,145,1
7,146,1
7,147,1
7,148,1
7,149,1
7,150,1
7,150,2
7,150,3
7,151,1
7,152,1
7,153,1
7,154,1
7,155,1
7,156,1
7,157,1
7,158,1
7,159,1
7,160,1
7,161,1
7,162,1
7,163,1
7,164,1
7,165,1
7,166,1
7,167,1
7,168,1
7,169,1
7,170,1
7,171,1
7,172,1
7,173,1
7,174,1
7,175,1
7,176,1
7,177,1
7,178,1
7,179,1
7,180,1
7,181,1
7,181,2
7,182,1
7,183,1
7,184,1
7,185,1
7,186,1
7,187,1
7,188,1
7,189,1
7,190,1
7,191,1
7,192,1
7,193,1
7,194,1
7,195,1
7,196,1
7,197,1
7,198,1
7,199,1
7,200,1
7,201,1
7,201,2
7,201,3
7,201,4
7,201,5
7,201,6
7,201,7
7,201,8
7,201,9
7,201,10
7,201,11
7,201,12
7,201,13
7,201,14
7,201,15
7,201,16
7,201,17
7,201,18
7,201,19
7,201,20
7,201,21
7,201,22
7,201,23
7,201,24
7,201,25
7,201,26
7,201,27
7,201,28
7,202,1
7,203,1
7,204,1
7,205,1
7,206,1
7,207,1
7,208,1
7,208,2
7,209,1
7,210,1
7,211,1
7,212,1
7,212,2
7,213,1
7,214,1
7,214,2
7,215,1
7,216,1
7,217,1
7,218,1
7,219,1
7,220,1
7,221,1
7,222,1
7,223,1
7,224,1
7,225,1
7,226,1
7,227,1
7,228,1
7,229,1
7,229,2
7,230,1
7,231,1
7,232,1
7,233,1
7,234,1
7,235,1
7,236,1
7,237,1
7,238,1
7,239,1
7,240,1
7,241,1
7,242,1
7,243,1
7,244,1
7,245,1
7,246,1
7,247,1
7,248,1
7,248,2
7,249,1
7,250,1
7,251,1
7,252,1
7,253,1
7,254,1
7,254,2
7,255,1
7,256,1
7,257,1
7,257,2
7,258,1
7,259,1
7,260,1
7,260,2
7,261,1
7,262,1
7,263,1
7,264,1
7,265,1
7,266,1
7,267,1
7,268,1
7,269,1
7,270,1
7,271,1
7,272,1
7,273,1
7,274,1
7,275,1
7,276,1
7,277,1
7,278,1
7,279,1
7,280,1
7,281,1
7,282,1
7,282,2
7,283,1
7,284,1
7,285,1
7,286,1
7,287,1
7,288,1
7,289,1
7,290,1
7,291,1
7,292,1
7,293,1
7,294,1
7,295,1
7,296,1
7,297,1
7,298,1
7,299,1
7,300,1
7,301,1
7,302,1
7,302,2
7,303,1
7,303,2
7,304,1
7,305,1
7,306,1
7,306,2
7,307,1
7,308,1
7,308,2
7,309,1
7,310,1
7,310,2
7,311,1
7,312,1
7,313,1
7,314,1
7,315,1
7,316,1
7,317,1
7,318,1
7,319,1
7,319,2
7,320,1
7,321,1
7,322,1
7,323,1
7,323,2
7,324,1
7,325,1
7,326,1
7,327,1
7,328,1
7,329,1
7,330,1
7,331,1
7,332,1
7,333,1
7,334,1
7,334,2
7,335,1
7,336,1
7,337,1
7,338,1
7,339,1
7,340,1
7,341,1
7,342,1
7,343,1
7,344,1
7,345,1
7,346,1
7,347,1
7,348,1
7,349,1
7,350,1
7,351,1
7,351,2
7,351,3
7,351,4
7,352,1
7,353,1
7,354,1
7,354,2
7,355,1
7,356,1
7,357,1
7,358,1
7,359,1
7,359,2
7,360,1
7,361,1
7,362,1
7,362,2
7,363,1
7,364,1
7,365,1
7,366,1
7,367,1
7,368,1
7,369,1
7,370,1
7,371,1
7,372,1
7,373,1
7,373,2
7,374,1
7,375,1
7,376,1
7,376,2
7,377,1
7,378,1
7,379,1
7,380,1
7,380,2
7,381,1
7,381,2
7,382,1
7,382,2
7,383,1
7,383,2
7,384,1
7,384,2
7,385,1
7,386,1
7,386,2
7,386,3
7,386,4
7,387,1
7,388,1
7,389,1
7,390,1
7,391,1
7,392,1
7,393,1
7,394,1
7,395,1
7,396,1
7,397,1
7,398,1
7,399,1
7,400,1
7,401,1
7,402,1
7,403,1
7,404,1
7,405,1
7,406,1
7,407,1
7,408,1
7,409,1
7,410,1
7,411,1
7,412,1
7,412,2
7,412,3
7,413,1
7,413,2
7,413,3
7,414,1
7,415,1
7,416,1
7,417,1
7,418,1
7,419,1
7,420,1
7,421,1
7,421,2
7,422,1
7,422,2
7,423,1
7,423,2
7,424,1
7,425,1
7,426,1
7,427,1
7,428,1
7,428,2
7,429,1
7,430,1
7,431,1
7,432,1
7,433,1
7,434,1
7,435,1
7,436,1
7,437,1
7,438,1
7,439,1
7,440,1
7,441,1
7,442,1
7,443,1
7,444,1
7,445,1
7,445,2
7,446,1
7,447,1
7,448,1
7,448,2
7,449,1
7,450,1
7,451,1
7,452,1
7,453,1
7,454,1
7,455,1
7,456,1
7,457,1
7,458,1
7,459,1
7,460,1
7,460,2
7,461,1
7,462,1
7,463,1
7,464,1
7,465,1
7,466,1
7,467,1
7,468,1
7,469,1
7,470,1
7,471,1
7,472,1
7,473,1
7,474,1
7,475,1
7,475,2
7,476,1
7,477,1
7,478,1
7,479,1
7,479,2
7,479,3
7,479,4
7,479,5
7,479,6
7,480,1
7,481,1
7,482,1
7,483,1
7,484,1
7,485,1
7,486,1
7,487,1
7,487,2
7,488,1
7,489,1
7,490,1
7,491,1
7,492,1
7,492,2
7,493,1
7,493,2
7,493,3
7,493,4
7,493,5
7,493,6
7,493,7
7,493,8
7,493,9
7,493,10
7,493,11
7,493,12
7,493,13
7,493,14
7,493,15
7,493,16
7,493,17
7,493,18
7,494,1
7,495,1
7,496,1
7,497,1
7,498,1
7,499,1
7,500,1
7,501,1
7,502,1
7,503,1
7,504,1
7,505,1
7,506,1
7,507,1
7,508,1
7,509,1
7,510,1
7,511,1
7,512,1
7,513,1
7,514,1
7,515,1
7,516,1
7,517,1
7,518,1
7,519,1
7,520,1
7,521,1
7,522,1
7,523,1
7,524,1
7,525,1
7,526,1
7,527,1
7,528,1
7,529,1
7,530,1
7,531,1
7,531,2
7,532,1
7,533,1
7,534,1
7,535,1
7,536,1
7,537,1
7,538,1
7,539,1
7,540,1
7,541,1
7,542,1
7,543,1
7,544,1
7,545,1
7,546,1
7,547,1
7,548,1
7,549,1
7,550,1
7,550,2
7,551,1
7,552,1
7,553,1
7,554,1
7,555,1
7,555,2
7,556,1
7,557,1
7,558,1
7,559,1
7,560,1
7,561,1
7,562,1
7,563,1
7,564,1
7,565,1
7,566,1
7,567,1
7,568,1
7,569,1
7,570,1
7,571,1
7,572,1
7,573,1
7,574,1
7,575,1
7,576,1
7,577,1
7,578,1
7,579,1
7,580,1
7,581,1
7,582,1
7,583,1
7,584,1
7,585,1
7,585,2
7,585,3
7,585,4
7,586,1
7,586,2
7,586,3
7,586,4
7,587,1
7,588,1
7,589,1
7,590,1
7,591,1
7,592,1
7,593,1
7,594,1
7,595,1
7,596,1
7,597,1
7,598,1
7,599,1
7,600,1
7,601,1
7,602,1
7,603,1
7,604,1
7,605,1
7,606,1
7,607,1
7,608,1
7,609,1
7,610,1
7,611,1
7,612,1
7,613,1
7,614,1
7,615,1
7,616,1
7,617,1
7,618,1
7,619,1
7,620,1
7,621,1
7,622,1
7,623,1
7,624,1
7,625,1
7,626,1
7,627,1
7,628,1
7,629,1
7,630,1
7,631,1
7,632,1
7,633,1
7,634,1
7,635,1
7,636,1
7,637,1
7,638,1
7,639,1
7,640,1
7,641,1
7,641,2
7,642,1
7,642,2
7,643,1
7,644,1
7,645,1
7,645,2
7,646,1
7,646,2
7,646,3
7,647,1
7,647,2
7,648,1
7,648,2
7,649,1
7,649,2
7,649,3
7,649,4
7,649,5
7,650,1
7,651,1
7,652,1
7,653,1
7,654,1
7,655,1
7,656,1
7,657,1
7,658,1
7,658,2
7,659,1
7,660,1
7,661,1
7,662,1
7,663,1
7,664,1
7,665,1
7,666,1
7,666,2
7,666,3
7,666,4
7,666,5
7,666,6
7,666,7
7,666,8
7,666,9
7,666,10
7,666,11
7,666,12
7,666,13
7,666,14
7,666,15
7,666,16
7,666,17
7,666,18
7,666,19
7,666,20
7,667,1
7,668,1
7,669,1
7,669,2
7,669,3
7,669,4
7,669,5
7,670,1
7,670,2
7,670,3
7,670,4
7,670,5
7,670,6
7,671,1
7,671,2
7,671,3
7,671,4
7,671,5
7,672,1
7,673,1
7,674,1
7,675,1
7,676,1
7,676,2
7,676,3
7,676,4
7,676,5
7,676,6
7,676,7
7,676,8
7,676,9
7,676,10
7,677,1
7,678,1
7,678,2
7,679,1
7,680,1
7,681,1
7,681,2
7,682,1
7,683,1
7,684,1
7,685,1
7,686,1
7,687,1
7,688,1
7,689,1
7,690,1
7,691,1
7,692,1
7,693,1
7,694,1
7,695,1
7,696,1
7,697,1
7,698,1
7,699,1
7,700,1
7,701,1
7,702,1
7,703,1
7,704,1
7,705,1
7,706,1
7,707,1
7,708,1
7,709,1
7,710,1
7,710,2
7,710,3
7,710,4
7,711,1
7,711,2
7,711,3
7,711,4
7,712,1
7,713,1
7,714,1
7,715,1
7,716,1
7,716,2
7,717,1
7,718,1
7,718,2
7,718,3
7,719,1
7,719,2
7,720,1
7,720,2
7,721,1
7,722,1
7,723,1
7,724,1
7,725,1
7,726,1
7,727,1
7,728,1
7,729,1
7,730,1
7,731,1
7,732,1
7,733,1
7,734,1
7,735,1
7,736,1
7,737,1
7,738,1
7,739,1
7,740,1
7,741,1
7,741,2
7,741,3
7,741,4
7,742,1
7,743,1
7,744,1
7,745,1
7,745,2
7,745,3
7,746,1
7,746,2
7,747,1
7,748,1
7,749,1
7,750,1
7,751,1
7,752,1
7,753,1
7,754,1
7,755,1
7,756,1
7,757,1
7,758,1
7,759,1
7,760,1
7,761,1
7,762,1
7,763,1
7,764,1
7,765,1
7,766,1
7,767,1
7,768,1
7,769,1
7,770,1
7,771,1
7,772,1
7,773,1
7,773,2
7,773,3
7,773,4
7,773,5
7,773,6
7,773,7
7,773,8
7,773,9
7,773,10
7,773,11
7,773,12
7,773,13
7,773,14
7,773,15
7,773,16
7,773,17
7,773,18
7,774,1
7,774,2
7,774,3
7,774,4
7,774,5
7,774,6
7,774,7
7,774,8
7,775,1
7,776,1
7,777,1
7,778,1
7,778,2
7,779,1
7,780,1
7,781,1
7,782,1
7,783,1
7,784,1
7,785,1
7,786,1
7,787,1
7,788,1
7,789,1
7,790,1
7,791,1
7,792,1
7,793,1
7,794,1
7,795,1
7,796,1
7,797,1
7,798,1
7,799,1
7,800,1
7,800,2
7,800,3
7,800,4
7,801,1
7,801,2
7,802,1
7,803,1
7,804,1
7,805,1
7,806,1
7,807,1
