generation_id,pokemon_id
1,1
1,2
1,3
1,4
1,5
1,6
1,7
1,8
1,9
1,10
1,11
1,12
1,13
1,14
1,15
1,16
1,17
1,18
1,19
1,20
1,21
1,22
1,23
1,24
1,25
1,26
1,27
1,28
1,29
1,30
1,31
1,32
1,33
1,34
1,35
1,36
1,37
1,38
1,39
1,40
1,41
1,42
1,43
1,44
1,45
1,46
1,47
1,48
1,49
1,50
1,51
1,52
1,53
1,54
1,55
1,56
1,57
1,58
1,59
1,60
1,61
1,62
1,63
1,64
1,65
1,66
1,67
1,68
1,69
1,70
1,71
1,72
1,73
1,74
1,75
1,76
1,77
1,78
1,79
1,80
1,81
1,82
1,83
1,84
1,85
1,86
1,87
1,88
1,89
1,90
1,91
1,92
1,93
1,94
1,95
1,96
1,97
1,98
1,99
1,100
1,101
1,102
1,103
1,104
1,105
1,106
1,107
1,108
1,109
1,110
1,111
1,112
1,113
1,114
1,115
1,116
1,117
1,118
1,119
1,120
1,121
1,122
1,123
1,124
1,125
1,126
1,127
1,128
1,129
1,130
1,131
1,132
1,133
1,134
1,135
1,136
1,137
1,138
1,139
1,140
1,141
1,142
1,143
1,144
1,145
1,146
1,147
1,148
1,149
1,150
1,151
2,1
2,2
2,3
2,4
2,5
2,6
2,7
2,8
2,9
2,10
2,11
2,12
2,13
2,14
2,15
2,16
2,17
2,18
2,19
2,20
2,21
2,22
2,23
2,24
2,25
2,26
2,27
2,28
2,29
2,30
2,31
2,32
2,33
2,34
2,35
2,36
2,37
2,38
2,39
2,40
2,41
2,42
2,43
2,44
2,45
2,46
2,47
2,48
2,49
2,50
2,51
2,52
2,53
2,54
2,55
2,56
2,57
2,58
2,59
2,60
2,61
2,62
2,63
2,64
2,65
2,66
2,67
2,68
2,69
2,70
2,71
2,72
2,73
2,74
2,75
2,76
2,77
2,78
2,79
2,80
2,81
2,82
2,83
2,84
2,85
2,86
2,87
2,88
2,89
2,90
2,91
2,92
2,93
2,94
2,95
2,96
2,97
2,98
2,99
2,100
2,101
2,102
2,103
2,104
2,105
2,106
2,107
2,108
2,109
2,110
2,111
2,112
2,113
2,114
2,115
2,116
2,117
2,118
2,119
2,120
2,121
2,122
2,123
2,124
2,125
2,126
2,127
2,128
2,129
2,130
2,131
2,132
2,133
2,134
2,135
2,136
2,137
2,138
2,139
2,140
2,141
2,142
2,143
2,144
2,145
2,146
2,147
2,148
2,149
2,150
2,151
2,152
2,153
2,154
2,155
2,156
2,157
2,158
2,159
2,160
2,161
2,162
2,163
2,164
2,165
2,166
2,167
2,168
2,169
2,170
2,171
2,172
2,173
2,174
2,175
2,176
2,177
2,178
2,179
2,180
2,181
2,182
2,183
2,184
2,185
2,186
2,187
2,188
2,189
2,190
2,191
2,192
2,193
2,194
2,195
2,196
2,197
2,198
2,199
2,200
2,201
2,202
2,203
2,204
2,205
2,206
2,207
2,208
2,209
2,210
2,211
2,212
2,213
2,214
2,215
2,216
2,217
2,218
2,219
2,220
2,221
2,222
2,223
2,224
2,225
2,226
2,227
2,228
2,229
2,230
2,231
2,232
2,233
2,234
2,235
2,236
2,237
2,238
2,239
2,240
2,241
2,242
2,243
2,244
2,245
2,246
2,247
2,248
2,249
2,250
2,251
3,1
3,2
3,3
3,4
3,5
3,6
3,7
3,8
3,9
3,10
3,11
3,12
3,13
3,14
3,15
3,16
3,17
3,18
3,19
3,20
3,21
3,22
3,23
3,24
3,25
3,26
3,27
3,28
3,29
3,30
3,31
3,32
3,33
3,34
3,35
3,36
3,37
3,38
3,39
3,40
3,41
3,42
3,43
3,44
3,45
3,46
3,47
3,48
3,49
3,50
3,51
3,52
3,53
3,54
3,55
3,56
3,57
3,58
3,59
3,60
3,61
3,62
3,63
3,64
3,65
3,66
3,67
3,68
3,69
3,70
3,71
3,72
3,73
3,74
3,75
3,76
3,77
3,78
3,79
3,80
3,81
3,82
3,83
3,84
3,85
3,86
3,87
3,88
3,89
3,90
3,91
3,92
3,93
3,94
3,95
3,96
3,97
3,98
3,99
3,100
3,101
3,102
3,103
3,104
3,105
3,106
3,107
3,108
3,109
3,110
3,111
3,112
3,113
3,114
3,115
3,116
3,117
3,118
3,119
3,120
3,121
3,122
3,123
3,124
3,125
3,126
3,127
3,128
3,129
3,130
3,131
3,132
3,133
3,134
3,135
3,136
3,137
3,138
3,139
3,140
3,141
3,142
3,143
3,144
3,145
3,146
3,147
3,148
3,149
3,150
3,151
3,152
3,153
3,154
3,155
3,156
3,157
3,158
3,159
3,160
3,161
3,162
3,163
3,164
3,165
3,166
3,167
3,168
3,169
3,170
3,171
3,172
3,173
3,174
3,175
3,176
3,177
3,178
3,179
3,180
3,181
3,182
3,183
3,184
3,185
3,186
3,187
3,188
3,189
3,190
3,191
3,192
3,193
3,194
3,195
3,196
3,197
3,198
3,199
3,200
3,201
3,202
3,203
3,204
3,205
3,206
3,207
3,208
3,209
3,210
3,211
3,212
3,213
3,214
3,215
3,216
3,217
3,218
3,219
3,220
3,221
3,222
3,223
3,224
3,225
3,226
3,227
3,228
3,229
3,230
3,231
3,232
3,233
3,234
3,235
3,236
3,237
3,238
3,239
3,240
3,241
3,242
3,243
3,244
3,245
3,246
3,247
3,248
3,249
3,250
3,251
3,252
3,253
3,254
3,255
3,256
3,257
3,258
3,259
3,260
3,261
3,262
3,263
3,264
3,265
3,266
3,267
3,268
3,269
3,270
3,271
3,272
3,273
3,274
3,275
3,276
3,277
3,278
3,279
3,280
3,281
3,282
3,283
3,284
3,285
3,286
3,287
3,288
3,289
3,290
3,291
3,292
3,293
3,294
3,295
3,296
3,297
3,298
3,299
3,300
3,301
3,302
3,303
3,304
3,305
3,306
3,307
3,308
3,309
3,310
3,311
3,312
3,313
3,314
3,315
3,316
3,317
3,318
3,319
3,320
3,321
3,322
3,323
3,324
3,325
3,326
3,327
3,328
3,329
3,330
3,331
3,332
3,333
3,334
3,335
3,336
3,337
3,338
3,339
3,340
3,341
3,342
3,343
3,344
3,345
3,346
3,347
3,348
3,349
3,350
3,351
3,352
3,353
3,354
3,355
3,356
3,357
3,358
3,359
3,360
3,361
3,362
3,363
3,364
3,365
3,366
3,367
3,368
3,369
3,370
3,371
3,372
3,373
3,374
3,375
3,376
3,377
3,378
3,379
3,380
3,381
3,382
3,383
3,384
3,385
3,386
4,1
4,2
4,3
4,4
4,5
4,6
4,7
4,8
4,9
4,10
4,11
4,12
4,13
4,14
4,15
4,16
4,17
4,18
4,19
4,20
4,21
4,22
4,23
4,24
4,25
4,26
4,27
4,28
4,29
4,30
4,31
4,32
4,33
4,34
4,35
4,36
4,37
4,38
4,39
4,40
4,41
4,42
4,43
4,44
4,45
4,46
4,47
4,48
4,49
4,50
4,51
4,52
4,53
4,54
4,55
4,56
4,57
4,58
4,59
4,60
4,61
4,62
4,63
4,64
4,65
4,66
4,67
4,68
4,69
4,70
4,71
4,72
4,73
4,74
4,75
4,76
4,77
4,78
4,79
4,80
4,81
4,82
4,83
4,84
4,85
4,86
4,87
4,88
4,89
4,90
4,91
4,92
4,93
4,94
4,95
4,96
4,97
4,98
4,99
4,100
4,101
4,102
4,103
4,104
4,105
4,106
4,107
4,108
4,109
4,110
4,111
4,112
4,113
4,114
4,115
4,116
4,117
4,118
4,119
4,120
4,121
4,122
4,123
4,124
4,125
4,126
4,127
4,128
4,129
4,130
4,131
4,132
4,133
4,134
4,135
4,136
4,137
4,138
4,139
4,140
4,141
4,142
4,143
4,144
4,145
4,146
4,147
4,148
4,149
4,150
4,151
4,152
4,153
4,154
4,155
4,156
4,157
4,158
4,159
4,160
4,161
4,162
4,163
4,164
4,165
4,166
4,167
4,168
4,169
4,170
4,171
4,172
4,173
4,174
4,175
4,176
4,177
4,178
4,179
4,180
4,181
4,182
4,183
4,184
4,185
4,186
4,187
4,188
4,189
4,190
4,191
4,192
4,193
4,194
4,195
4,196
4,197
4,198
4,199
4,200
4,201
4,202
4,203
4,204
4,205
4,206
4,207
4,208
4,209
4,210
4,211
4,212
4,213
4,214
4,215
4,216
4,217
4,218
4,219
4,220
4,221
4,222
4,223
4,224
4,225
4,226
4,227
4,228
4,229
4,230
4,231
4,232
4,233
4,234
4,235
4,236
4,237
4,238
4,239
4,240
4,241
4,242
4,243
4,244
4,245
4,246
4,247
4,248
4,249
4,250
4,251
4,252
4,253
4,254
4,255
4,256
4,257
4,258
4,259
4,260
4,261
4,262
4,263
4,264
4,265
4,266
4,267
4,268
4,269
4,270
4,271
4,272
4,273
4,274
4,275
4,276
4,277
4,278
4,279
4,280
4,281
4,282
4,283
4,284
4,285
4,286
4,287
4,288
4,289
4,290
4,291
4,292
4,293
4,294
4,295
4,296
4,297
4,298
4,299
4,300
4,301
4,302
4,303
4,304
4,305
4,306
4,307
4,308
4,309
4,310
4,311
4,312
4,313
4,314
4,315
4,316
4,317
4,318
4,319
4,320
4,321
4,322
4,323
4,324
4,325
4,326
4,327
4,328
4,329
4,330
4,331
4,332
4,333
4,334
4,335
4,336
4,337
4,338
4,339
4,340
4,341
4,342
4,343
4,344
4,345
4,346
4,347
4,348
4,349
4,350
4,351
4,352
4,353
4,354
4,355
4,356
4,357
4,358
4,359
4,360
4,361
4,362
4,363
4,364
4,365
4,366
4,367
4,368
4,369
4,370
4,371
4,372
4,373
4,374
4,375
4,376
4,377
4,378
4,379
4,380
4,381
4,382
4,383
4,384
4,385
4,386
4,387
4,388
4,389
4,390
4,391
4,392
4,393
4,394
4,395
4,396
4,397
4,398
4,399
4,400
4,401
4,402
4,403
4,404
4,405
4,406
4,407
4,408
4,409
4,410
4,411
4,412
4,413
4,414
4,415
4,416
4,417
4,418
4,419
4,420
4,421
4,422
4,423
4,424
4,425
4,426
4,427
4,428
4,429
4,430
4,431
4,432
4,433
4,434
4,435
4,436
4,437
4,438
4,439
4,440
4,441
4,442
4,443
4,444
4,445
4,446
4,447
4,448
4,449
4,450
4,451
4,452
4,453
4,454
4,455
4,456
4,457
4,458
4,459
4,460
4,461
4,462
4,463
4,464
4,465
4,466
4,467
4,468
4,469
4,470
4,471
4,472
4,473
4,474
4,475
4,476
4,477
4,478
4,479
4,480
4,481
4,482
4,483
4,484
4,485
4,486
4,487
4,488
4,489
4,490
4,491
4,492
4,493
5,1
5,2
5,3
5,4
5,5
5,6
5,7
5,8
5,9
5,10
5,11
5,12
5,13
5,14
5,15
5,16
5,17
5,18
5,19
5,20
5,21
5,22
5,23
5,24
5,25
5,26
5,27
5,28
5,29
5,30
5,31
5,32
5,33
5,34
5,35
5,36
5,37
5,38
5,39
5,40
5,41
5,42
5,43
5,44
5,45
5,46
5,47
5,48
5,49
5,50
5,51
5,52
5,53
5,54
5,55
5,56
5,57
5,58
5,59
5,60
5,61
5,62
5,63
5,64
5,65
5,66
5,67
5,68
5,69
5,70
5,71
5,72
5,73
5,74
5,75
5,76
5,77
5,78
5,79
5,80
5,81
5,82
5,83
5,84
5,85
5,86
5,87
5,88
5,89
5,90
5,91
5,92
5,93
5,94
5,95
5,96
5,97
5,98
5,99
5,100
5,101
5,102
5,103
5,104
5,105
5,106
5,107
5,108
5,109
5,110
5,111
5,112
5,113
5,114
5,115
5,116
5,117
5,118
5,119
5,120
5,121
5,122
5,123
5,124
5,125
5,126
5,127
5,128
5,129
5,130
5,131
5,132
5,133
5,134
5,135
5,136
5,137
5,138
5,139
5,140
5,141
5,142
5,143
5,144
5,145
5,146
5,147
5,148
5,149
5,150
5,151
5,152
5,153
5,154
5,155
5,156
5,157
5,158
5,159
5,160
5,161
5,162
5,163
5,164
5,165
5,166
5,167
5,168
5,169
5,170
5,171
5,172
5,173
5,174
5,175
5,176
5,177
5,178
5,179
5,180
5,181
5,182
5,183
5,184
5,185
5,186
5,187
5,188
5,189
5,190
5,191
5,192
5,193
5,194
5,195
5,196
5,197
5,198
5,199
5,200
5,201
5,202
5,203
5,204
5,205
5,206
5,207
5,208
5,209
5,210
5,211
5,212
5,213
5,214
5,215
5,216
5,217
5,218
5,219
5,220
5,221
5,222
5,223
5,224
5,225
5,226
5,227
5,228
5,229
5,230
5,231
5,232
5,233
5,234
5,235
5,236
5,237
5,238
5,239
5,240
5,241
5,242
5,243
5,244
5,245
5,246
5,247
5,248
5,249
5,250
5,251
5,252
5,253
5,254
5,255
5,256
5,257
5,258
5,259
5,260
5,261
5,262
5,263
5,264
5,265
5,266
5,267
5,268
5,269
5,270
5,271
5,272
5,273
5,274
5,275
5,276
5,277
5,278
5,279
5,280
5,281
5,282
5,283
5,284
5,285
5,286
5,287
5,288
5,289
5,290
5,291
5,292
5,293
5,294
5,295
5,296
5,297
5,298
5,299
5,300
5,301
5,302
5,303
5,304
5,305
5,306
5,307
5,308
5,309
5,310
5,311
5,312
5,313
5,314
5,315
5,316
5,317
5,318
5,319
5,320
5,321
5,322
5,323
5,324
5,325
5,326
5,327
5,328
5,329
5,330
5,331
5,332
5,333
5,334
5,335
5,336
5,337
5,338
5,339
5,340
5,341
5,342
5,343
5,344
5,345
5,346
5,347
5,348
5,349
5,350
5,351
5,352
5,353
5,354
5,355
5,356
5,357
5,358
5,359
5,360
5,361
5,362
5,363
5,364
5,365
5,366
5,367
5,368
5,369
5,370
5,371
5,372
5,373
5,374
5,375
5,376
5,377
5,378
5,379
5,380
5,381
5,382
5,383
5,384
5,385
5,386
5,387
5,388
5,389
5,390
5,391
5,392
5,393
5,394
5,395
5,396
5,397
5,398
5,399
5,400
5,401
5,402
5,403
5,404
5,405
5,406
5,407
5,408
5,409
5,410
5,411
5,412
5,413
5,414
5,415
5,416
5,417
5,418
5,419
5,420
5,421
5,422
5,423
5,424
5,425
5,426
5,427
5,428
5,429
5,430
5,431
5,432
5,433
5,434
5,435
5,436
5,437
5,438
5,439
5,440
5,441
5,442
5,443
5,444
5,445
5,446
5,447
5,448
5,449
5,450
5,451
5,452
5,453
5,454
5,455
5,456
5,457
5,458
5,459
5,460
5,461
5,462
5,463
5,464
5,465
5,466
5,467
5,468
5,469
5,470
5,471
5,472
5,473
5,474
5,475
5,476
5,477
5,478
5,479
5,480
5,481
5,482
5,483
5,484
5,485
5,486
5,487
5,488
5,489
5,490
5,491
5,492
5,493
5,494
5,495
5,496
5,497
5,498
5,499
5,500
5,501
5,502
5,503
5,504
5,505
5,506
5,507
5,508
5,509
5,510
5,511
5,512
5,513
5,514
5,515
5,516
5,517
5,518
5,519
5,520
5,521
5,522
5,523
5,524
5,525
5,526
5,527
5,528
5,529
5,530
5,531
5,532
5,533
5,534
5,535
5,536
5,537
5,538
5,539
5,540
5,541
5,542
5,543
5,544
5,545
5,546
5,547
5,548
5,549
5,550
5,551
5,552
5,553
5,554
5,555
5,556
5,557
5,558
5,559
5,560
5,561
5,562
5,563
5,564
5,565
5,566
5,567
5,568
5,569
5,570
5,571
5,572
5,573
5,574
5,575
5,576
5,577
5,578
5,579
5,580
5,581
5,582
5,583
5,584
5,585
5,586
5,587
5,588
5,589
5,590
5,591
5,592
5,593
5,594
5,595
5,596
5,597
5,598
5,599
5,600
5,601
5,602
5,603
5,604
5,605
5,606
5,607
5,608
5,609
5,610
5,611
5,612
5,613
5,614
5,615
5,616
5,617
5,618
5,619
5,620
5,621
5,622
5,623
5,624
5,625
5,626
5,627
5,628
5,629
5,630
5,631
5,632
5,633
5,634
5,635
5,636
5,637
5,638
5,639
5,640
5,641
5,642
5,643
5,644
5,645
5,646
5,647
5,648
5,649
6,1
6,2
6,3
6,4
6,5
6,6
6,7
6,8
6,9
6,10
6,11
6,12
6,13
6,14
6,15
6,16
6,17
6,18
6,19
6,20
6,21
6,22
6,23
6,24
6,25
6,26
6,27
6,28
6,29
6,30
6,31
6,32
6,33
6,34
6,35
6,36
6,37
6,38
6,39
6,40
6,41
6,42
6,43
6,44
6,45
6,46
6,47
6,48
6,49
6,50
6,51
6,52
6,53
6,54
6,55
6,56
6,57
6,58
6,59
6,60
6,61
6,62
6,63
6,64
6,65
6,66
6,67
6,68
6,69
6,70
6,71
6,72
6,73
6,74
6,75
6,76
6,77
6,78
6,79
6,80
6,81
6,82
6,83
6,84
6,85
6,86
6,87
6,88
6,89
6,90
6,91
6,92
6,93
6,94
6,95
6,96
6,97
6,98
6,99
6,100
6,101
6,102
6,103
6,104
6,105
6,106
6,107
6,108
6,109
6,110
6,111
6,112
6,113
6,114
6,115
6,116
6,117
6,118
6,119
6,120
6,121
6,122
6,123
6,124
6,125
6,126
6,127
6,128
6,129
6,130
6,131
6,132
6,133
6,134
6,135
6,136
6,137
6,138
6,139
6,140
6,141
6,142
6,143
6,144
6,145
6,146
6,147
6,148
6,149
6,150
6,151
6,152
6,153
6,154
6,155
6,156
6,157
6,158
6,159
6,160
6,161
6,162
6,163
6,164
6,165
6,166
6,167
6,168
6,169
6,170
6,171
6,172
6,173
6,174
6,175
6,176
6,177
6,178
6,179
6,180
6,181
6,182
6,183
6,184
6,185
6,186
6,187
6,188
6,189
6,190
6,191
6,192
6,193
6,194
6,195
6,196
6,197
6,198
6,199
6,200
6,201
6,202
6,203
6,204
6,205
6,206
6,207
6,208
6,209
6,210
6,211
6,212
6,213
6,214
6,215
6,216
6,217
6,218
6,219
6,220
6,221
6,222
6,223
6,224
6,225
6,226
6,227
6,228
6,229
6,230
6,231
6,232
6,233
6,234
6,235
6,236
6,237
6,238
6,239
6,240
6,241
6,242
6,243
6,244
6,245
6,246
6,247
6,248
6,249
6,250
6,251
6,252
6,253
6,254
6,255
6,256
6,257
6,258
6,259
6,260
6,261
6,262
6,263
6,264
6,265
6,266
6,267
6,268
6,269
6,270
6,271
6,272
6,273
6,274
6,275
6,276
6,277
6,278
6,279
6,280
6,281
6,282
6,283
6,284
6,285
6,286
6,287
6,288
6,289
6,290
6,291
6,292
6,293
6,294
6,295
6,296
6,297
6,298
6,299
6,300
6,301
6,302
6,303
6,304
6,305
6,306
6,307
6,308
6,309
6,310
6,311
6,312
6,313
6,314
6,315
6,316
6,317
6,318
6,319
6,320
6,321
6,322
6,323
6,324
6,325
6,326
6,327
6,328
6,329
6,330
6,331
6,332
6,333
6,334
6,335
6,336
6,337
6,338
6,339
6,340
6,341
6,342
6,343
6,344
6,345
6,346
6,347
6,348
6,349
6,350
6,351
6,352
6,353
6,354
6,355
6,356
6,357
6,358
6,359
6,360
6,361
6,362
6,363
6,364
6,365
6,366
6,367
6,368
6,369
6,370
6,371
6,372
6,373
6,374
6,375
6,376
6,377
6,378
6,379
6,380
6,381
6,382
6,383
6,384
6,385
6,386
6,387
6,388
6,389
6,390
6,391
6,392
6,393
6,394
6,395
6,396
6,397
6,398
6,399
6,400
6,401
6,402
6,403
6,404
6,405
6,406
6,407
6,408
6,409
6,410
6,411
6,412
6,413
6,414
6,415
6,416
6,417
6,418
6,419
6,420
6,421
6,422
6,423
6,424
6,425
6,426
6,427
6,428
6,429
6,430
6,431
6,432
6,433
6,434
6,435
6,436
6,437
6,438
6,439
6,440
6,441
6,442
6,443
6,444
6,445
6,446
6,447
6,448
6,449
6,450
6,451
6,452
6,453
6,454
6,455
6,456
6,457
6,458
6,459
6,460
6,461
6,462
6,463
6,464
6,465
6,466
6,467
6,468
6,469
6,470
6,471
6,472
6,473
6,474
6,475
6,476
6,477
6,478
6,479
6,480
6,481
6,482
6,483
6,484
6,485
6,486
6,487
6,488
6,489
6,490
6,491
6,492
6,493
6,494
6,495
6,496
6,497
6,498
6,499
6,500
6,501
6,502
6,503
6,504
6,505
6,506
6,507
6,508
6,509
6,510
6,511
6,512
6,513
6,514
6,515
6,516
6,517
6,518
6,519
6,520
6,521
6,522
6,523
6,524
6,525
6,526
6,527
6,528
6,529
6,530
6,531
6,532
6,533
6,534
6,535
6,536
6,537
6,538
6,539
6,540
6,541
6,542
6,543
6,544
6,545
6,546
6,547
6,548
6,549
6,550
6,551
6,552
6,553
6,554
6,555
6,556
6,557
6,558
6,559
6,560
6,561
6,562
6,563
6,564
6,565
6,566
6,567
6,568
6,569
6,570
6,571
6,572
6,573
6,574
6,575
6,576
6,577
6,578
6,579
6,580
6,581
6,582
6,583
6,584
6,585
6,586
6,587
6,588
6,589
6,590
6,591
6,592
6,593
6,594
6,595
6,596
6,597
6,598
6,599
6,600
6,601
6,602
6,603
6,604
6,605
6,606
6,607
6,608
6,609
6,610
6,611
6,612
6,613
6,614
6,615
6,616
6,617
6,618
6,619
6,620
6,621
6,622
6,623
6,624
6,625
6,626
6,627
6,628
6,629
6,630
6,631
6,632
6,633
6,634
6,635
6,636
6,637
6,638
6,639
6,640
6,641
6,642
6,643
6,644
6,645
6,646
6,647
6,648
6,649
6,650
6,651
6,652
6,653
6,654
6,655
6,656
6,657
6,658
6,659
6,660
6,661
6,662
6,663
6,664
6,665
6,666
6,667
6,668
6,669
6,670
6,671
6,672
6,673
6,674
6,675
6,676
6,677
6,678
6,679
6,680
6,681
6,682
6,683
6,684
6,685
6,686
6,687
6,688
6,689
6,690
6,691
6,692
6,693
6,694
6,695
6,696
6,697
6,698
6,699
6,700
6,701
6,702
6,703
6,704
6,705
6,706
6,707
6,708
6,709
6,710
6,711
6,712
6,713
6,714
6,715
6,716
6,717
6,718
6,719
6,720
6,721
7,1
7,2
7,3
7,4
7,5
7,6
7,7
7,8
7,9
7,10
7,11
7,12
7,13
7,14
7,15
7,16
7,17
7,18
7,19
7,20
7,21
7,22
7,23
7,24
7,25
7,26
7,27
7,28
7,29
7,30
7,31
7,32
7,33
7,34
7,35
7,36
7,37
7,38
7,39
7,40
7,41
7,42
7,43
7,44
7,45
7,46
7,47
7,48
7,49
7,50
7,51
7,52
7,53
7,54
7,55
7,56
7,57
7,58
7,59
7,60
7,61
7,62
7,63
7,64
7,65
7,66
7,67
7,68
7,69
7,70
7,71
7,72
7,73
7,74
7,75
7,76
7,77
7,78
7,79
7,80
7,81
7,82
7,83
7,84
7,85
7,86
7,87
7,88
7,89
7,90
7,91
7,92
7,93
7,94
7,95
7,96
7,97
7,98
7,99
7,100
7,101
7,102
7,103
7,104
7,105
7,106
7,107
7,108
7,109
7,110
7,111
7,112
7,113
7,114
7,115
7,116
7,117
7,118
7,119
7,120
7,121
7,122
7,123
7,124
7,125
7,126
7,127
7,128
7,129
7,130
7,131
7,132
7,133
7,134
7,135
7,136
7,137
7,138
7,139
7,140
7,141
7,142
7,143
7,144
7,145
7,146
7,147
7,148
7,149
7,150
7,151
7,152
7,153
7,154
7,155
7,156
7,157
7,158
7,159
7,160
7,161
7,162
7,163
7,164
7,165
7,166
7,167
7,168
7,169
7,170
7,171
7,172
7,173
7,174
7,175
7,176
7,177
7,178
7,179
7,180
7,181
7,182
7,183
7,184
7,185
7,186
7,187
7,188
7,189
7,190
7,191
7,192
7,193
7,194
7,195
7,196
7,197
7,198
7,199
7,200
7,201
7,202
7,203
7,204
7,205
7,206
7,207
7,208
7,209
7,210
7,211
7,212
7,213
7,214
7,215
7,216
7,217
7,218
7,219
7,220
7,221
7,222
7,223
7,224
7,225
7,226
7,227
7,228
7,229
7,230
7,231
7,232
7,233
7,234
7,235
7,236
7,237
7,238
7,239
7,240
7,241
7,242
7,243
7,244
7,245
7,246
7,247
7,248
7,249
7,250
7,251
7,252
7,253
7,254
7,255
7,256
7,257
7,258
7,259
7,260
7,261
7,262
7,263
7,264
7,265
7,266
7,267
7,268
7,269
7,270
7,271
7,272
7,273
7,274
7,275
7,276
7,277
7,278
7,279
7,280
7,281
7,282
7,283
7,284
7,285
7,286
7,287
7,288
7,289
7,290
7,291
7,292
7,293
7,294
7,295
7,296
7,297
7,298
7,299
7,300
7,301
7,302
7,303
7,304
7,305
7,306
7,307
7,308
7,309
7,310
7,311
7,312
7,313
7,314
7,315
7,316
7,317
7,318
7,319
7,320
7,321
7,322
7,323
7,324
7,325
7,326
7,327
7,328
7,329
7,330
7,331
7,332
7,333
7,334
7,335
7,336
7,337
7,338
7,339
7,340
7,341
7,342
7,343
7,344
7,345
7,346
7,347
7,348
7,349
7,350
7,351
7,352
7,353
7,354
7,355
7,356
7,357
7,358
7,359
7,360
7,361
7,362
7,363
7,364
7,365
7,366
7,367
7,368
7,369
7,370
7,371
7,372
7,373
7,374
7,375
7,376
7,377
7,378
7,379
7,380
7,381
7,382
7,383
7,384
7,385
7,386
7,387
7,388
7,389
7,390
7,391
7,392
7,393
7,394
7,395
7,396
7,397
7,398
7,399
7,400
7,401
7,402
7,403
7,404
7,405
7,406
7,407
7,408
7,409
7,410
7,411
7,412
7,413
7,414
7,415
7,416
7,417
7,418
7,419
7,420
7,421
7,422
7,423
7,424
7,425
7,426
7,427
7,428
7,429
7,430
7,431
7,432
7,433
7,434
7,435
7,436
7,437
7,438
7,439
7,440
7,441
7,442
7,443
7,444
7,445
7,446
7,447
7,448
7,449
7,450
7,451
7,452
7,453
7,454
7,455
7,456
7,457
7,458
7,459
7,460
7,461
7,462
7,463
7,464
7,465
7,466
7,467
7,468
7,469
7,470
7,471
7,472
7,473
7,474
7,475
7,476
7,477
7,478
7,479
7,480
7,481
7,482
7,483
7,484
7,485
7,486
7,487
7,488
7,489
7,490
7,491
7,492
7,493
7,494
7,495
7,496
7,497
7,498
7,499
7,500
7,501
7,502
7,503
7,504
7,505
7,506
7,507
7,508
7,509
7,510
7,511
7,512
7,513
7,514
7,515
7,516
7,517
7,518
7,519
7,520
7,521
7,522
7,523
7,524
7,525
7,526
7,527
7,528
7,529
7,530
7,531
7,532
7,533
7,534
7,535
7,536
7,537
7,538
7,539
7,540
7,541
7,542
7,543
7,544
7,545
7,546
7,547
7,548
7,549
7,550
7,551
7,552
7,553
7,554
7,555
7,556
7,557
7,558
7,559
7,560
7,561
7,562
7,563
7,564
7,565
7,566
7,567
7,568
7,569
7,570
7,571
7,572
7,573
7,574
7,575
7,576
7,577
7,578
7,579
7,580
7,581
7,582
7,583
7,584
7,585
7,586
7,587
7,588
7,589
7,590
7,591
7,592
7,593
7,594
7,595
7,596
7,597
7,598
7,599
7,600
7,601
7,602
7,603
7,604
7,605
7,606
7,607
7,608
7,609
7,610
7,611
7,612
7,613
7,614
7,615
7,616
7,617
7,618
7,619
7,620
7,621
7,622
7,623
7,624
7,625
7,626
7,627
7,628
7,629
7,630
7,631
7,632
7,633
7,634
7,635
7,636
7,637
7,638
7,639
7,640
7,641
7,642
7,643
7,644
7,645
7,646
7,647
7,648
7,649
7,650
7,651
7,652
7,653
7,654
7,655
7,656
7,657
7,658
7,659
7,660
7,661
7,662
7,663
7,664
7,665
7,666
7,667
7,668
7,669
7,670
7,671
7,672
7,673
7,674
7,675
7,676
7,677
7,678
7,679
7,680
7,681
7,682
7,683
7,684
7,685
7,686
7,687
7,688
7,689
7,690
7,691
7,692
7,693
7,694
7,695
7,696
7,697
7,698
7,699
7,700
7,701
7,702
7,703
7,704
7,705
7,706
7,707
7,708
7,709
7,710
7,711
7,712
7,713
7,714
7,715
7,716
7,717
7,718
7,719
7,720
7,721
7,722
7,723
7,724
7,725
7,726
7,727
7,728
7,729
7,730
7,731
7,732
7,733
7,734
7,735
7,736
7,737
7,738
7,739
7,740
7,741
7,742
7,743
7,744
7,745
7,746
7,747
7,748
7,749
7,750
7,751
7,752
7,753
7,754
7,755
7,756
7,757
7,758
7,759
7,760
7,761
7,762
7,763
7,764
7,765
7,766
7,767
7,768
7,769
7,770
7,771
7,772
7,773
7,774
7,775
7,776
7,777
7,778
7,779
7,780
7,781
7,782
7,783
7,784
7,785
7,786
7,787
7,788
7,789
7,790
7,791
7,792
7,793
7,794
7,795
7,796
7,797
7,798
7,799
7,800
7,801
7,802
7,803
7,804
7,805
7,806
7,807
8,1
8,2
8,3
8,4
8,5
8,6
8,7
8,8
8,9
8,10
8,11
8,12
8,25
8,26
8,35
8,36
8,37
8,38
8,43
8,44
8,45
8,50
8,51
8,52
8,53
8,58
8,59
8,66
8,67
8,68
8,77
8,78
8,83
8,90
8,91
8,92
8,93
8,94
8,95
8,98
8,99
8,106
8,107
8,109
8,110
8,111
8,112
8,118
8,119
8,122
8,129
8,130
8,131
8,132
8,133
8,134
8,135
8,136
8,143
8,150
8,151
8,163
8,164
8,170
8,171
8,172
8,173
8,175
8,176
8,177
8,178
8,182
8,185
8,194
8,195
8,196
8,197
8,202
8,208
8,211
8,213
8,215
8,220
8,221
8,222
8,223
8,224
8,225
8,226
8,236
8,237
8,246
8,247
8,248
8,251
8,263
8,264
8,270
8,271
8,272
8,273
8,274
8,275
8,278
8,279
8,280
8,281
8,282
8,290
8,291
8,292
8,302
8,303
8,309
8,310
8,315
8,320
8,321
8,324
8,328
8,329
8,330
8,337
8,338
8,339
8,340
8,341
8,342
8,343
8,344
8,349
8,350
8,355
8,356
8,360
8,361
8,362
8,385
8,406
8,407
8,415
8,416
8,420
8,421
8,422
8,423
8,425
8,426
8,434
8,435
8,436
8,437
8,438
8,439
8,446
8,447
8,448
8,449
8,450
8,451
8,452
8,453
8,454
8,458
8,459
8,460
8,461
8,464
8,468
8,470
8,471
8,473
8,475
8,477
8,478
8,479
8,509
8,510
8,517
8,518
8,519
8,520
8,521
8,524
8,525
8,526
8,527
8,528
8,529
8,530
8,532
8,533
8,534
8,535
8,536
8,537
8,538
8,539
8,546
8,547
8,550
8,554
8,555
8,556
8,557
8,558
8,559
8,560
8,561
8,562
8,563
8,568
8,569
8,572
8,573
8,574
8,575
8,576
8,577
8,578
8,579
8,582
8,583
8,584
8,588
8,589
8,592
8,593
8,595
8,596
8,597
8,598
8,599
8,600
8,601
8,605
8,606
8,607
8,608
8,609
8,610
8,611
8,612
8,613
8,614
8,616
8,617
8,618
8,622
8,623
8,624
8,625
8,627
8,628
8,629
8,630
8,631
8,632
8,633
8,634
8,635
8,638
8,639
8,640
8,643
8,644
8,646
8,647
8,659
8,660
8,674
8,675
8,677
8,678
8,679
8,680
8,681
8,682
8,683
8,684
8,685
8,686
8,687
8,688
8,689
8,694
8,695
8,700
8,701
8,704
8,705
8,706
8,708
8,709
8,710
8,711
8,712
8,713
8,714
8,715
8,722
8,723
8,724
8,725
8,726
8,727
8,728
8,729
8,730
8,736
8,737
8,738
8,742
8,743
8,746
8,747
8,748
8,749
8,750
8,751
8,752
8,755
8,756
8,757
8,758
8,759
8,760
8,761
8,762
8,763
8,765
8,766
8,767
8,768
8,771
8,772
8,773
8,776
8,777
8,778
8,780
8,781
8,782
8,783
8,784
8,789
8,790
8,791
8,792
8,800
8,802
8,807
8,808
8,809
8,810
8,811
8,812
8,813
8,814
8,815
8,816
8,817
8,818
8,819
8,820
8,821
8,822
8,823
8,824
8,825
8,826
8,827
8,828
8,829
8,830
8,831
8,832
8,833
8,834
8,835
8,836
8,837
8,838
8,839
8,840
8,841
8,842
8,843
8,844
8,845
8,846
8,847
8,848
8,849
8,850
8,851
8,852
8,853
8,854
8,855
8,856
8,857
8,858
8,859
8,860
8,861
8,862
8,863
8,864
8,865
8,866
8,867
8,868
8,869
8,870
8,871
8,872
8,873
8,874
8,875
8,876
8,877
8,878
8,879
8,880
8,881
8,882
8,883
8,884
8,885
8,886
8,887
8,888
8,889
8,890
