game_id,move_id,machine_type,number
1,5,tm,1
1,6,tm,16
1,13,tm,2
1,14,tm,3
1,15,hm,1
1,18,tm,4
1,19,hm,2
1,25,tm,5
1,32,tm,7
1,34,tm,8
1,36,tm,9
1,38,tm,10
1,55,tm,12
1,57,hm,3
1,58,tm,13
1,59,tm,14
1,61,tm,11
1,63,tm,15
1,66,tm,17
1,68,tm,18
1,69,tm,19
1,70,hm,4
1,72,tm,21
1,76,tm,22
1,82,tm,23
1,85,tm,24
1,86,tm,45
1,87,tm,25
1,89,tm,26
1,90,tm,27
1,91,tm,28
1,92,tm,6
1,94,tm,29
1,99,tm,20
1,100,tm,30
1,102,tm,31
1,104,tm,32
1,115,tm,33
1,117,tm,34
1,118,tm,35
1,120,tm,36
1,121,tm,37
1,126,tm,38
1,129,tm,39
1,130,tm,40
1,135,tm,41
1,138,tm,42
1,143,tm,43
1,148,hm,5
1,149,tm,46
1,153,tm,47
1,156,tm,44
1,157,tm,48
1,161,tm,49
1,164,tm,50
2,5,tm,1
2,6,tm,16
2,13,tm,2
2,14,tm,3
2,15,hm,1
2,18,tm,4
2,19,hm,2
2,25,tm,5
2,32,tm,7
2,34,tm,8
2,36,tm,9
2,38,tm,10
2,55,tm,12
2,57,hm,3
2,58,tm,13
2,59,tm,14
2,61,tm,11
2,63,tm,15
2,66,tm,17
2,68,tm,18
2,69,tm,19
2,70,hm,4
2,72,tm,21
2,76,tm,22
2,82,tm,23
2,85,tm,24
2,86,tm,45
2,87,tm,25
2,89,tm,26
2,90,tm,27
2,91,tm,28
2,92,tm,6
2,94,tm,29
2,99,tm,20
2,100,tm,30
2,102,tm,31
2,104,tm,32
2,115,tm,33
2,117,tm,34
2,118,tm,35
2,120,tm,36
2,121,tm,37
2,126,tm,38
2,129,tm,39
2,130,tm,40
2,135,tm,41
2,138,tm,42
2,143,tm,43
2,148,hm,5
2,149,tm,46
2,153,tm,47
2,156,tm,44
2,157,tm,48
2,161,tm,49
2,164,tm,50
3,5,tm,1
3,6,tm,16
3,13,tm,2
3,14,tm,3
3,15,hm,1
3,18,tm,4
3,19,hm,2
3,25,tm,5
3,32,tm,7
3,34,tm,8
3,36,tm,9
3,38,tm,10
3,55,tm,12
3,57,hm,3
3,58,tm,13
3,59,tm,14
3,61,tm,11
3,63,tm,15
3,66,tm,17
3,68,tm,18
3,69,tm,19
3,70,hm,4
3,72,tm,21
3,76,tm,22
3,82,tm,23
3,85,tm,24
3,86,tm,45
3,87,tm,25
3,89,tm,26
3,90,tm,27
3,91,tm,28
3,92,tm,6
3,94,tm,29
3,99,tm,20
3,100,tm,30
3,102,tm,31
3,104,tm,32
3,115,tm,33
3,117,tm,34
3,118,tm,35
3,120,tm,36
3,121,tm,37
3,126,tm,38
3,129,tm,39
3,130,tm,40
3,135,tm,41
3,138,tm,42
3,143,tm,43
3,148,hm,5
3,149,tm,46
3,153,tm,47
3,156,tm,44
3,157,tm,48
3,161,tm,49
3,164,tm,50
4,7,tm,48
4,8,tm,33
4,9,tm,41
4,15,hm,1
4,19,hm,2
4,29,tm,2
4,46,tm,5
4,57,hm,3
4,59,tm,14
4,63,tm,15
4,70,hm,4
4,76,tm,22
4,87,tm,25
4,89,tm,26
4,91,tm,28
4,92,tm,6
4,94,tm,29
4,104,tm,32
4,111,tm,40
4,126,tm,38
4,127,hm,7
4,129,tm,39
4,138,tm,42
4,148,hm,5
4,156,tm,44
4,168,tm,46
4,171,tm,50
4,173,tm,13
4,174,tm,3
4,182,tm,17
4,188,tm,36
4,189,tm,31
4,192,tm,7
4,196,tm,16
4,197,tm,43
4,201,tm,37
4,202,tm,19
4,203,tm,20
4,205,tm,4
4,207,tm,34
4,210,tm,49
4,211,tm,47
4,213,tm,45
4,214,tm,35
4,216,tm,27
4,218,tm,21
4,223,tm,1
4,225,tm,24
4,230,tm,12
4,231,tm,23
4,237,tm,10
4,240,tm,18
4,241,tm,11
4,244,tm,9
4,247,tm,30
4,249,tm,8
4,250,hm,6
5,7,tm,48
5,8,tm,33
5,9,tm,41
5,15,hm,1
5,19,hm,2
5,29,tm,2
5,46,tm,5
5,57,hm,3
5,59,tm,14
5,63,tm,15
5,70,hm,4
5,76,tm,22
5,87,tm,25
5,89,tm,26
5,91,tm,28
5,92,tm,6
5,94,tm,29
5,104,tm,32
5,111,tm,40
5,126,tm,38
5,127,hm,7
5,129,tm,39
5,138,tm,42
5,148,hm,5
5,156,tm,44
5,168,tm,46
5,171,tm,50
5,173,tm,13
5,174,tm,3
5,182,tm,17
5,188,tm,36
5,189,tm,31
5,192,tm,7
5,196,tm,16
5,197,tm,43
5,201,tm,37
5,202,tm,19
5,203,tm,20
5,205,tm,4
5,207,tm,34
5,210,tm,49
5,211,tm,47
5,213,tm,45
5,214,tm,35
5,216,tm,27
5,218,tm,21
5,223,tm,1
5,225,tm,24
5,230,tm,12
5,231,tm,23
5,237,tm,10
5,240,tm,18
5,241,tm,11
5,244,tm,9
5,247,tm,30
5,249,tm,8
5,250,hm,6
6,7,tm,48
6,8,tm,33
6,9,tm,41
6,15,hm,1
6,19,hm,2
6,29,tm,2
6,46,tm,5
6,57,hm,3
6,59,tm,14
6,63,tm,15
6,70,hm,4
6,76,tm,22
6,87,tm,25
6,89,tm,26
6,91,tm,28
6,92,tm,6
6,94,tm,29
6,104,tm,32
6,111,tm,40
6,126,tm,38
6,127,hm,7
6,129,tm,39
6,138,tm,42
6,148,hm,5
6,156,tm,44
6,168,tm,46
6,171,tm,50
6,173,tm,13
6,174,tm,3
6,182,tm,17
6,188,tm,36
6,189,tm,31
6,192,tm,7
6,196,tm,16
6,197,tm,43
6,201,tm,37
6,202,tm,19
6,203,tm,20
6,205,tm,4
6,207,tm,34
6,210,tm,49
6,211,tm,47
6,213,tm,45
6,214,tm,35
6,216,tm,27
6,218,tm,21
6,223,tm,1
6,225,tm,24
6,230,tm,12
6,231,tm,23
6,237,tm,10
6,240,tm,18
6,241,tm,11
6,244,tm,9
6,247,tm,30
6,249,tm,8
6,250,hm,6
7,15,hm,1
7,19,hm,2
7,46,tm,5
7,53,tm,35
7,57,hm,3
7,58,tm,13
7,59,tm,14
7,63,tm,15
7,70,hm,4
7,76,tm,22
7,85,tm,24
7,87,tm,25
7,89,tm,26
7,91,tm,28
7,92,tm,6
7,94,tm,29
7,104,tm,32
7,113,tm,16
7,115,tm,33
7,126,tm,38
7,127,hm,7
7,148,hm,5
7,156,tm,44
7,168,tm,46
7,182,tm,17
7,188,tm,36
7,201,tm,37
7,202,tm,19
7,211,tm,47
7,213,tm,45
7,216,tm,27
7,218,tm,21
7,219,tm,20
7,231,tm,23
7,237,tm,10
7,240,tm,18
7,241,tm,11
7,247,tm,30
7,249,hm,6
7,258,tm,7
7,259,tm,41
7,263,tm,42
7,264,tm,1
7,269,tm,12
7,280,tm,31
7,285,tm,48
7,289,tm,49
7,290,tm,43
7,291,hm,8
7,315,tm,50
7,317,tm,39
7,331,tm,9
7,332,tm,40
7,337,tm,2
7,339,tm,8
7,347,tm,4
7,351,tm,34
7,352,tm,3
8,15,hm,1
8,19,hm,2
8,46,tm,5
8,53,tm,35
8,57,hm,3
8,58,tm,13
8,59,tm,14
8,63,tm,15
8,70,hm,4
8,76,tm,22
8,85,tm,24
8,87,tm,25
8,89,tm,26
8,91,tm,28
8,92,tm,6
8,94,tm,29
8,104,tm,32
8,113,tm,16
8,115,tm,33
8,126,tm,38
8,127,hm,7
8,148,hm,5
8,156,tm,44
8,168,tm,46
8,182,tm,17
8,188,tm,36
8,201,tm,37
8,202,tm,19
8,211,tm,47
8,213,tm,45
8,216,tm,27
8,218,tm,21
8,219,tm,20
8,231,tm,23
8,237,tm,10
8,240,tm,18
8,241,tm,11
8,247,tm,30
8,249,hm,6
8,258,tm,7
8,259,tm,41
8,263,tm,42
8,264,tm,1
8,269,tm,12
8,280,tm,31
8,285,tm,48
8,289,tm,49
8,290,tm,43
8,291,hm,8
8,315,tm,50
8,317,tm,39
8,331,tm,9
8,332,tm,40
8,337,tm,2
8,339,tm,8
8,347,tm,4
8,351,tm,34
8,352,tm,3
9,15,hm,1
9,19,hm,2
9,46,tm,5
9,53,tm,35
9,57,hm,3
9,58,tm,13
9,59,tm,14
9,63,tm,15
9,70,hm,4
9,76,tm,22
9,85,tm,24
9,87,tm,25
9,89,tm,26
9,91,tm,28
9,92,tm,6
9,94,tm,29
9,104,tm,32
9,113,tm,16
9,115,tm,33
9,126,tm,38
9,127,hm,7
9,148,hm,5
9,156,tm,44
9,168,tm,46
9,182,tm,17
9,188,tm,36
9,201,tm,37
9,202,tm,19
9,211,tm,47
9,213,tm,45
9,216,tm,27
9,218,tm,21
9,219,tm,20
9,231,tm,23
9,237,tm,10
9,240,tm,18
9,241,tm,11
9,247,tm,30
9,249,hm,6
9,258,tm,7
9,259,tm,41
9,263,tm,42
9,264,tm,1
9,269,tm,12
9,280,tm,31
9,285,tm,48
9,289,tm,49
9,290,tm,43
9,315,tm,50
9,317,tm,39
9,331,tm,9
9,332,tm,40
9,337,tm,2
9,339,tm,8
9,347,tm,4
9,351,tm,34
9,352,tm,3
10,15,hm,1
10,19,hm,2
10,46,tm,5
10,53,tm,35
10,57,hm,3
10,58,tm,13
10,59,tm,14
10,63,tm,15
10,70,hm,4
10,76,tm,22
10,85,tm,24
10,87,tm,25
10,89,tm,26
10,91,tm,28
10,92,tm,6
10,94,tm,29
10,104,tm,32
10,113,tm,16
10,115,tm,33
10,126,tm,38
10,127,hm,7
10,148,hm,5
10,156,tm,44
10,168,tm,46
10,182,tm,17
10,188,tm,36
10,201,tm,37
10,202,tm,19
10,211,tm,47
10,213,tm,45
10,216,tm,27
10,218,tm,21
10,219,tm,20
10,231,tm,23
10,237,tm,10
10,240,tm,18
10,241,tm,11
10,247,tm,30
10,249,hm,6
10,258,tm,7
10,259,tm,41
10,263,tm,42
10,264,tm,1
10,269,tm,12
10,280,tm,31
10,285,tm,48
10,289,tm,49
10,290,tm,43
10,315,tm,50
10,317,tm,39
10,331,tm,9
10,332,tm,40
10,337,tm,2
10,339,tm,8
10,347,tm,4
10,351,tm,34
10,352,tm,3
11,15,hm,1
11,19,hm,2
11,46,tm,5
11,53,tm,35
11,57,hm,3
11,58,tm,13
11,59,tm,14
11,63,tm,15
11,70,hm,4
11,76,tm,22
11,85,tm,24
11,87,tm,25
11,89,tm,26
11,91,tm,28
11,92,tm,6
11,94,tm,29
11,104,tm,32
11,113,tm,16
11,115,tm,33
11,126,tm,38
11,127,hm,7
11,148,hm,5
11,156,tm,44
11,168,tm,46
11,182,tm,17
11,188,tm,36
11,201,tm,37
11,202,tm,19
11,211,tm,47
11,213,tm,45
11,216,tm,27
11,218,tm,21
11,219,tm,20
11,231,tm,23
11,237,tm,10
11,240,tm,18
11,241,tm,11
11,247,tm,30
11,249,hm,6
11,258,tm,7
11,259,tm,41
11,263,tm,42
11,264,tm,1
11,269,tm,12
11,280,tm,31
11,285,tm,48
11,289,tm,49
11,290,tm,43
11,291,hm,8
11,315,tm,50
11,317,tm,39
11,331,tm,9
11,332,tm,40
11,337,tm,2
11,339,tm,8
11,347,tm,4
11,351,tm,34
11,352,tm,3
12,14,tm,75
12,15,hm,1
12,19,hm,2
12,46,tm,5
12,53,tm,35
12,57,hm,3
12,58,tm,13
12,59,tm,14
12,63,tm,15
12,70,hm,4
12,76,tm,22
12,85,tm,24
12,86,tm,73
12,87,tm,25
12,89,tm,26
12,91,tm,28
12,92,tm,6
12,94,tm,29
12,104,tm,32
12,113,tm,16
12,115,tm,33
12,126,tm,38
12,127,hm,7
12,138,tm,85
12,148,tm,70
12,153,tm,64
12,156,tm,44
12,157,tm,80
12,164,tm,90
12,168,tm,46
12,182,tm,17
12,188,tm,36
12,201,tm,37
12,202,tm,19
12,203,tm,58
12,206,tm,54
12,207,tm,87
12,211,tm,47
12,213,tm,45
12,214,tm,82
12,216,tm,27
12,218,tm,21
12,219,tm,20
12,231,tm,23
12,237,tm,10
12,240,tm,18
12,241,tm,11
12,244,tm,77
12,247,tm,30
12,249,hm,6
12,258,tm,7
12,259,tm,41
12,261,tm,61
12,263,tm,42
12,264,tm,1
12,269,tm,12
12,278,tm,67
12,280,tm,31
12,285,tm,48
12,289,tm,49
12,290,tm,43
12,315,tm,50
12,317,tm,39
12,318,tm,62
12,331,tm,9
12,332,tm,40
12,337,tm,2
12,339,tm,8
12,347,tm,4
12,351,tm,34
12,352,tm,3
12,355,tm,51
12,360,tm,74
12,362,tm,55
12,363,tm,83
12,365,tm,88
12,369,tm,89
12,371,tm,66
12,373,tm,63
12,374,tm,56
12,397,tm,69
12,398,tm,84
12,399,tm,79
12,404,tm,81
12,406,tm,59
12,409,tm,60
12,411,tm,52
12,412,tm,53
12,416,tm,68
12,419,tm,72
12,421,tm,65
12,430,tm,91
12,431,hm,8
12,432,hm,5
12,433,tm,92
12,444,tm,71
12,445,tm,78
12,446,tm,76
12,447,tm,86
12,451,tm,57
13,14,tm,75
13,15,hm,1
13,19,hm,2
13,46,tm,5
13,53,tm,35
13,57,hm,3
13,58,tm,13
13,59,tm,14
13,63,tm,15
13,70,hm,4
13,76,tm,22
13,85,tm,24
13,86,tm,73
13,87,tm,25
13,89,tm,26
13,91,tm,28
13,92,tm,6
13,94,tm,29
13,104,tm,32
13,113,tm,16
13,115,tm,33
13,126,tm,38
13,127,hm,7
13,138,tm,85
13,148,tm,70
13,153,tm,64
13,156,tm,44
13,157,tm,80
13,164,tm,90
13,168,tm,46
13,182,tm,17
13,188,tm,36
13,201,tm,37
13,202,tm,19
13,203,tm,58
13,206,tm,54
13,207,tm,87
13,211,tm,47
13,213,tm,45
13,214,tm,82
13,216,tm,27
13,218,tm,21
13,219,tm,20
13,231,tm,23
13,237,tm,10
13,240,tm,18
13,241,tm,11
13,244,tm,77
13,247,tm,30
13,249,hm,6
13,258,tm,7
13,259,tm,41
13,261,tm,61
13,263,tm,42
13,264,tm,1
13,269,tm,12
13,278,tm,67
13,280,tm,31
13,285,tm,48
13,289,tm,49
13,290,tm,43
13,315,tm,50
13,317,tm,39
13,318,tm,62
13,331,tm,9
13,332,tm,40
13,337,tm,2
13,339,tm,8
13,347,tm,4
13,351,tm,34
13,352,tm,3
13,355,tm,51
13,360,tm,74
13,362,tm,55
13,363,tm,83
13,365,tm,88
13,369,tm,89
13,371,tm,66
13,373,tm,63
13,374,tm,56
13,397,tm,69
13,398,tm,84
13,399,tm,79
13,404,tm,81
13,406,tm,59
13,409,tm,60
13,411,tm,52
13,412,tm,53
13,416,tm,68
13,419,tm,72
13,421,tm,65
13,430,tm,91
13,431,hm,8
13,432,hm,5
13,433,tm,92
13,444,tm,71
13,445,tm,78
13,446,tm,76
13,447,tm,86
13,451,tm,57
14,14,tm,75
14,15,hm,1
14,19,hm,2
14,46,tm,5
14,53,tm,35
14,57,hm,3
14,58,tm,13
14,59,tm,14
14,63,tm,15
14,70,hm,4
14,76,tm,22
14,85,tm,24
14,86,tm,73
14,87,tm,25
14,89,tm,26
14,91,tm,28
14,92,tm,6
14,94,tm,29
14,104,tm,32
14,113,tm,16
14,115,tm,33
14,126,tm,38
14,127,hm,7
14,138,tm,85
14,148,tm,70
14,153,tm,64
14,156,tm,44
14,157,tm,80
14,164,tm,90
14,168,tm,46
14,182,tm,17
14,188,tm,36
14,201,tm,37
14,202,tm,19
14,203,tm,58
14,206,tm,54
14,207,tm,87
14,211,tm,47
14,213,tm,45
14,214,tm,82
14,216,tm,27
14,218,tm,21
14,219,tm,20
14,231,tm,23
14,237,tm,10
14,240,tm,18
14,241,tm,11
14,244,tm,77
14,247,tm,30
14,249,hm,6
14,258,tm,7
14,259,tm,41
14,261,tm,61
14,263,tm,42
14,264,tm,1
14,269,tm,12
14,278,tm,67
14,280,tm,31
14,285,tm,48
14,289,tm,49
14,290,tm,43
14,315,tm,50
14,317,tm,39
14,318,tm,62
14,331,tm,9
14,332,tm,40
14,337,tm,2
14,339,tm,8
14,347,tm,4
14,351,tm,34
14,352,tm,3
14,355,tm,51
14,360,tm,74
14,362,tm,55
14,363,tm,83
14,365,tm,88
14,369,tm,89
14,371,tm,66
14,373,tm,63
14,374,tm,56
14,397,tm,69
14,398,tm,84
14,399,tm,79
14,404,tm,81
14,406,tm,59
14,409,tm,60
14,411,tm,52
14,412,tm,53
14,416,tm,68
14,419,tm,72
14,421,tm,65
14,430,tm,91
14,431,hm,8
14,432,hm,5
14,433,tm,92
14,444,tm,71
14,445,tm,78
14,446,tm,76
14,447,tm,86
14,451,tm,57
15,14,tm,75
15,15,hm,1
15,19,hm,2
15,46,tm,5
15,53,tm,35
15,57,hm,3
15,58,tm,13
15,59,tm,14
15,63,tm,15
15,70,hm,4
15,76,tm,22
15,85,tm,24
15,86,tm,73
15,87,tm,25
15,89,tm,26
15,91,tm,28
15,92,tm,6
15,94,tm,29
15,104,tm,32
15,113,tm,16
15,115,tm,33
15,126,tm,38
15,127,hm,7
15,138,tm,85
15,148,tm,70
15,153,tm,64
15,156,tm,44
15,157,tm,80
15,164,tm,90
15,168,tm,46
15,182,tm,17
15,188,tm,36
15,201,tm,37
15,202,tm,19
15,203,tm,58
15,206,tm,54
15,207,tm,87
15,211,tm,47
15,213,tm,45
15,214,tm,82
15,216,tm,27
15,218,tm,21
15,219,tm,20
15,231,tm,23
15,237,tm,10
15,240,tm,18
15,241,tm,11
15,244,tm,77
15,247,tm,30
15,249,hm,6
15,250,hm,5
15,258,tm,7
15,259,tm,41
15,261,tm,61
15,263,tm,42
15,264,tm,1
15,269,tm,12
15,278,tm,67
15,280,tm,31
15,285,tm,48
15,289,tm,49
15,290,tm,43
15,315,tm,50
15,317,tm,39
15,318,tm,62
15,331,tm,9
15,332,tm,40
15,337,tm,2
15,339,tm,8
15,347,tm,4
15,351,tm,34
15,352,tm,3
15,355,tm,51
15,360,tm,74
15,362,tm,55
15,363,tm,83
15,365,tm,88
15,369,tm,89
15,371,tm,66
15,373,tm,63
15,374,tm,56
15,397,tm,69
15,398,tm,84
15,399,tm,79
15,404,tm,81
15,406,tm,59
15,409,tm,60
15,411,tm,52
15,412,tm,53
15,416,tm,68
15,419,tm,72
15,421,tm,65
15,430,tm,91
15,431,hm,8
15,433,tm,92
15,444,tm,71
15,445,tm,78
15,446,tm,76
15,447,tm,86
15,451,tm,57
16,14,tm,75
16,15,hm,1
16,19,hm,2
16,46,tm,5
16,53,tm,35
16,57,hm,3
16,58,tm,13
16,59,tm,14
16,63,tm,15
16,70,hm,4
16,76,tm,22
16,85,tm,24
16,86,tm,73
16,87,tm,25
16,89,tm,26
16,91,tm,28
16,92,tm,6
16,94,tm,29
16,104,tm,32
16,113,tm,16
16,115,tm,33
16,126,tm,38
16,127,hm,7
16,138,tm,85
16,148,tm,70
16,153,tm,64
16,156,tm,44
16,157,tm,80
16,164,tm,90
16,168,tm,46
16,182,tm,17
16,188,tm,36
16,201,tm,37
16,202,tm,19
16,203,tm,58
16,206,tm,54
16,207,tm,87
16,211,tm,47
16,213,tm,45
16,214,tm,82
16,216,tm,27
16,218,tm,21
16,219,tm,20
16,231,tm,23
16,237,tm,10
16,240,tm,18
16,241,tm,11
16,244,tm,77
16,247,tm,30
16,249,hm,6
16,250,hm,5
16,258,tm,7
16,259,tm,41
16,261,tm,61
16,263,tm,42
16,264,tm,1
16,269,tm,12
16,278,tm,67
16,280,tm,31
16,285,tm,48
16,289,tm,49
16,290,tm,43
16,315,tm,50
16,317,tm,39
16,318,tm,62
16,331,tm,9
16,332,tm,40
16,337,tm,2
16,339,tm,8
16,347,tm,4
16,351,tm,34
16,352,tm,3
16,355,tm,51
16,360,tm,74
16,362,tm,55
16,363,tm,83
16,365,tm,88
16,369,tm,89
16,371,tm,66
16,373,tm,63
16,374,tm,56
16,397,tm,69
16,398,tm,84
16,399,tm,79
16,404,tm,81
16,406,tm,59
16,409,tm,60
16,411,tm,52
16,412,tm,53
16,416,tm,68
16,419,tm,72
16,421,tm,65
16,430,tm,91
16,431,hm,8
16,433,tm,92
16,444,tm,71
16,445,tm,78
16,446,tm,76
16,447,tm,86
16,451,tm,57
17,14,tm,75
17,15,hm,1
17,19,hm,2
17,46,tm,5
17,53,tm,35
17,57,hm,3
17,58,tm,13
17,59,tm,14
17,63,tm,15
17,70,hm,4
17,76,tm,22
17,85,tm,24
17,86,tm,73
17,87,tm,25
17,89,tm,26
17,91,tm,28
17,92,tm,6
17,94,tm,29
17,104,tm,32
17,113,tm,16
17,115,tm,33
17,126,tm,38
17,127,hm,5
17,138,tm,85
17,148,tm,70
17,153,tm,64
17,156,tm,44
17,157,tm,80
17,164,tm,90
17,168,tm,46
17,182,tm,17
17,188,tm,36
17,201,tm,37
17,206,tm,54
17,207,tm,87
17,213,tm,45
17,216,tm,27
17,218,tm,21
17,219,tm,20
17,237,tm,10
17,240,tm,18
17,241,tm,11
17,244,tm,77
17,247,tm,30
17,249,tm,94
17,258,tm,7
17,259,tm,41
17,261,tm,61
17,263,tm,42
17,269,tm,12
17,280,tm,31
17,291,hm,6
17,315,tm,50
17,317,tm,39
17,332,tm,40
17,337,tm,2
17,339,tm,8
17,347,tm,4
17,360,tm,74
17,365,tm,88
17,369,tm,89
17,371,tm,66
17,373,tm,63
17,374,tm,56
17,397,tm,69
17,398,tm,84
17,404,tm,81
17,411,tm,52
17,412,tm,53
17,416,tm,68
17,421,tm,65
17,430,tm,91
17,433,tm,92
17,444,tm,71
17,447,tm,86
17,451,tm,57
17,468,tm,1
17,473,tm,3
17,474,tm,9
17,477,tm,19
17,479,tm,23
17,482,tm,34
17,488,tm,43
17,490,tm,47
17,496,tm,48
17,497,tm,49
17,502,tm,51
17,503,tm,55
17,507,tm,58
17,510,tm,59
17,511,tm,60
17,512,tm,62
17,514,tm,67
17,521,tm,72
17,522,tm,76
17,523,tm,78
17,524,tm,79
17,525,tm,82
17,526,tm,83
17,528,tm,93
17,555,tm,95
18,14,tm,75
18,15,hm,1
18,19,hm,2
18,46,tm,5
18,53,tm,35
18,57,hm,3
18,58,tm,13
18,59,tm,14
18,63,tm,15
18,70,hm,4
18,76,tm,22
18,85,tm,24
18,86,tm,73
18,87,tm,25
18,89,tm,26
18,91,tm,28
18,92,tm,6
18,94,tm,29
18,104,tm,32
18,113,tm,16
18,115,tm,33
18,126,tm,38
18,127,hm,5
18,138,tm,85
18,148,tm,70
18,153,tm,64
18,156,tm,44
18,157,tm,80
18,164,tm,90
18,168,tm,46
18,182,tm,17
18,188,tm,36
18,201,tm,37
18,206,tm,54
18,207,tm,87
18,213,tm,45
18,216,tm,27
18,218,tm,21
18,219,tm,20
18,237,tm,10
18,240,tm,18
18,241,tm,11
18,244,tm,77
18,247,tm,30
18,249,tm,94
18,258,tm,7
18,259,tm,41
18,261,tm,61
18,263,tm,42
18,269,tm,12
18,280,tm,31
18,291,hm,6
18,315,tm,50
18,317,tm,39
18,332,tm,40
18,337,tm,2
18,339,tm,8
18,347,tm,4
18,360,tm,74
18,365,tm,88
18,369,tm,89
18,371,tm,66
18,373,tm,63
18,374,tm,56
18,397,tm,69
18,398,tm,84
18,404,tm,81
18,411,tm,52
18,412,tm,53
18,416,tm,68
18,421,tm,65
18,430,tm,91
18,433,tm,92
18,444,tm,71
18,447,tm,86
18,451,tm,57
18,468,tm,1
18,473,tm,3
18,474,tm,9
18,477,tm,19
18,479,tm,23
18,482,tm,34
18,488,tm,43
18,490,tm,47
18,496,tm,48
18,497,tm,49
18,502,tm,51
18,503,tm,55
18,507,tm,58
18,510,tm,59
18,511,tm,60
18,512,tm,62
18,514,tm,67
18,521,tm,72
18,522,tm,76
18,523,tm,78
18,524,tm,79
18,525,tm,82
18,526,tm,83
18,528,tm,93
18,555,tm,95
19,14,tm,75
19,15,hm,1
19,19,hm,2
19,46,tm,5
19,53,tm,35
19,57,hm,3
19,58,tm,13
19,59,tm,14
19,63,tm,15
19,70,hm,4
19,76,tm,22
19,85,tm,24
19,86,tm,73
19,87,tm,25
19,89,tm,26
19,91,tm,28
19,92,tm,6
19,94,tm,29
19,104,tm,32
19,113,tm,16
19,115,tm,33
19,126,tm,38
19,127,hm,5
19,138,tm,85
19,148,tm,70
19,153,tm,64
19,156,tm,44
19,157,tm,80
19,164,tm,90
19,168,tm,46
19,182,tm,17
19,188,tm,36
19,201,tm,37
19,206,tm,54
19,207,tm,87
19,213,tm,45
19,216,tm,27
19,218,tm,21
19,219,tm,20
19,237,tm,10
19,240,tm,18
19,241,tm,11
19,244,tm,77
19,247,tm,30
19,249,tm,94
19,258,tm,7
19,259,tm,41
19,261,tm,61
19,263,tm,42
19,269,tm,12
19,280,tm,31
19,291,hm,6
19,315,tm,50
19,317,tm,39
19,332,tm,40
19,337,tm,2
19,339,tm,8
19,347,tm,4
19,360,tm,74
19,365,tm,88
19,369,tm,89
19,371,tm,66
19,373,tm,63
19,374,tm,56
19,397,tm,69
19,398,tm,84
19,404,tm,81
19,411,tm,52
19,412,tm,53
19,416,tm,68
19,421,tm,65
19,430,tm,91
19,433,tm,92
19,444,tm,71
19,447,tm,86
19,451,tm,57
19,468,tm,1
19,473,tm,3
19,474,tm,9
19,477,tm,19
19,479,tm,23
19,482,tm,34
19,488,tm,43
19,490,tm,47
19,496,tm,48
19,497,tm,49
19,502,tm,51
19,503,tm,55
19,507,tm,58
19,510,tm,59
19,511,tm,60
19,512,tm,62
19,514,tm,67
19,521,tm,72
19,522,tm,76
19,523,tm,78
19,524,tm,79
19,525,tm,82
19,526,tm,83
19,528,tm,93
19,555,tm,95
20,14,tm,75
20,15,hm,1
20,19,hm,2
20,46,tm,5
20,53,tm,35
20,57,hm,3
20,58,tm,13
20,59,tm,14
20,63,tm,15
20,70,hm,4
20,76,tm,22
20,85,tm,24
20,86,tm,73
20,87,tm,25
20,89,tm,26
20,91,tm,28
20,92,tm,6
20,94,tm,29
20,104,tm,32
20,113,tm,16
20,115,tm,33
20,126,tm,38
20,127,hm,5
20,138,tm,85
20,148,tm,70
20,153,tm,64
20,156,tm,44
20,157,tm,80
20,164,tm,90
20,168,tm,46
20,182,tm,17
20,188,tm,36
20,201,tm,37
20,206,tm,54
20,207,tm,87
20,213,tm,45
20,216,tm,27
20,218,tm,21
20,219,tm,20
20,237,tm,10
20,240,tm,18
20,241,tm,11
20,244,tm,77
20,247,tm,30
20,249,tm,94
20,258,tm,7
20,259,tm,41
20,261,tm,61
20,263,tm,42
20,269,tm,12
20,280,tm,31
20,291,hm,6
20,315,tm,50
20,317,tm,39
20,332,tm,40
20,337,tm,2
20,339,tm,8
20,347,tm,4
20,360,tm,74
20,365,tm,88
20,369,tm,89
20,371,tm,66
20,373,tm,63
20,374,tm,56
20,397,tm,69
20,398,tm,84
20,404,tm,81
20,411,tm,52
20,412,tm,53
20,416,tm,68
20,421,tm,65
20,430,tm,91
20,433,tm,92
20,444,tm,71
20,447,tm,86
20,451,tm,57
20,468,tm,1
20,473,tm,3
20,474,tm,9
20,477,tm,19
20,479,tm,23
20,482,tm,34
20,488,tm,43
20,490,tm,47
20,496,tm,48
20,497,tm,49
20,502,tm,51
20,503,tm,55
20,507,tm,58
20,510,tm,59
20,511,tm,60
20,512,tm,62
20,514,tm,67
20,521,tm,72
20,522,tm,76
20,523,tm,78
20,524,tm,79
20,525,tm,82
20,526,tm,83
20,528,tm,93
20,555,tm,95
21,14,tm,75
21,15,hm,1
21,19,hm,2
21,46,tm,5
21,53,tm,35
21,57,hm,3
21,58,tm,13
21,59,tm,14
21,63,tm,15
21,70,hm,4
21,76,tm,22
21,85,tm,24
21,86,tm,73
21,87,tm,25
21,89,tm,26
21,91,tm,28
21,92,tm,6
21,94,tm,29
21,104,tm,32
21,113,tm,16
21,115,tm,33
21,126,tm,38
21,127,hm,5
21,138,tm,85
21,148,tm,70
21,153,tm,64
21,156,tm,44
21,157,tm,80
21,164,tm,90
21,168,tm,46
21,182,tm,17
21,188,tm,36
21,201,tm,37
21,206,tm,54
21,207,tm,87
21,211,tm,51
21,213,tm,45
21,214,tm,88
21,216,tm,27
21,218,tm,21
21,219,tm,20
21,237,tm,10
21,240,tm,18
21,241,tm,11
21,244,tm,77
21,247,tm,30
21,249,tm,94
21,258,tm,7
21,259,tm,41
21,261,tm,61
21,263,tm,42
21,267,tm,96
21,269,tm,12
21,280,tm,31
21,315,tm,50
21,317,tm,39
21,332,tm,40
21,337,tm,2
21,339,tm,8
21,347,tm,4
21,355,tm,19
21,360,tm,74
21,369,tm,89
21,371,tm,66
21,373,tm,63
21,374,tm,56
21,397,tm,69
21,398,tm,84
21,399,tm,97
21,404,tm,81
21,411,tm,52
21,412,tm,53
21,416,tm,68
21,421,tm,65
21,430,tm,91
21,433,tm,92
21,444,tm,71
21,447,tm,86
21,451,tm,57
21,468,tm,1
21,473,tm,3
21,474,tm,9
21,479,tm,23
21,482,tm,34
21,488,tm,43
21,490,tm,47
21,496,tm,48
21,497,tm,49
21,503,tm,55
21,507,tm,58
21,510,tm,59
21,511,tm,60
21,512,tm,62
21,514,tm,67
21,521,tm,72
21,522,tm,76
21,523,tm,78
21,524,tm,79
21,525,tm,82
21,528,tm,93
21,555,tm,95
21,590,tm,100
21,605,tm,99
21,611,tm,83
21,612,tm,98
22,14,tm,75
22,15,hm,1
22,19,hm,2
22,46,tm,5
22,53,tm,35
22,57,hm,3
22,58,tm,13
22,59,tm,14
22,63,tm,15
22,70,hm,4
22,76,tm,22
22,85,tm,24
22,86,tm,73
22,87,tm,25
22,89,tm,26
22,91,tm,28
22,92,tm,6
22,94,tm,29
22,104,tm,32
22,113,tm,16
22,115,tm,33
22,126,tm,38
22,127,hm,5
22,138,tm,85
22,148,tm,70
22,153,tm,64
22,156,tm,44
22,157,tm,80
22,164,tm,90
22,168,tm,46
22,182,tm,17
22,188,tm,36
22,201,tm,37
22,206,tm,54
22,207,tm,87
22,211,tm,51
22,213,tm,45
22,214,tm,88
22,216,tm,27
22,218,tm,21
22,219,tm,20
22,237,tm,10
22,240,tm,18
22,241,tm,11
22,244,tm,77
22,247,tm,30
22,249,tm,94
22,258,tm,7
22,259,tm,41
22,261,tm,61
22,263,tm,42
22,267,tm,96
22,269,tm,12
22,280,tm,31
22,315,tm,50
22,317,tm,39
22,332,tm,40
22,337,tm,2
22,339,tm,8
22,347,tm,4
22,355,tm,19
22,360,tm,74
22,369,tm,89
22,371,tm,66
22,373,tm,63
22,374,tm,56
22,397,tm,69
22,398,tm,84
22,399,tm,97
22,404,tm,81
22,411,tm,52
22,412,tm,53
22,416,tm,68
22,421,tm,65
22,430,tm,91
22,433,tm,92
22,444,tm,71
22,447,tm,86
22,451,tm,57
22,468,tm,1
22,473,tm,3
22,474,tm,9
22,479,tm,23
22,482,tm,34
22,488,tm,43
22,490,tm,47
22,496,tm,48
22,497,tm,49
22,503,tm,55
22,507,tm,58
22,510,tm,59
22,511,tm,60
22,512,tm,62
22,514,tm,67
22,521,tm,72
22,522,tm,76
22,523,tm,78
22,524,tm,79
22,525,tm,82
22,528,tm,93
22,555,tm,95
22,590,tm,100
22,605,tm,99
22,611,tm,83
22,612,tm,98
23,14,tm,75
23,15,hm,1
23,19,hm,2
23,46,tm,5
23,53,tm,35
23,57,hm,3
23,58,tm,13
23,59,tm,14
23,63,tm,15
23,70,hm,4
23,76,tm,22
23,85,tm,24
23,86,tm,73
23,87,tm,25
23,89,tm,26
23,91,tm,28
23,92,tm,6
23,94,tm,29
23,104,tm,32
23,113,tm,16
23,115,tm,33
23,126,tm,38
23,127,hm,5
23,138,tm,85
23,148,tm,70
23,153,tm,64
23,156,tm,44
23,157,tm,80
23,164,tm,90
23,168,tm,46
23,182,tm,17
23,188,tm,36
23,201,tm,37
23,206,tm,54
23,207,tm,87
23,211,tm,51
23,213,tm,45
23,214,tm,88
23,216,tm,27
23,218,tm,21
23,219,tm,20
23,237,tm,10
23,240,tm,18
23,241,tm,11
23,244,tm,77
23,247,tm,30
23,249,hm,6
23,258,tm,7
23,259,tm,41
23,261,tm,61
23,263,tm,42
23,267,tm,96
23,269,tm,12
23,280,tm,31
23,290,tm,94
23,291,hm,7
23,315,tm,50
23,317,tm,39
23,332,tm,40
23,337,tm,2
23,339,tm,8
23,347,tm,4
23,355,tm,19
23,360,tm,74
23,369,tm,89
23,371,tm,66
23,373,tm,63
23,374,tm,56
23,397,tm,69
23,398,tm,84
23,399,tm,97
23,404,tm,81
23,411,tm,52
23,412,tm,53
23,416,tm,68
23,421,tm,65
23,430,tm,91
23,433,tm,92
23,444,tm,71
23,447,tm,86
23,451,tm,57
23,468,tm,1
23,473,tm,3
23,474,tm,9
23,479,tm,23
23,482,tm,34
23,488,tm,43
23,490,tm,47
23,496,tm,48
23,497,tm,49
23,503,tm,55
23,507,tm,58
23,510,tm,59
23,511,tm,60
23,512,tm,62
23,514,tm,67
23,521,tm,72
23,522,tm,76
23,523,tm,78
23,524,tm,79
23,525,tm,82
23,528,tm,93
23,555,tm,95
23,590,tm,100
23,605,tm,99
23,611,tm,83
23,612,tm,98
24,14,tm,75
24,15,hm,1
24,19,hm,2
24,46,tm,5
24,53,tm,35
24,57,hm,3
24,58,tm,13
24,59,tm,14
24,63,tm,15
24,70,hm,4
24,76,tm,22
24,85,tm,24
24,86,tm,73
24,87,tm,25
24,89,tm,26
24,91,tm,28
24,92,tm,6
24,94,tm,29
24,104,tm,32
24,113,tm,16
24,115,tm,33
24,126,tm,38
24,127,hm,5
24,138,tm,85
24,148,tm,70
24,153,tm,64
24,156,tm,44
24,157,tm,80
24,164,tm,90
24,168,tm,46
24,182,tm,17
24,188,tm,36
24,201,tm,37
24,206,tm,54
24,207,tm,87
24,211,tm,51
24,213,tm,45
24,214,tm,88
24,216,tm,27
24,218,tm,21
24,219,tm,20
24,237,tm,10
24,240,tm,18
24,241,tm,11
24,244,tm,77
24,247,tm,30
24,249,hm,6
24,258,tm,7
24,259,tm,41
24,261,tm,61
24,263,tm,42
24,267,tm,96
24,269,tm,12
24,280,tm,31
24,290,tm,94
24,291,hm,7
24,315,tm,50
24,317,tm,39
24,332,tm,40
24,337,tm,2
24,339,tm,8
24,347,tm,4
24,355,tm,19
24,360,tm,74
24,369,tm,89
24,371,tm,66
24,373,tm,63
24,374,tm,56
24,397,tm,69
24,398,tm,84
24,399,tm,97
24,404,tm,81
24,411,tm,52
24,412,tm,53
24,416,tm,68
24,421,tm,65
24,430,tm,91
24,433,tm,92
24,444,tm,71
24,447,tm,86
24,451,tm,57
24,468,tm,1
24,473,tm,3
24,474,tm,9
24,479,tm,23
24,482,tm,34
24,488,tm,43
24,490,tm,47
24,496,tm,48
24,497,tm,49
24,503,tm,55
24,507,tm,58
24,510,tm,59
24,511,tm,60
24,512,tm,62
24,514,tm,67
24,521,tm,72
24,522,tm,76
24,523,tm,78
24,524,tm,79
24,525,tm,82
24,528,tm,93
24,555,tm,95
24,590,tm,100
24,605,tm,99
24,611,tm,83
24,612,tm,98
25,14,tm,75
25,19,tm,76
25,46,tm,5
25,53,tm,35
25,57,tm,94
25,58,tm,13
25,59,tm,14
25,63,tm,15
25,76,tm,22
25,85,tm,24
25,86,tm,73
25,87,tm,25
25,89,tm,26
25,92,tm,6
25,94,tm,29
25,104,tm,32
25,113,tm,16
25,115,tm,33
25,126,tm,38
25,127,tm,98
25,138,tm,85
25,141,tm,28
25,153,tm,64
25,156,tm,44
25,157,tm,80
25,164,tm,90
25,168,tm,46
25,182,tm,17
25,188,tm,36
25,201,tm,37
25,206,tm,54
25,207,tm,87
25,211,tm,51
25,213,tm,45
25,214,tm,88
25,216,tm,27
25,218,tm,21
25,219,tm,20
25,237,tm,10
25,240,tm,18
25,241,tm,11
25,244,tm,77
25,247,tm,30
25,258,tm,7
25,259,tm,41
25,261,tm,61
25,263,tm,42
25,267,tm,96
25,269,tm,12
25,280,tm,31
25,315,tm,50
25,317,tm,39
25,332,tm,40
25,337,tm,2
25,339,tm,8
25,347,tm,4
25,355,tm,19
25,360,tm,74
25,369,tm,89
25,371,tm,66
25,373,tm,63
25,374,tm,56
25,397,tm,69
25,398,tm,84
25,399,tm,97
25,404,tm,81
25,411,tm,52
25,412,tm,53
25,416,tm,68
25,421,tm,65
25,430,tm,91
25,433,tm,92
25,444,tm,71
25,447,tm,86
25,451,tm,57
25,473,tm,3
25,474,tm,9
25,479,tm,23
25,482,tm,34
25,488,tm,43
25,490,tm,47
25,496,tm,48
25,497,tm,49
25,503,tm,55
25,507,tm,58
25,511,tm,60
25,512,tm,62
25,521,tm,72
25,523,tm,78
25,524,tm,79
25,525,tm,82
25,526,tm,1
25,528,tm,93
25,555,tm,95
25,590,tm,100
25,605,tm,99
25,611,tm,83
25,684,tm,67
25,693,tm,59
25,694,tm,70
26,14,tm,75
26,19,tm,76
26,46,tm,5
26,53,tm,35
26,57,tm,94
26,58,tm,13
26,59,tm,14
26,63,tm,15
26,76,tm,22
26,85,tm,24
26,86,tm,73
26,87,tm,25
26,89,tm,26
26,92,tm,6
26,94,tm,29
26,104,tm,32
26,113,tm,16
26,115,tm,33
26,126,tm,38
26,127,tm,98
26,138,tm,85
26,141,tm,28
26,153,tm,64
26,156,tm,44
26,157,tm,80
26,164,tm,90
26,168,tm,46
26,182,tm,17
26,188,tm,36
26,201,tm,37
26,206,tm,54
26,207,tm,87
26,211,tm,51
26,213,tm,45
26,214,tm,88
26,216,tm,27
26,218,tm,21
26,219,tm,20
26,237,tm,10
26,240,tm,18
26,241,tm,11
26,244,tm,77
26,247,tm,30
26,258,tm,7
26,259,tm,41
26,261,tm,61
26,263,tm,42
26,267,tm,96
26,269,tm,12
26,280,tm,31
26,315,tm,50
26,317,tm,39
26,332,tm,40
26,337,tm,2
26,339,tm,8
26,347,tm,4
26,355,tm,19
26,360,tm,74
26,369,tm,89
26,371,tm,66
26,373,tm,63
26,374,tm,56
26,397,tm,69
26,398,tm,84
26,399,tm,97
26,404,tm,81
26,411,tm,52
26,412,tm,53
26,416,tm,68
26,421,tm,65
26,430,tm,91
26,433,tm,92
26,444,tm,71
26,447,tm,86
26,451,tm,57
26,473,tm,3
26,474,tm,9
26,479,tm,23
26,482,tm,34
26,488,tm,43
26,490,tm,47
26,496,tm,48
26,497,tm,49
26,503,tm,55
26,507,tm,58
26,511,tm,60
26,512,tm,62
26,521,tm,72
26,523,tm,78
26,524,tm,79
26,525,tm,82
26,526,tm,1
26,528,tm,93
26,555,tm,95
26,590,tm,100
26,605,tm,99
26,611,tm,83
26,684,tm,67
26,693,tm,59
26,694,tm,70
27,14,tm,75
27,19,tm,76
27,46,tm,5
27,53,tm,35
27,57,tm,94
27,58,tm,13
27,59,tm,14
27,63,tm,15
27,76,tm,22
27,85,tm,24
27,86,tm,73
27,87,tm,25
27,89,tm,26
27,92,tm,6
27,94,tm,29
27,104,tm,32
27,113,tm,16
27,115,tm,33
27,126,tm,38
27,127,tm,98
27,138,tm,85
27,141,tm,28
27,153,tm,64
27,156,tm,44
27,157,tm,80
27,164,tm,90
27,168,tm,46
27,182,tm,17
27,188,tm,36
27,201,tm,37
27,206,tm,54
27,207,tm,87
27,211,tm,51
27,213,tm,45
27,214,tm,88
27,216,tm,27
27,218,tm,21
27,219,tm,20
27,237,tm,10
27,240,tm,18
27,241,tm,11
27,244,tm,77
27,247,tm,30
27,258,tm,7
27,259,tm,41
27,261,tm,61
27,263,tm,42
27,267,tm,96
27,269,tm,12
27,280,tm,31
27,315,tm,50
27,317,tm,39
27,332,tm,40
27,337,tm,2
27,339,tm,8
27,347,tm,4
27,355,tm,19
27,360,tm,74
27,369,tm,89
27,371,tm,66
27,373,tm,63
27,374,tm,56
27,397,tm,69
27,398,tm,84
27,399,tm,97
27,404,tm,81
27,411,tm,52
27,412,tm,53
27,416,tm,68
27,421,tm,65
27,430,tm,91
27,433,tm,92
27,444,tm,71
27,447,tm,86
27,451,tm,57
27,473,tm,3
27,474,tm,9
27,479,tm,23
27,482,tm,34
27,488,tm,43
27,490,tm,47
27,496,tm,48
27,497,tm,49
27,503,tm,55
27,507,tm,58
27,511,tm,60
27,512,tm,62
27,521,tm,72
27,523,tm,78
27,524,tm,79
27,525,tm,82
27,526,tm,1
27,528,tm,93
27,555,tm,95
27,590,tm,100
27,605,tm,99
27,611,tm,83
27,684,tm,67
27,693,tm,59
27,694,tm,70
28,14,tm,75
28,19,tm,76
28,46,tm,5
28,53,tm,35
28,57,tm,94
28,58,tm,13
28,59,tm,14
28,63,tm,15
28,76,tm,22
28,85,tm,24
28,86,tm,73
28,87,tm,25
28,89,tm,26
28,92,tm,6
28,94,tm,29
28,104,tm,32
28,113,tm,16
28,115,tm,33
28,126,tm,38
28,127,tm,98
28,138,tm,85
28,141,tm,28
28,153,tm,64
28,156,tm,44
28,157,tm,80
28,164,tm,90
28,168,tm,46
28,182,tm,17
28,188,tm,36
28,201,tm,37
28,206,tm,54
28,207,tm,87
28,211,tm,51
28,213,tm,45
28,214,tm,88
28,216,tm,27
28,218,tm,21
28,219,tm,20
28,237,tm,10
28,240,tm,18
28,241,tm,11
28,244,tm,77
28,247,tm,30
28,258,tm,7
28,259,tm,41
28,261,tm,61
28,263,tm,42
28,267,tm,96
28,269,tm,12
28,280,tm,31
28,315,tm,50
28,317,tm,39
28,332,tm,40
28,337,tm,2
28,339,tm,8
28,347,tm,4
28,355,tm,19
28,360,tm,74
28,369,tm,89
28,371,tm,66
28,373,tm,63
28,374,tm,56
28,397,tm,69
28,398,tm,84
28,399,tm,97
28,404,tm,81
28,411,tm,52
28,412,tm,53
28,416,tm,68
28,421,tm,65
28,430,tm,91
28,433,tm,92
28,444,tm,71
28,447,tm,86
28,451,tm,57
28,473,tm,3
28,474,tm,9
28,479,tm,23
28,482,tm,34
28,488,tm,43
28,490,tm,47
28,496,tm,48
28,497,tm,49
28,503,tm,55
28,507,tm,58
28,511,tm,60
28,512,tm,62
28,521,tm,72
28,523,tm,78
28,524,tm,79
28,525,tm,82
28,526,tm,1
28,528,tm,93
28,555,tm,95
28,590,tm,100
28,605,tm,99
28,611,tm,83
28,684,tm,67
28,693,tm,59
28,694,tm,70
29,5,tm,0
29,6,tm,2
29,7,tm,3
29,8,tm,4
29,9,tm,5
29,14,tr,0
29,19,tm,6
29,25,tm,1
29,34,tr,1
29,42,tm,7
29,53,tr,2
29,56,tr,3
29,57,tr,4
29,58,tr,5
29,59,tr,6
29,63,tm,8
29,67,tr,7
29,76,tm,11
29,83,tm,13
29,85,tr,8
29,86,tm,14
29,87,tr,9
29,89,tr,10
29,91,tm,15
29,94,tr,11
29,97,tr,12
29,103,tm,16
29,113,tm,17
29,115,tm,18
29,116,tr,13
29,118,tr,14
29,120,tm,20
29,126,tr,15
29,127,tr,16
29,129,tm,40
29,133,tr,17
29,141,tr,18
29,156,tm,21
29,157,tm,22
29,161,tr,19
29,164,tr,20
29,168,tm,23
29,173,tm,24
29,179,tr,21
29,182,tm,25
29,184,tm,26
29,188,tr,22
29,191,tr,23
29,196,tm,27
29,200,tr,24
29,201,tm,32
29,202,tm,28
29,203,tr,26
29,204,tm,29
29,206,tm,94
29,211,tm,30
29,213,tm,31
29,214,tr,27
29,219,tm,19
29,224,tr,28
29,226,tr,29
29,227,tr,30
29,231,tr,31
29,240,tm,33
29,241,tm,34
29,242,tr,32
29,247,tr,33
29,248,tr,34
29,250,tm,36
29,251,tm,37
29,253,tr,35
29,257,tr,36
29,258,tm,35
29,261,tm,38
29,263,tm,39
29,269,tr,37
29,270,tm,41
29,271,tr,38
29,276,tr,39
29,279,tm,42
29,280,tm,43
29,285,tr,40
29,286,tm,44
29,291,tm,45
29,299,tr,41
29,304,tr,42
29,311,tm,46
29,313,tm,47
29,315,tr,43
29,317,tm,48
29,322,tr,44
29,328,tm,49
29,330,tr,45
29,331,tm,50
29,333,tm,51
29,334,tr,46
29,337,tr,47
29,339,tr,48
29,340,tm,52
29,341,tm,53
29,345,tm,10
29,347,tr,49
29,348,tr,50
29,349,tr,51
29,350,tm,54
29,360,tr,52
29,362,tm,55
29,369,tm,56
29,370,tr,53
29,371,tm,57
29,372,tm,58
29,374,tm,59
29,384,tm,60
29,385,tm,61
29,390,tr,54
29,394,tr,55
29,396,tr,56
29,398,tr,57
29,399,tr,58
29,402,tr,59
29,403,tm,95
29,404,tr,60
29,405,tr,61
29,406,tr,62
29,408,tr,63
29,409,tm,63
29,411,tr,64
29,412,tr,65
29,413,tr,66
29,414,tr,67
29,416,tm,9
29,417,tr,68
29,419,tm,64
29,421,tm,65
29,422,tm,66
29,423,tm,67
29,424,tm,68
29,427,tm,69
29,428,tr,69
29,430,tr,70
29,433,tm,70
29,437,tr,71
29,438,tr,72
29,440,tm,73
29,441,tr,73
29,442,tr,74
29,444,tr,75
29,446,tr,76
29,447,tr,77
29,472,tm,71
29,473,tr,25
29,474,tm,74
29,478,tm,72
29,482,tr,78
29,484,tr,79
29,486,tr,80
29,490,tm,75
29,492,tr,81
29,496,tm,76
29,500,tr,82
29,502,tr,83
29,503,tr,84
29,506,tm,77
29,512,tm,78
29,514,tm,79
29,521,tm,80
29,523,tm,81
29,526,tr,85
29,527,tm,82
29,528,tr,86
29,529,tr,87
29,534,tm,83
29,535,tr,88
29,541,tm,84
29,542,tr,89
29,555,tm,85
29,566,tm,86
29,577,tm,87
29,580,tm,88
29,581,tm,89
29,583,tr,90
29,595,tm,92
29,598,tm,93
29,599,tr,91
29,604,tm,90
29,605,tr,92
29,663,tr,93
29,667,tr,94
29,669,tm,12
29,675,tr,95
29,676,tr,96
29,678,tm,91
29,683,tm,62
29,684,tm,96
29,693,tm,97
29,706,tr,97
29,707,tm,98
29,710,tr,98
29,776,tr,99
29,784,tm,99
30,5,tm,0
30,6,tm,2
30,7,tm,3
30,8,tm,4
30,9,tm,5
30,14,tr,0
30,19,tm,6
30,25,tm,1
30,34,tr,1
30,42,tm,7
30,53,tr,2
30,56,tr,3
30,57,tr,4
30,58,tr,5
30,59,tr,6
30,63,tm,8
30,67,tr,7
30,76,tm,11
30,83,tm,13
30,85,tr,8
30,86,tm,14
30,87,tr,9
30,89,tr,10
30,91,tm,15
30,94,tr,11
30,97,tr,12
30,103,tm,16
30,113,tm,17
30,115,tm,18
30,116,tr,13
30,118,tr,14
30,120,tm,20
30,126,tr,15
30,127,tr,16
30,129,tm,40
30,133,tr,17
30,141,tr,18
30,156,tm,21
30,157,tm,22
30,161,tr,19
30,164,tr,20
30,168,tm,23
30,173,tm,24
30,179,tr,21
30,182,tm,25
30,184,tm,26
30,188,tr,22
30,191,tr,23
30,196,tm,27
30,200,tr,24
30,201,tm,32
30,202,tm,28
30,203,tr,26
30,204,tm,29
30,206,tm,94
30,211,tm,30
30,213,tm,31
30,214,tr,27
30,219,tm,19
30,224,tr,28
30,226,tr,29
30,227,tr,30
30,231,tr,31
30,240,tm,33
30,241,tm,34
30,242,tr,32
30,247,tr,33
30,248,tr,34
30,250,tm,36
30,251,tm,37
30,253,tr,35
30,257,tr,36
30,258,tm,35
30,261,tm,38
30,263,tm,39
30,269,tr,37
30,270,tm,41
30,271,tr,38
30,276,tr,39
30,279,tm,42
30,280,tm,43
30,285,tr,40
30,286,tm,44
30,291,tm,45
30,299,tr,41
30,304,tr,42
30,311,tm,46
30,313,tm,47
30,315,tr,43
30,317,tm,48
30,322,tr,44
30,328,tm,49
30,330,tr,45
30,331,tm,50
30,333,tm,51
30,334,tr,46
30,337,tr,47
30,339,tr,48
30,340,tm,52
30,341,tm,53
30,345,tm,10
30,347,tr,49
30,348,tr,50
30,349,tr,51
30,350,tm,54
30,360,tr,52
30,362,tm,55
30,369,tm,56
30,370,tr,53
30,371,tm,57
30,372,tm,58
30,374,tm,59
30,384,tm,60
30,385,tm,61
30,390,tr,54
30,394,tr,55
30,396,tr,56
30,398,tr,57
30,399,tr,58
30,402,tr,59
30,403,tm,95
30,404,tr,60
30,405,tr,61
30,406,tr,62
30,408,tr,63
30,409,tm,63
30,411,tr,64
30,412,tr,65
30,413,tr,66
30,414,tr,67
30,416,tm,9
30,417,tr,68
30,419,tm,64
30,421,tm,65
30,422,tm,66
30,423,tm,67
30,424,tm,68
30,427,tm,69
30,428,tr,69
30,430,tr,70
30,433,tm,70
30,437,tr,71
30,438,tr,72
30,440,tm,73
30,441,tr,73
30,442,tr,74
30,444,tr,75
30,446,tr,76
30,447,tr,77
30,472,tm,71
30,473,tr,25
30,474,tm,74
30,478,tm,72
30,482,tr,78
30,484,tr,79
30,486,tr,80
30,490,tm,75
30,492,tr,81
30,496,tm,76
30,500,tr,82
30,502,tr,83
30,503,tr,84
30,506,tm,77
30,512,tm,78
30,514,tm,79
30,521,tm,80
30,523,tm,81
30,526,tr,85
30,527,tm,82
30,528,tr,86
30,529,tr,87
30,534,tm,83
30,535,tr,88
30,541,tm,84
30,542,tr,89
30,555,tm,85
30,566,tm,86
30,577,tm,87
30,580,tm,88
30,581,tm,89
30,583,tr,90
30,595,tm,92
30,598,tm,93
30,599,tr,91
30,604,tm,90
30,605,tr,92
30,663,tr,93
30,667,tr,94
30,669,tm,12
30,675,tr,95
30,676,tr,96
30,678,tm,91
30,683,tm,62
30,684,tm,96
30,693,tm,97
30,706,tr,97
30,707,tm,98
30,710,tr,98
30,776,tr,99
30,784,tm,99
10003,6,tm,57
10003,7,tm,31
10003,8,tm,35
10003,9,tm,23
10003,19,tm,14
10003,29,tm,1
10003,53,tm,37
10003,57,tm,47
10003,58,tm,55
10003,59,tm,51
10003,63,tm,48
10003,69,tm,15
10003,72,tm,53
10003,76,tm,45
10003,85,tm,36
10003,86,tm,16
10003,87,tm,38
10003,89,tm,41
10003,91,tm,10
10003,92,tm,27
10003,94,tm,40
10003,100,tm,4
10003,113,tm,6
10003,115,tm,9
10003,120,tm,42
10003,126,tm,46
10003,127,tm,25
10003,138,tm,59
10003,156,tm,5
10003,157,tm,22
10003,161,tm,28
10003,164,tm,8
10003,182,tm,7
10003,188,tm,52
10003,200,tm,39
10003,224,tm,60
10003,231,tm,19
10003,247,tm,43
10003,261,tm,11
10003,263,tm,12
10003,269,tm,2
10003,270,tm,3
10003,276,tm,49
10003,280,tm,13
10003,339,tm,30
10003,347,tm,33
10003,355,tm,50
10003,369,tm,18
10003,398,tm,26
10003,399,tm,20
10003,404,tm,24
10003,406,tm,34
10003,430,tm,54
10003,446,tm,56
10003,492,tm,21
10003,503,tm,29
10003,525,tm,17
10003,529,tm,58
10003,583,tm,44
10003,605,tm,32
10004,6,tm,57
10004,7,tm,31
10004,8,tm,35
10004,9,tm,23
10004,19,tm,14
10004,29,tm,1
10004,53,tm,37
10004,57,tm,47
10004,58,tm,55
10004,59,tm,51
10004,63,tm,48
10004,69,tm,15
10004,72,tm,53
10004,76,tm,45
10004,85,tm,36
10004,86,tm,16
10004,87,tm,38
10004,89,tm,41
10004,91,tm,10
10004,92,tm,27
10004,94,tm,40
10004,100,tm,4
10004,113,tm,6
10004,115,tm,9
10004,120,tm,42
10004,126,tm,46
10004,127,tm,25
10004,138,tm,59
10004,156,tm,5
10004,157,tm,22
10004,161,tm,28
10004,164,tm,8
10004,182,tm,7
10004,188,tm,52
10004,200,tm,39
10004,224,tm,60
10004,231,tm,19
10004,247,tm,43
10004,261,tm,11
10004,263,tm,12
10004,269,tm,2
10004,270,tm,3
10004,276,tm,49
10004,280,tm,13
10004,339,tm,30
10004,347,tm,33
10004,355,tm,50
10004,369,tm,18
10004,398,tm,26
10004,399,tm,20
10004,404,tm,24
10004,406,tm,34
10004,430,tm,54
10004,446,tm,56
10004,492,tm,21
10004,503,tm,29
10004,525,tm,17
10004,529,tm,58
10004,583,tm,44
10004,605,tm,32
