game_id,move_id
1,1
1,2
1,3
1,4
1,5
1,6
1,7
1,8
1,9
1,10
1,11
1,12
1,13
1,14
1,15
1,16
1,17
1,18
1,19
1,20
1,21
1,22
1,23
1,24
1,25
1,26
1,27
1,28
1,29
1,30
1,31
1,32
1,33
1,34
1,35
1,36
1,37
1,38
1,39
1,40
1,41
1,42
1,43
1,44
1,45
1,46
1,47
1,48
1,49
1,50
1,51
1,52
1,53
1,54
1,55
1,56
1,57
1,58
1,59
1,60
1,61
1,62
1,63
1,64
1,65
1,66
1,67
1,68
1,69
1,70
1,71
1,72
1,73
1,74
1,75
1,76
1,77
1,78
1,79
1,80
1,81
1,82
1,83
1,84
1,85
1,86
1,87
1,88
1,89
1,90
1,91
1,92
1,93
1,94
1,95
1,96
1,97
1,98
1,99
1,100
1,101
1,102
1,103
1,104
1,105
1,106
1,107
1,108
1,109
1,110
1,111
1,112
1,113
1,114
1,115
1,116
1,117
1,118
1,119
1,120
1,121
1,122
1,123
1,124
1,125
1,126
1,127
1,128
1,129
1,130
1,131
1,132
1,133
1,134
1,135
1,136
1,137
1,138
1,139
1,140
1,141
1,142
1,143
1,144
1,145
1,146
1,147
1,148
1,149
1,150
1,151
1,152
1,153
1,154
1,155
1,156
1,157
1,158
1,159
1,160
1,161
1,162
1,163
1,164
1,165
2,1
2,2
2,3
2,4
2,5
2,6
2,7
2,8
2,9
2,10
2,11
2,12
2,13
2,14
2,15
2,16
2,17
2,18
2,19
2,20
2,21
2,22
2,23
2,24
2,25
2,26
2,27
2,28
2,29
2,30
2,31
2,32
2,33
2,34
2,35
2,36
2,37
2,38
2,39
2,40
2,41
2,42
2,43
2,44
2,45
2,46
2,47
2,48
2,49
2,50
2,51
2,52
2,53
2,54
2,55
2,56
2,57
2,58
2,59
2,60
2,61
2,62
2,63
2,64
2,65
2,66
2,67
2,68
2,69
2,70
2,71
2,72
2,73
2,74
2,75
2,76
2,77
2,78
2,79
2,80
2,81
2,82
2,83
2,84
2,85
2,86
2,87
2,88
2,89
2,90
2,91
2,92
2,93
2,94
2,95
2,96
2,97
2,98
2,99
2,100
2,101
2,102
2,103
2,104
2,105
2,106
2,107
2,108
2,109
2,110
2,111
2,112
2,113
2,114
2,115
2,116
2,117
2,118
2,119
2,120
2,121
2,122
2,123
2,124
2,125
2,126
2,127
2,128
2,129
2,130
2,131
2,132
2,133
2,134
2,135
2,136
2,137
2,138
2,139
2,140
2,141
2,142
2,143
2,144
2,145
2,146
2,147
2,148
2,149
2,150
2,151
2,152
2,153
2,154
2,155
2,156
2,157
2,158
2,159
2,160
2,161
2,162
2,163
2,164
2,165
3,1
3,2
3,3
3,4
3,5
3,6
3,7
3,8
3,9
3,10
3,11
3,12
3,13
3,14
3,15
3,16
3,17
3,18
3,19
3,20
3,21
3,22
3,23
3,24
3,25
3,26
3,27
3,28
3,29
3,30
3,31
3,32
3,33
3,34
3,35
3,36
3,37
3,38
3,39
3,40
3,41
3,42
3,43
3,44
3,45
3,46
3,47
3,48
3,49
3,50
3,51
3,52
3,53
3,54
3,55
3,56
3,57
3,58
3,59
3,60
3,61
3,62
3,63
3,64
3,65
3,66
3,67
3,68
3,69
3,70
3,71
3,72
3,73
3,74
3,75
3,76
3,77
3,78
3,79
3,80
3,81
3,82
3,83
3,84
3,85
3,86
3,87
3,88
3,89
3,90
3,91
3,92
3,93
3,94
3,95
3,96
3,97
3,98
3,99
3,100
3,101
3,102
3,103
3,104
3,105
3,106
3,107
3,108
3,109
3,110
3,111
3,112
3,113
3,114
3,115
3,116
3,117
3,118
3,119
3,120
3,121
3,122
3,123
3,124
3,125
3,126
3,127
3,128
3,129
3,130
3,131
3,132
3,133
3,134
3,135
3,136
3,137
3,138
3,139
3,140
3,141
3,142
3,143
3,144
3,145
3,146
3,147
3,148
3,149
3,150
3,151
3,152
3,153
3,154
3,155
3,156
3,157
3,158
3,159
3,160
3,161
3,162
3,163
3,164
3,165
4,1
4,2
4,3
4,4
4,5
4,6
4,7
4,8
4,9
4,10
4,11
4,12
4,13
4,14
4,15
4,16
4,17
4,18
4,19
4,20
4,21
4,22
4,23
4,24
4,25
4,26
4,27
4,28
4,29
4,30
4,31
4,32
4,33
4,34
4,35
4,36
4,37
4,38
4,39
4,40
4,41
4,42
4,43
4,44
4,45
4,46
4,47
4,48
4,49
4,50
4,51
4,52
4,53
4,54
4,55
4,56
4,57
4,58
4,59
4,60
4,61
4,62
4,63
4,64
4,65
4,66
4,67
4,68
4,69
4,70
4,71
4,72
4,73
4,74
4,75
4,76
4,77
4,78
4,79
4,80
4,81
4,82
4,83
4,84
4,85
4,86
4,87
4,88
4,89
4,90
4,91
4,92
4,93
4,94
4,95
4,96
4,97
4,98
4,99
4,100
4,101
4,102
4,103
4,104
4,105
4,106
4,107
4,108
4,109
4,110
4,111
4,112
4,113
4,114
4,115
4,116
4,117
4,118
4,119
4,120
4,121
4,122
4,123
4,124
4,125
4,126
4,127
4,128
4,129
4,130
4,131
4,132
4,133
4,134
4,135
4,136
4,137
4,138
4,139
4,140
4,141
4,142
4,143
4,144
4,145
4,146
4,147
4,148
4,149
4,150
4,151
4,152
4,153
4,154
4,155
4,156
4,157
4,158
4,159
4,160
4,161
4,162
4,163
4,164
4,165
4,166
4,167
4,168
4,169
4,170
4,171
4,172
4,173
4,174
4,175
4,176
4,177
4,178
4,179
4,180
4,181
4,182
4,183
4,184
4,185
4,186
4,187
4,188
4,189
4,190
4,191
4,192
4,193
4,194
4,195
4,196
4,197
4,198
4,199
4,200
4,201
4,202
4,203
4,204
4,205
4,206
4,207
4,208
4,209
4,210
4,211
4,212
4,213
4,214
4,215
4,216
4,217
4,218
4,219
4,220
4,221
4,222
4,223
4,224
4,225
4,226
4,227
4,228
4,229
4,230
4,231
4,232
4,233
4,234
4,235
4,236
4,237
4,238
4,239
4,240
4,241
4,242
4,243
4,244
4,245
4,246
4,247
4,248
4,249
4,250
4,251
5,1
5,2
5,3
5,4
5,5
5,6
5,7
5,8
5,9
5,10
5,11
5,12
5,13
5,14
5,15
5,16
5,17
5,18
5,19
5,20
5,21
5,22
5,23
5,24
5,25
5,26
5,27
5,28
5,29
5,30
5,31
5,32
5,33
5,34
5,35
5,36
5,37
5,38
5,39
5,40
5,41
5,42
5,43
5,44
5,45
5,46
5,47
5,48
5,49
5,50
5,51
5,52
5,53
5,54
5,55
5,56
5,57
5,58
5,59
5,60
5,61
5,62
5,63
5,64
5,65
5,66
5,67
5,68
5,69
5,70
5,71
5,72
5,73
5,74
5,75
5,76
5,77
5,78
5,79
5,80
5,81
5,82
5,83
5,84
5,85
5,86
5,87
5,88
5,89
5,90
5,91
5,92
5,93
5,94
5,95
5,96
5,97
5,98
5,99
5,100
5,101
5,102
5,103
5,104
5,105
5,106
5,107
5,108
5,109
5,110
5,111
5,112
5,113
5,114
5,115
5,116
5,117
5,118
5,119
5,120
5,121
5,122
5,123
5,124
5,125
5,126
5,127
5,128
5,129
5,130
5,131
5,132
5,133
5,134
5,135
5,136
5,137
5,138
5,139
5,140
5,141
5,142
5,143
5,144
5,145
5,146
5,147
5,148
5,149
5,150
5,151
5,152
5,153
5,154
5,155
5,156
5,157
5,158
5,159
5,160
5,161
5,162
5,163
5,164
5,165
5,166
5,167
5,168
5,169
5,170
5,171
5,172
5,173
5,174
5,175
5,176
5,177
5,178
5,179
5,180
5,181
5,182
5,183
5,184
5,185
5,186
5,187
5,188
5,189
5,190
5,191
5,192
5,193
5,194
5,195
5,196
5,197
5,198
5,199
5,200
5,201
5,202
5,203
5,204
5,205
5,206
5,207
5,208
5,209
5,210
5,211
5,212
5,213
5,214
5,215
5,216
5,217
5,218
5,219
5,220
5,221
5,222
5,223
5,224
5,225
5,226
5,227
5,228
5,229
5,230
5,231
5,232
5,233
5,234
5,235
5,236
5,237
5,238
5,239
5,240
5,241
5,242
5,243
5,244
5,245
5,246
5,247
5,248
5,249
5,250
5,251
6,1
6,2
6,3
6,4
6,5
6,6
6,7
6,8
6,9
6,10
6,11
6,12
6,13
6,14
6,15
6,16
6,17
6,18
6,19
6,20
6,21
6,22
6,23
6,24
6,25
6,26
6,27
6,28
6,29
6,30
6,31
6,32
6,33
6,34
6,35
6,36
6,37
6,38
6,39
6,40
6,41
6,42
6,43
6,44
6,45
6,46
6,47
6,48
6,49
6,50
6,51
6,52
6,53
6,54
6,55
6,56
6,57
6,58
6,59
6,60
6,61
6,62
6,63
6,64
6,65
6,66
6,67
6,68
6,69
6,70
6,71
6,72
6,73
6,74
6,75
6,76
6,77
6,78
6,79
6,80
6,81
6,82
6,83
6,84
6,85
6,86
6,87
6,88
6,89
6,90
6,91
6,92
6,93
6,94
6,95
6,96
6,97
6,98
6,99
6,100
6,101
6,102
6,103
6,104
6,105
6,106
6,107
6,108
6,109
6,110
6,111
6,112
6,113
6,114
6,115
6,116
6,117
6,118
6,119
6,120
6,121
6,122
6,123
6,124
6,125
6,126
6,127
6,128
6,129
6,130
6,131
6,132
6,133
6,134
6,135
6,136
6,137
6,138
6,139
6,140
6,141
6,142
6,143
6,144
6,145
6,146
6,147
6,148
6,149
6,150
6,151
6,152
6,153
6,154
6,155
6,156
6,157
6,158
6,159
6,160
6,161
6,162
6,163
6,164
6,165
6,166
6,167
6,168
6,169
6,170
6,171
6,172
6,173
6,174
6,175
6,176
6,177
6,178
6,179
6,180
6,181
6,182
6,183
6,184
6,185
6,186
6,187
6,188
6,189
6,190
6,191
6,192
6,193
6,194
6,195
6,196
6,197
6,198
6,199
6,200
6,201
6,202
6,203
6,204
6,205
6,206
6,207
6,208
6,209
6,210
6,211
6,212
6,213
6,214
6,215
6,216
6,217
6,218
6,219
6,220
6,221
6,222
6,223
6,224
6,225
6,226
6,227
6,228
6,229
6,230
6,231
6,232
6,233
6,234
6,235
6,236
6,237
6,238
6,239
6,240
6,241
6,242
6,243
6,244
6,245
6,246
6,247
6,248
6,249
6,250
6,251
7,1
7,2
7,3
7,4
7,5
7,6
7,7
7,8
7,9
7,10
7,11
7,12
7,13
7,14
7,15
7,16
7,17
7,18
7,19
7,20
7,21
7,22
7,23
7,24
7,25
7,26
7,27
7,28
7,29
7,30
7,31
7,32
7,33
7,34
7,35
7,36
7,37
7,38
7,39
7,40
7,41
7,42
7,43
7,44
7,45
7,46
7,47
7,48
7,49
7,50
7,51
7,52
7,53
7,54
7,55
7,56
7,57
7,58
7,59
7,60
7,61
7,62
7,63
7,64
7,65
7,66
7,67
7,68
7,69
7,70
7,71
7,72
7,73
7,74
7,75
7,76
7,77
7,78
7,79
7,80
7,81
7,82
7,83
7,84
7,85
7,86
7,87
7,88
7,89
7,90
7,91
7,92
7,93
7,94
7,95
7,96
7,97
7,98
7,99
7,100
7,101
7,102
7,103
7,104
7,105
7,106
7,107
7,108
7,109
7,110
7,111
7,112
7,113
7,114
7,115
7,116
7,117
7,118
7,119
7,120
7,121
7,122
7,123
7,124
7,125
7,126
7,127
7,128
7,129
7,130
7,131
7,132
7,133
7,134
7,135
7,136
7,137
7,138
7,139
7,140
7,141
7,142
7,143
7,144
7,145
7,146
7,147
7,148
7,149
7,150
7,151
7,152
7,153
7,154
7,155
7,156
7,157
7,158
7,159
7,160
7,161
7,162
7,163
7,164
7,165
7,166
7,167
7,168
7,169
7,170
7,171
7,172
7,173
7,174
7,175
7,176
7,177
7,178
7,179
7,180
7,181
7,182
7,183
7,184
7,185
7,186
7,187
7,188
7,189
7,190
7,191
7,192
7,193
7,194
7,195
7,196
7,197
7,198
7,199
7,200
7,201
7,202
7,203
7,204
7,205
7,206
7,207
7,208
7,209
7,210
7,211
7,212
7,213
7,214
7,215
7,216
7,217
7,218
7,219
7,220
7,221
7,222
7,223
7,224
7,225
7,226
7,227
7,228
7,229
7,230
7,231
7,232
7,233
7,234
7,235
7,236
7,237
7,238
7,239
7,240
7,241
7,242
7,243
7,244
7,245
7,246
7,247
7,248
7,249
7,250
7,251
7,252
7,253
7,254
7,255
7,256
7,257
7,258
7,259
7,260
7,261
7,262
7,263
7,264
7,265
7,266
7,267
7,268
7,269
7,270
7,271
7,272
7,273
7,274
7,275
7,276
7,277
7,278
7,279
7,280
7,281
7,282
7,283
7,284
7,285
7,286
7,287
7,288
7,289
7,290
7,291
7,292
7,293
7,294
7,295
7,296
7,297
7,298
7,299
7,300
7,301
7,302
7,303
7,304
7,305
7,306
7,307
7,308
7,309
7,310
7,311
7,312
7,313
7,314
7,315
7,316
7,317
7,318
7,319
7,320
7,321
7,322
7,323
7,324
7,325
7,326
7,327
7,328
7,329
7,330
7,331
7,332
7,333
7,334
7,335
7,336
7,337
7,338
7,339
7,340
7,341
7,342
7,343
7,344
7,345
7,346
7,347
7,348
7,349
7,350
7,351
7,352
7,353
7,354
8,1
8,2
8,3
8,4
8,5
8,6
8,7
8,8
8,9
8,10
8,11
8,12
8,13
8,14
8,15
8,16
8,17
8,18
8,19
8,20
8,21
8,22
8,23
8,24
8,25
8,26
8,27
8,28
8,29
8,30
8,31
8,32
8,33
8,34
8,35
8,36
8,37
8,38
8,39
8,40
8,41
8,42
8,43
8,44
8,45
8,46
8,47
8,48
8,49
8,50
8,51
8,52
8,53
8,54
8,55
8,56
8,57
8,58
8,59
8,60
8,61
8,62
8,63
8,64
8,65
8,66
8,67
8,68
8,69
8,70
8,71
8,72
8,73
8,74
8,75
8,76
8,77
8,78
8,79
8,80
8,81
8,82
8,83
8,84
8,85
8,86
8,87
8,88
8,89
8,90
8,91
8,92
8,93
8,94
8,95
8,96
8,97
8,98
8,99
8,100
8,101
8,102
8,103
8,104
8,105
8,106
8,107
8,108
8,109
8,110
8,111
8,112
8,113
8,114
8,115
8,116
8,117
8,118
8,119
8,120
8,121
8,122
8,123
8,124
8,125
8,126
8,127
8,128
8,129
8,130
8,131
8,132
8,133
8,134
8,135
8,136
8,137
8,138
8,139
8,140
8,141
8,142
8,143
8,144
8,145
8,146
8,147
8,148
8,149
8,150
8,151
8,152
8,153
8,154
8,155
8,156
8,157
8,158
8,159
8,160
8,161
8,162
8,163
8,164
8,165
8,166
8,167
8,168
8,169
8,170
8,171
8,172
8,173
8,174
8,175
8,176
8,177
8,178
8,179
8,180
8,181
8,182
8,183
8,184
8,185
8,186
8,187
8,188
8,189
8,190
8,191
8,192
8,193
8,194
8,195
8,196
8,197
8,198
8,199
8,200
8,201
8,202
8,203
8,204
8,205
8,206
8,207
8,208
8,209
8,210
8,211
8,212
8,213
8,214
8,215
8,216
8,217
8,218
8,219
8,220
8,221
8,222
8,223
8,224
8,225
8,226
8,227
8,228
8,229
8,230
8,231
8,232
8,233
8,234
8,235
8,236
8,237
8,238
8,239
8,240
8,241
8,242
8,243
8,244
8,245
8,246
8,247
8,248
8,249
8,250
8,251
8,252
8,253
8,254
8,255
8,256
8,257
8,258
8,259
8,260
8,261
8,262
8,263
8,264
8,265
8,266
8,267
8,268
8,269
8,270
8,271
8,272
8,273
8,274
8,275
8,276
8,277
8,278
8,279
8,280
8,281
8,282
8,283
8,284
8,285
8,286
8,287
8,288
8,289
8,290
8,291
8,292
8,293
8,294
8,295
8,296
8,297
8,298
8,299
8,300
8,301
8,302
8,303
8,304
8,305
8,306
8,307
8,308
8,309
8,310
8,311
8,312
8,313
8,314
8,315
8,316
8,317
8,318
8,319
8,320
8,321
8,322
8,323
8,324
8,325
8,326
8,327
8,328
8,329
8,330
8,331
8,332
8,333
8,334
8,335
8,336
8,337
8,338
8,339
8,340
8,341
8,342
8,343
8,344
8,345
8,346
8,347
8,348
8,349
8,350
8,351
8,352
8,353
8,354
9,1
9,2
9,3
9,4
9,5
9,6
9,7
9,8
9,9
9,10
9,11
9,12
9,13
9,14
9,15
9,16
9,17
9,18
9,19
9,20
9,21
9,22
9,23
9,24
9,25
9,26
9,27
9,28
9,29
9,30
9,31
9,32
9,33
9,34
9,35
9,36
9,37
9,38
9,39
9,40
9,41
9,42
9,43
9,44
9,45
9,46
9,47
9,48
9,49
9,50
9,51
9,52
9,53
9,54
9,55
9,56
9,57
9,58
9,59
9,60
9,61
9,62
9,63
9,64
9,65
9,66
9,67
9,68
9,69
9,70
9,71
9,72
9,73
9,74
9,75
9,76
9,77
9,78
9,79
9,80
9,81
9,82
9,83
9,84
9,85
9,86
9,87
9,88
9,89
9,90
9,91
9,92
9,93
9,94
9,95
9,96
9,97
9,98
9,99
9,100
9,101
9,102
9,103
9,104
9,105
9,106
9,107
9,108
9,109
9,110
9,111
9,112
9,113
9,114
9,115
9,116
9,117
9,118
9,119
9,120
9,121
9,122
9,123
9,124
9,125
9,126
9,127
9,128
9,129
9,130
9,131
9,132
9,133
9,134
9,135
9,136
9,137
9,138
9,139
9,140
9,141
9,142
9,143
9,144
9,145
9,146
9,147
9,148
9,149
9,150
9,151
9,152
9,153
9,154
9,155
9,156
9,157
9,158
9,159
9,160
9,161
9,162
9,163
9,164
9,165
9,166
9,167
9,168
9,169
9,170
9,171
9,172
9,173
9,174
9,175
9,176
9,177
9,178
9,179
9,180
9,181
9,182
9,183
9,184
9,185
9,186
9,187
9,188
9,189
9,190
9,191
9,192
9,193
9,194
9,195
9,196
9,197
9,198
9,199
9,200
9,201
9,202
9,203
9,204
9,205
9,206
9,207
9,208
9,209
9,210
9,211
9,212
9,213
9,214
9,215
9,216
9,217
9,218
9,219
9,220
9,221
9,222
9,223
9,224
9,225
9,226
9,227
9,228
9,229
9,230
9,231
9,232
9,233
9,234
9,235
9,236
9,237
9,238
9,239
9,240
9,241
9,242
9,243
9,244
9,245
9,246
9,247
9,248
9,249
9,250
9,251
9,252
9,253
9,254
9,255
9,256
9,257
9,258
9,259
9,260
9,261
9,262
9,263
9,264
9,265
9,266
9,267
9,268
9,269
9,270
9,271
9,272
9,273
9,274
9,275
9,276
9,277
9,278
9,279
9,280
9,281
9,282
9,283
9,284
9,285
9,286
9,287
9,288
9,289
9,290
9,291
9,292
9,293
9,294
9,295
9,296
9,297
9,298
9,299
9,300
9,301
9,302
9,303
9,304
9,305
9,306
9,307
9,308
9,309
9,310
9,311
9,312
9,313
9,314
9,315
9,316
9,317
9,318
9,319
9,320
9,321
9,322
9,323
9,324
9,325
9,326
9,327
9,328
9,329
9,330
9,331
9,332
9,333
9,334
9,335
9,336
9,337
9,338
9,339
9,340
9,341
9,342
9,343
9,344
9,345
9,346
9,347
9,348
9,349
9,350
9,351
9,352
9,353
9,354
10,1
10,2
10,3
10,4
10,5
10,6
10,7
10,8
10,9
10,10
10,11
10,12
10,13
10,14
10,15
10,16
10,17
10,18
10,19
10,20
10,21
10,22
10,23
10,24
10,25
10,26
10,27
10,28
10,29
10,30
10,31
10,32
10,33
10,34
10,35
10,36
10,37
10,38
10,39
10,40
10,41
10,42
10,43
10,44
10,45
10,46
10,47
10,48
10,49
10,50
10,51
10,52
10,53
10,54
10,55
10,56
10,57
10,58
10,59
10,60
10,61
10,62
10,63
10,64
10,65
10,66
10,67
10,68
10,69
10,70
10,71
10,72
10,73
10,74
10,75
10,76
10,77
10,78
10,79
10,80
10,81
10,82
10,83
10,84
10,85
10,86
10,87
10,88
10,89
10,90
10,91
10,92
10,93
10,94
10,95
10,96
10,97
10,98
10,99
10,100
10,101
10,102
10,103
10,104
10,105
10,106
10,107
10,108
10,109
10,110
10,111
10,112
10,113
10,114
10,115
10,116
10,117
10,118
10,119
10,120
10,121
10,122
10,123
10,124
10,125
10,126
10,127
10,128
10,129
10,130
10,131
10,132
10,133
10,134
10,135
10,136
10,137
10,138
10,139
10,140
10,141
10,142
10,143
10,144
10,145
10,146
10,147
10,148
10,149
10,150
10,151
10,152
10,153
10,154
10,155
10,156
10,157
10,158
10,159
10,160
10,161
10,162
10,163
10,164
10,165
10,166
10,167
10,168
10,169
10,170
10,171
10,172
10,173
10,174
10,175
10,176
10,177
10,178
10,179
10,180
10,181
10,182
10,183
10,184
10,185
10,186
10,187
10,188
10,189
10,190
10,191
10,192
10,193
10,194
10,195
10,196
10,197
10,198
10,199
10,200
10,201
10,202
10,203
10,204
10,205
10,206
10,207
10,208
10,209
10,210
10,211
10,212
10,213
10,214
10,215
10,216
10,217
10,218
10,219
10,220
10,221
10,222
10,223
10,224
10,225
10,226
10,227
10,228
10,229
10,230
10,231
10,232
10,233
10,234
10,235
10,236
10,237
10,238
10,239
10,240
10,241
10,242
10,243
10,244
10,245
10,246
10,247
10,248
10,249
10,250
10,251
10,252
10,253
10,254
10,255
10,256
10,257
10,258
10,259
10,260
10,261
10,262
10,263
10,264
10,265
10,266
10,267
10,268
10,269
10,270
10,271
10,272
10,273
10,274
10,275
10,276
10,277
10,278
10,279
10,280
10,281
10,282
10,283
10,284
10,285
10,286
10,287
10,288
10,289
10,290
10,291
10,292
10,293
10,294
10,295
10,296
10,297
10,298
10,299
10,300
10,301
10,302
10,303
10,304
10,305
10,306
10,307
10,308
10,309
10,310
10,311
10,312
10,313
10,314
10,315
10,316
10,317
10,318
10,319
10,320
10,321
10,322
10,323
10,324
10,325
10,326
10,327
10,328
10,329
10,330
10,331
10,332
10,333
10,334
10,335
10,336
10,337
10,338
10,339
10,340
10,341
10,342
10,343
10,344
10,345
10,346
10,347
10,348
10,349
10,350
10,351
10,352
10,353
10,354
11,1
11,2
11,3
11,4
11,5
11,6
11,7
11,8
11,9
11,10
11,11
11,12
11,13
11,14
11,15
11,16
11,17
11,18
11,19
11,20
11,21
11,22
11,23
11,24
11,25
11,26
11,27
11,28
11,29
11,30
11,31
11,32
11,33
11,34
11,35
11,36
11,37
11,38
11,39
11,40
11,41
11,42
11,43
11,44
11,45
11,46
11,47
11,48
11,49
11,50
11,51
11,52
11,53
11,54
11,55
11,56
11,57
11,58
11,59
11,60
11,61
11,62
11,63
11,64
11,65
11,66
11,67
11,68
11,69
11,70
11,71
11,72
11,73
11,74
11,75
11,76
11,77
11,78
11,79
11,80
11,81
11,82
11,83
11,84
11,85
11,86
11,87
11,88
11,89
11,90
11,91
11,92
11,93
11,94
11,95
11,96
11,97
11,98
11,99
11,100
11,101
11,102
11,103
11,104
11,105
11,106
11,107
11,108
11,109
11,110
11,111
11,112
11,113
11,114
11,115
11,116
11,117
11,118
11,119
11,120
11,121
11,122
11,123
11,124
11,125
11,126
11,127
11,128
11,129
11,130
11,131
11,132
11,133
11,134
11,135
11,136
11,137
11,138
11,139
11,140
11,141
11,142
11,143
11,144
11,145
11,146
11,147
11,148
11,149
11,150
11,151
11,152
11,153
11,154
11,155
11,156
11,157
11,158
11,159
11,160
11,161
11,162
11,163
11,164
11,165
11,166
11,167
11,168
11,169
11,170
11,171
11,172
11,173
11,174
11,175
11,176
11,177
11,178
11,179
11,180
11,181
11,182
11,183
11,184
11,185
11,186
11,187
11,188
11,189
11,190
11,191
11,192
11,193
11,194
11,195
11,196
11,197
11,198
11,199
11,200
11,201
11,202
11,203
11,204
11,205
11,206
11,207
11,208
11,209
11,210
11,211
11,212
11,213
11,214
11,215
11,216
11,217
11,218
11,219
11,220
11,221
11,222
11,223
11,224
11,225
11,226
11,227
11,228
11,229
11,230
11,231
11,232
11,233
11,234
11,235
11,236
11,237
11,238
11,239
11,240
11,241
11,242
11,243
11,244
11,245
11,246
11,247
11,248
11,249
11,250
11,251
11,252
11,253
11,254
11,255
11,256
11,257
11,258
11,259
11,260
11,261
11,262
11,263
11,264
11,265
11,266
11,267
11,268
11,269
11,270
11,271
11,272
11,273
11,274
11,275
11,276
11,277
11,278
11,279
11,280
11,281
11,282
11,283
11,284
11,285
11,286
11,287
11,288
11,289
11,290
11,291
11,292
11,293
11,294
11,295
11,296
11,297
11,298
11,299
11,300
11,301
11,302
11,303
11,304
11,305
11,306
11,307
11,308
11,309
11,310
11,311
11,312
11,313
11,314
11,315
11,316
11,317
11,318
11,319
11,320
11,321
11,322
11,323
11,324
11,325
11,326
11,327
11,328
11,329
11,330
11,331
11,332
11,333
11,334
11,335
11,336
11,337
11,338
11,339
11,340
11,341
11,342
11,343
11,344
11,345
11,346
11,347
11,348
11,349
11,350
11,351
11,352
11,353
11,354
12,1
12,2
12,3
12,4
12,5
12,6
12,7
12,8
12,9
12,10
12,11
12,12
12,13
12,14
12,15
12,16
12,17
12,18
12,19
12,20
12,21
12,22
12,23
12,24
12,25
12,26
12,27
12,28
12,29
12,30
12,31
12,32
12,33
12,34
12,35
12,36
12,37
12,38
12,39
12,40
12,41
12,42
12,43
12,44
12,45
12,46
12,47
12,48
12,49
12,50
12,51
12,52
12,53
12,54
12,55
12,56
12,57
12,58
12,59
12,60
12,61
12,62
12,63
12,64
12,65
12,66
12,67
12,68
12,69
12,70
12,71
12,72
12,73
12,74
12,75
12,76
12,77
12,78
12,79
12,80
12,81
12,82
12,83
12,84
12,85
12,86
12,87
12,88
12,89
12,90
12,91
12,92
12,93
12,94
12,95
12,96
12,97
12,98
12,99
12,100
12,101
12,102
12,103
12,104
12,105
12,106
12,107
12,108
12,109
12,110
12,111
12,112
12,113
12,114
12,115
12,116
12,117
12,118
12,119
12,120
12,121
12,122
12,123
12,124
12,125
12,126
12,127
12,128
12,129
12,130
12,131
12,132
12,133
12,134
12,135
12,136
12,137
12,138
12,139
12,140
12,141
12,142
12,143
12,144
12,145
12,146
12,147
12,148
12,149
12,150
12,151
12,152
12,153
12,154
12,155
12,156
12,157
12,158
12,159
12,160
12,161
12,162
12,163
12,164
12,165
12,166
12,167
12,168
12,169
12,170
12,171
12,172
12,173
12,174
12,175
12,176
12,177
12,178
12,179
12,180
12,181
12,182
12,183
12,184
12,185
12,186
12,187
12,188
12,189
12,190
12,191
12,192
12,193
12,194
12,195
12,196
12,197
12,198
12,199
12,200
12,201
12,202
12,203
12,204
12,205
12,206
12,207
12,208
12,209
12,210
12,211
12,212
12,213
12,214
12,215
12,216
12,217
12,218
12,219
12,220
12,221
12,222
12,223
12,224
12,225
12,226
12,227
12,228
12,229
12,230
12,231
12,232
12,233
12,234
12,235
12,236
12,237
12,238
12,239
12,240
12,241
12,242
12,243
12,244
12,245
12,246
12,247
12,248
12,249
12,250
12,251
12,252
12,253
12,254
12,255
12,256
12,257
12,258
12,259
12,260
12,261
12,262
12,263
12,264
12,265
12,266
12,267
12,268
12,269
12,270
12,271
12,272
12,273
12,274
12,275
12,276
12,277
12,278
12,279
12,280
12,281
12,282
12,283
12,284
12,285
12,286
12,287
12,288
12,289
12,290
12,291
12,292
12,293
12,294
12,295
12,296
12,297
12,298
12,299
12,300
12,301
12,302
12,303
12,304
12,305
12,306
12,307
12,308
12,309
12,310
12,311
12,312
12,313
12,314
12,315
12,316
12,317
12,318
12,319
12,320
12,321
12,322
12,323
12,324
12,325
12,326
12,327
12,328
12,329
12,330
12,331
12,332
12,333
12,334
12,335
12,336
12,337
12,338
12,339
12,340
12,341
12,342
12,343
12,344
12,345
12,346
12,347
12,348
12,349
12,350
12,351
12,352
12,353
12,354
12,355
12,356
12,357
12,358
12,359
12,360
12,361
12,362
12,363
12,364
12,365
12,366
12,367
12,368
12,369
12,370
12,371
12,372
12,373
12,374
12,375
12,376
12,377
12,378
12,379
12,380
12,381
12,382
12,383
12,384
12,385
12,386
12,387
12,388
12,389
12,390
12,391
12,392
12,393
12,394
12,395
12,396
12,397
12,398
12,399
12,400
12,401
12,402
12,403
12,404
12,405
12,406
12,407
12,408
12,409
12,410
12,411
12,412
12,413
12,414
12,415
12,416
12,417
12,418
12,419
12,420
12,421
12,422
12,423
12,424
12,425
12,426
12,427
12,428
12,429
12,430
12,431
12,432
12,433
12,434
12,435
12,436
12,437
12,438
12,439
12,440
12,441
12,442
12,443
12,444
12,445
12,446
12,447
12,448
12,449
12,450
12,451
12,452
12,453
12,454
12,455
12,456
12,457
12,458
12,459
12,460
12,461
12,462
12,463
12,464
12,465
12,466
12,467
13,1
13,2
13,3
13,4
13,5
13,6
13,7
13,8
13,9
13,10
13,11
13,12
13,13
13,14
13,15
13,16
13,17
13,18
13,19
13,20
13,21
13,22
13,23
13,24
13,25
13,26
13,27
13,28
13,29
13,30
13,31
13,32
13,33
13,34
13,35
13,36
13,37
13,38
13,39
13,40
13,41
13,42
13,43
13,44
13,45
13,46
13,47
13,48
13,49
13,50
13,51
13,52
13,53
13,54
13,55
13,56
13,57
13,58
13,59
13,60
13,61
13,62
13,63
13,64
13,65
13,66
13,67
13,68
13,69
13,70
13,71
13,72
13,73
13,74
13,75
13,76
13,77
13,78
13,79
13,80
13,81
13,82
13,83
13,84
13,85
13,86
13,87
13,88
13,89
13,90
13,91
13,92
13,93
13,94
13,95
13,96
13,97
13,98
13,99
13,100
13,101
13,102
13,103
13,104
13,105
13,106
13,107
13,108
13,109
13,110
13,111
13,112
13,113
13,114
13,115
13,116
13,117
13,118
13,119
13,120
13,121
13,122
13,123
13,124
13,125
13,126
13,127
13,128
13,129
13,130
13,131
13,132
13,133
13,134
13,135
13,136
13,137
13,138
13,139
13,140
13,141
13,142
13,143
13,144
13,145
13,146
13,147
13,148
13,149
13,150
13,151
13,152
13,153
13,154
13,155
13,156
13,157
13,158
13,159
13,160
13,161
13,162
13,163
13,164
13,165
13,166
13,167
13,168
13,169
13,170
13,171
13,172
13,173
13,174
13,175
13,176
13,177
13,178
13,179
13,180
13,181
13,182
13,183
13,184
13,185
13,186
13,187
13,188
13,189
13,190
13,191
13,192
13,193
13,194
13,195
13,196
13,197
13,198
13,199
13,200
13,201
13,202
13,203
13,204
13,205
13,206
13,207
13,208
13,209
13,210
13,211
13,212
13,213
13,214
13,215
13,216
13,217
13,218
13,219
13,220
13,221
13,222
13,223
13,224
13,225
13,226
13,227
13,228
13,229
13,230
13,231
13,232
13,233
13,234
13,235
13,236
13,237
13,238
13,239
13,240
13,241
13,242
13,243
13,244
13,245
13,246
13,247
13,248
13,249
13,250
13,251
13,252
13,253
13,254
13,255
13,256
13,257
13,258
13,259
13,260
13,261
13,262
13,263
13,264
13,265
13,266
13,267
13,268
13,269
13,270
13,271
13,272
13,273
13,274
13,275
13,276
13,277
13,278
13,279
13,280
13,281
13,282
13,283
13,284
13,285
13,286
13,287
13,288
13,289
13,290
13,291
13,292
13,293
13,294
13,295
13,296
13,297
13,298
13,299
13,300
13,301
13,302
13,303
13,304
13,305
13,306
13,307
13,308
13,309
13,310
13,311
13,312
13,313
13,314
13,315
13,316
13,317
13,318
13,319
13,320
13,321
13,322
13,323
13,324
13,325
13,326
13,327
13,328
13,329
13,330
13,331
13,332
13,333
13,334
13,335
13,336
13,337
13,338
13,339
13,340
13,341
13,342
13,343
13,344
13,345
13,346
13,347
13,348
13,349
13,350
13,351
13,352
13,353
13,354
13,355
13,356
13,357
13,358
13,359
13,360
13,361
13,362
13,363
13,364
13,365
13,366
13,367
13,368
13,369
13,370
13,371
13,372
13,373
13,374
13,375
13,376
13,377
13,378
13,379
13,380
13,381
13,382
13,383
13,384
13,385
13,386
13,387
13,388
13,389
13,390
13,391
13,392
13,393
13,394
13,395
13,396
13,397
13,398
13,399
13,400
13,401
13,402
13,403
13,404
13,405
13,406
13,407
13,408
13,409
13,410
13,411
13,412
13,413
13,414
13,415
13,416
13,417
13,418
13,419
13,420
13,421
13,422
13,423
13,424
13,425
13,426
13,427
13,428
13,429
13,430
13,431
13,432
13,433
13,434
13,435
13,436
13,437
13,438
13,439
13,440
13,441
13,442
13,443
13,444
13,445
13,446
13,447
13,448
13,449
13,450
13,451
13,452
13,453
13,454
13,455
13,456
13,457
13,458
13,459
13,460
13,461
13,462
13,463
13,464
13,465
13,466
13,467
14,1
14,2
14,3
14,4
14,5
14,6
14,7
14,8
14,9
14,10
14,11
14,12
14,13
14,14
14,15
14,16
14,17
14,18
14,19
14,20
14,21
14,22
14,23
14,24
14,25
14,26
14,27
14,28
14,29
14,30
14,31
14,32
14,33
14,34
14,35
14,36
14,37
14,38
14,39
14,40
14,41
14,42
14,43
14,44
14,45
14,46
14,47
14,48
14,49
14,50
14,51
14,52
14,53
14,54
14,55
14,56
14,57
14,58
14,59
14,60
14,61
14,62
14,63
14,64
14,65
14,66
14,67
14,68
14,69
14,70
14,71
14,72
14,73
14,74
14,75
14,76
14,77
14,78
14,79
14,80
14,81
14,82
14,83
14,84
14,85
14,86
14,87
14,88
14,89
14,90
14,91
14,92
14,93
14,94
14,95
14,96
14,97
14,98
14,99
14,100
14,101
14,102
14,103
14,104
14,105
14,106
14,107
14,108
14,109
14,110
14,111
14,112
14,113
14,114
14,115
14,116
14,117
14,118
14,119
14,120
14,121
14,122
14,123
14,124
14,125
14,126
14,127
14,128
14,129
14,130
14,131
14,132
14,133
14,134
14,135
14,136
14,137
14,138
14,139
14,140
14,141
14,142
14,143
14,144
14,145
14,146
14,147
14,148
14,149
14,150
14,151
14,152
14,153
14,154
14,155
14,156
14,157
14,158
14,159
14,160
14,161
14,162
14,163
14,164
14,165
14,166
14,167
14,168
14,169
14,170
14,171
14,172
14,173
14,174
14,175
14,176
14,177
14,178
14,179
14,180
14,181
14,182
14,183
14,184
14,185
14,186
14,187
14,188
14,189
14,190
14,191
14,192
14,193
14,194
14,195
14,196
14,197
14,198
14,199
14,200
14,201
14,202
14,203
14,204
14,205
14,206
14,207
14,208
14,209
14,210
14,211
14,212
14,213
14,214
14,215
14,216
14,217
14,218
14,219
14,220
14,221
14,222
14,223
14,224
14,225
14,226
14,227
14,228
14,229
14,230
14,231
14,232
14,233
14,234
14,235
14,236
14,237
14,238
14,239
14,240
14,241
14,242
14,243
14,244
14,245
14,246
14,247
14,248
14,249
14,250
14,251
14,252
14,253
14,254
14,255
14,256
14,257
14,258
14,259
14,260
14,261
14,262
14,263
14,264
14,265
14,266
14,267
14,268
14,269
14,270
14,271
14,272
14,273
14,274
14,275
14,276
14,277
14,278
14,279
14,280
14,281
14,282
14,283
14,284
14,285
14,286
14,287
14,288
14,289
14,290
14,291
14,292
14,293
14,294
14,295
14,296
14,297
14,298
14,299
14,300
14,301
14,302
14,303
14,304
14,305
14,306
14,307
14,308
14,309
14,310
14,311
14,312
14,313
14,314
14,315
14,316
14,317
14,318
14,319
14,320
14,321
14,322
14,323
14,324
14,325
14,326
14,327
14,328
14,329
14,330
14,331
14,332
14,333
14,334
14,335
14,336
14,337
14,338
14,339
14,340
14,341
14,342
14,343
14,344
14,345
14,346
14,347
14,348
14,349
14,350
14,351
14,352
14,353
14,354
14,355
14,356
14,357
14,358
14,359
14,360
14,361
14,362
14,363
14,364
14,365
14,366
14,367
14,368
14,369
14,370
14,371
14,372
14,373
14,374
14,375
14,376
14,377
14,378
14,379
14,380
14,381
14,382
14,383
14,384
14,385
14,386
14,387
14,388
14,389
14,390
14,391
14,392
14,393
14,394
14,395
14,396
14,397
14,398
14,399
14,400
14,401
14,402
14,403
14,404
14,405
14,406
14,407
14,408
14,409
14,410
14,411
14,412
14,413
14,414
14,415
14,416
14,417
14,418
14,419
14,420
14,421
14,422
14,423
14,424
14,425
14,426
14,427
14,428
14,429
14,430
14,431
14,432
14,433
14,434
14,435
14,436
14,437
14,438
14,439
14,440
14,441
14,442
14,443
14,444
14,445
14,446
14,447
14,448
14,449
14,450
14,451
14,452
14,453
14,454
14,455
14,456
14,457
14,458
14,459
14,460
14,461
14,462
14,463
14,464
14,465
14,466
14,467
15,1
15,2
15,3
15,4
15,5
15,6
15,7
15,8
15,9
15,10
15,11
15,12
15,13
15,14
15,15
15,16
15,17
15,18
15,19
15,20
15,21
15,22
15,23
15,24
15,25
15,26
15,27
15,28
15,29
15,30
15,31
15,32
15,33
15,34
15,35
15,36
15,37
15,38
15,39
15,40
15,41
15,42
15,43
15,44
15,45
15,46
15,47
15,48
15,49
15,50
15,51
15,52
15,53
15,54
15,55
15,56
15,57
15,58
15,59
15,60
15,61
15,62
15,63
15,64
15,65
15,66
15,67
15,68
15,69
15,70
15,71
15,72
15,73
15,74
15,75
15,76
15,77
15,78
15,79
15,80
15,81
15,82
15,83
15,84
15,85
15,86
15,87
15,88
15,89
15,90
15,91
15,92
15,93
15,94
15,95
15,96
15,97
15,98
15,99
15,100
15,101
15,102
15,103
15,104
15,105
15,106
15,107
15,108
15,109
15,110
15,111
15,112
15,113
15,114
15,115
15,116
15,117
15,118
15,119
15,120
15,121
15,122
15,123
15,124
15,125
15,126
15,127
15,128
15,129
15,130
15,131
15,132
15,133
15,134
15,135
15,136
15,137
15,138
15,139
15,140
15,141
15,142
15,143
15,144
15,145
15,146
15,147
15,148
15,149
15,150
15,151
15,152
15,153
15,154
15,155
15,156
15,157
15,158
15,159
15,160
15,161
15,162
15,163
15,164
15,165
15,166
15,167
15,168
15,169
15,170
15,171
15,172
15,173
15,174
15,175
15,176
15,177
15,178
15,179
15,180
15,181
15,182
15,183
15,184
15,185
15,186
15,187
15,188
15,189
15,190
15,191
15,192
15,193
15,194
15,195
15,196
15,197
15,198
15,199
15,200
15,201
15,202
15,203
15,204
15,205
15,206
15,207
15,208
15,209
15,210
15,211
15,212
15,213
15,214
15,215
15,216
15,217
15,218
15,219
15,220
15,221
15,222
15,223
15,224
15,225
15,226
15,227
15,228
15,229
15,230
15,231
15,232
15,233
15,234
15,235
15,236
15,237
15,238
15,239
15,240
15,241
15,242
15,243
15,244
15,245
15,246
15,247
15,248
15,249
15,250
15,251
15,252
15,253
15,254
15,255
15,256
15,257
15,258
15,259
15,260
15,261
15,262
15,263
15,264
15,265
15,266
15,267
15,268
15,269
15,270
15,271
15,272
15,273
15,274
15,275
15,276
15,277
15,278
15,279
15,280
15,281
15,282
15,283
15,284
15,285
15,286
15,287
15,288
15,289
15,290
15,291
15,292
15,293
15,294
15,295
15,296
15,297
15,298
15,299
15,300
15,301
15,302
15,303
15,304
15,305
15,306
15,307
15,308
15,309
15,310
15,311
15,312
15,313
15,314
15,315
15,316
15,317
15,318
15,319
15,320
15,321
15,322
15,323
15,324
15,325
15,326
15,327
15,328
15,329
15,330
15,331
15,332
15,333
15,334
15,335
15,336
15,337
15,338
15,339
15,340
15,341
15,342
15,343
15,344
15,345
15,346
15,347
15,348
15,349
15,350
15,351
15,352
15,353
15,354
15,355
15,356
15,357
15,358
15,359
15,360
15,361
15,362
15,363
15,364
15,365
15,366
15,367
15,368
15,369
15,370
15,371
15,372
15,373
15,374
15,375
15,376
15,377
15,378
15,379
15,380
15,381
15,382
15,383
15,384
15,385
15,386
15,387
15,388
15,389
15,390
15,391
15,392
15,393
15,394
15,395
15,396
15,397
15,398
15,399
15,400
15,401
15,402
15,403
15,404
15,405
15,406
15,407
15,408
15,409
15,410
15,411
15,412
15,413
15,414
15,415
15,416
15,417
15,418
15,419
15,420
15,421
15,422
15,423
15,424
15,425
15,426
15,427
15,428
15,429
15,430
15,431
15,432
15,433
15,434
15,435
15,436
15,437
15,438
15,439
15,440
15,441
15,442
15,443
15,444
15,445
15,446
15,447
15,448
15,449
15,450
15,451
15,452
15,453
15,454
15,455
15,456
15,457
15,458
15,459
15,460
15,461
15,462
15,463
15,464
15,465
15,466
15,467
16,1
16,2
16,3
16,4
16,5
16,6
16,7
16,8
16,9
16,10
16,11
16,12
16,13
16,14
16,15
16,16
16,17
16,18
16,19
16,20
16,21
16,22
16,23
16,24
16,25
16,26
16,27
16,28
16,29
16,30
16,31
16,32
16,33
16,34
16,35
16,36
16,37
16,38
16,39
16,40
16,41
16,42
16,43
16,44
16,45
16,46
16,47
16,48
16,49
16,50
16,51
16,52
16,53
16,54
16,55
16,56
16,57
16,58
16,59
16,60
16,61
16,62
16,63
16,64
16,65
16,66
16,67
16,68
16,69
16,70
16,71
16,72
16,73
16,74
16,75
16,76
16,77
16,78
16,79
16,80
16,81
16,82
16,83
16,84
16,85
16,86
16,87
16,88
16,89
16,90
16,91
16,92
16,93
16,94
16,95
16,96
16,97
16,98
16,99
16,100
16,101
16,102
16,103
16,104
16,105
16,106
16,107
16,108
16,109
16,110
16,111
16,112
16,113
16,114
16,115
16,116
16,117
16,118
16,119
16,120
16,121
16,122
16,123
16,124
16,125
16,126
16,127
16,128
16,129
16,130
16,131
16,132
16,133
16,134
16,135
16,136
16,137
16,138
16,139
16,140
16,141
16,142
16,143
16,144
16,145
16,146
16,147
16,148
16,149
16,150
16,151
16,152
16,153
16,154
16,155
16,156
16,157
16,158
16,159
16,160
16,161
16,162
16,163
16,164
16,165
16,166
16,167
16,168
16,169
16,170
16,171
16,172
16,173
16,174
16,175
16,176
16,177
16,178
16,179
16,180
16,181
16,182
16,183
16,184
16,185
16,186
16,187
16,188
16,189
16,190
16,191
16,192
16,193
16,194
16,195
16,196
16,197
16,198
16,199
16,200
16,201
16,202
16,203
16,204
16,205
16,206
16,207
16,208
16,209
16,210
16,211
16,212
16,213
16,214
16,215
16,216
16,217
16,218
16,219
16,220
16,221
16,222
16,223
16,224
16,225
16,226
16,227
16,228
16,229
16,230
16,231
16,232
16,233
16,234
16,235
16,236
16,237
16,238
16,239
16,240
16,241
16,242
16,243
16,244
16,245
16,246
16,247
16,248
16,249
16,250
16,251
16,252
16,253
16,254
16,255
16,256
16,257
16,258
16,259
16,260
16,261
16,262
16,263
16,264
16,265
16,266
16,267
16,268
16,269
16,270
16,271
16,272
16,273
16,274
16,275
16,276
16,277
16,278
16,279
16,280
16,281
16,282
16,283
16,284
16,285
16,286
16,287
16,288
16,289
16,290
16,291
16,292
16,293
16,294
16,295
16,296
16,297
16,298
16,299
16,300
16,301
16,302
16,303
16,304
16,305
16,306
16,307
16,308
16,309
16,310
16,311
16,312
16,313
16,314
16,315
16,316
16,317
16,318
16,319
16,320
16,321
16,322
16,323
16,324
16,325
16,326
16,327
16,328
16,329
16,330
16,331
16,332
16,333
16,334
16,335
16,336
16,337
16,338
16,339
16,340
16,341
16,342
16,343
16,344
16,345
16,346
16,347
16,348
16,349
16,350
16,351
16,352
16,353
16,354
16,355
16,356
16,357
16,358
16,359
16,360
16,361
16,362
16,363
16,364
16,365
16,366
16,367
16,368
16,369
16,370
16,371
16,372
16,373
16,374
16,375
16,376
16,377
16,378
16,379
16,380
16,381
16,382
16,383
16,384
16,385
16,386
16,387
16,388
16,389
16,390
16,391
16,392
16,393
16,394
16,395
16,396
16,397
16,398
16,399
16,400
16,401
16,402
16,403
16,404
16,405
16,406
16,407
16,408
16,409
16,410
16,411
16,412
16,413
16,414
16,415
16,416
16,417
16,418
16,419
16,420
16,421
16,422
16,423
16,424
16,425
16,426
16,427
16,428
16,429
16,430
16,431
16,432
16,433
16,434
16,435
16,436
16,437
16,438
16,439
16,440
16,441
16,442
16,443
16,444
16,445
16,446
16,447
16,448
16,449
16,450
16,451
16,452
16,453
16,454
16,455
16,456
16,457
16,458
16,459
16,460
16,461
16,462
16,463
16,464
16,465
16,466
16,467
17,1
17,2
17,3
17,4
17,5
17,6
17,7
17,8
17,9
17,10
17,11
17,12
17,13
17,14
17,15
17,16
17,17
17,18
17,19
17,20
17,21
17,22
17,23
17,24
17,25
17,26
17,27
17,28
17,29
17,30
17,31
17,32
17,33
17,34
17,35
17,36
17,37
17,38
17,39
17,40
17,41
17,42
17,43
17,44
17,45
17,46
17,47
17,48
17,49
17,50
17,51
17,52
17,53
17,54
17,55
17,56
17,57
17,58
17,59
17,60
17,61
17,62
17,63
17,64
17,65
17,66
17,67
17,68
17,69
17,70
17,71
17,72
17,73
17,74
17,75
17,76
17,77
17,78
17,79
17,80
17,81
17,82
17,83
17,84
17,85
17,86
17,87
17,88
17,89
17,90
17,91
17,92
17,93
17,94
17,95
17,96
17,97
17,98
17,99
17,100
17,101
17,102
17,103
17,104
17,105
17,106
17,107
17,108
17,109
17,110
17,111
17,112
17,113
17,114
17,115
17,116
17,117
17,118
17,119
17,120
17,121
17,122
17,123
17,124
17,125
17,126
17,127
17,128
17,129
17,130
17,131
17,132
17,133
17,134
17,135
17,136
17,137
17,138
17,139
17,140
17,141
17,142
17,143
17,144
17,145
17,146
17,147
17,148
17,149
17,150
17,151
17,152
17,153
17,154
17,155
17,156
17,157
17,158
17,159
17,160
17,161
17,162
17,163
17,164
17,165
17,166
17,167
17,168
17,169
17,170
17,171
17,172
17,173
17,174
17,175
17,176
17,177
17,178
17,179
17,180
17,181
17,182
17,183
17,184
17,185
17,186
17,187
17,188
17,189
17,190
17,191
17,192
17,193
17,194
17,195
17,196
17,197
17,198
17,199
17,200
17,201
17,202
17,203
17,204
17,205
17,206
17,207
17,208
17,209
17,210
17,211
17,212
17,213
17,214
17,215
17,216
17,217
17,218
17,219
17,220
17,221
17,222
17,223
17,224
17,225
17,226
17,227
17,228
17,229
17,230
17,231
17,232
17,233
17,234
17,235
17,236
17,237
17,238
17,239
17,240
17,241
17,242
17,243
17,244
17,245
17,246
17,247
17,248
17,249
17,250
17,251
17,252
17,253
17,254
17,255
17,256
17,257
17,258
17,259
17,260
17,261
17,262
17,263
17,264
17,265
17,266
17,267
17,268
17,269
17,270
17,271
17,272
17,273
17,274
17,275
17,276
17,277
17,278
17,279
17,280
17,281
17,282
17,283
17,284
17,285
17,286
17,287
17,288
17,289
17,290
17,291
17,292
17,293
17,294
17,295
17,296
17,297
17,298
17,299
17,300
17,301
17,302
17,303
17,304
17,305
17,306
17,307
17,308
17,309
17,310
17,311
17,312
17,313
17,314
17,315
17,316
17,317
17,318
17,319
17,320
17,321
17,322
17,323
17,324
17,325
17,326
17,327
17,328
17,329
17,330
17,331
17,332
17,333
17,334
17,335
17,336
17,337
17,338
17,339
17,340
17,341
17,342
17,343
17,344
17,345
17,346
17,347
17,348
17,349
17,350
17,351
17,352
17,353
17,354
17,355
17,356
17,357
17,358
17,359
17,360
17,361
17,362
17,363
17,364
17,365
17,366
17,367
17,368
17,369
17,370
17,371
17,372
17,373
17,374
17,375
17,376
17,377
17,378
17,379
17,380
17,381
17,382
17,383
17,384
17,385
17,386
17,387
17,388
17,389
17,390
17,391
17,392
17,393
17,394
17,395
17,396
17,397
17,398
17,399
17,400
17,401
17,402
17,403
17,404
17,405
17,406
17,407
17,408
17,409
17,410
17,411
17,412
17,413
17,414
17,415
17,416
17,417
17,418
17,419
17,420
17,421
17,422
17,423
17,424
17,425
17,426
17,427
17,428
17,429
17,430
17,431
17,432
17,433
17,434
17,435
17,436
17,437
17,438
17,439
17,440
17,441
17,442
17,443
17,444
17,445
17,446
17,447
17,448
17,449
17,450
17,451
17,452
17,453
17,454
17,455
17,456
17,457
17,458
17,459
17,460
17,461
17,462
17,463
17,464
17,465
17,466
17,467
17,468
17,469
17,470
17,471
17,472
17,473
17,474
17,475
17,476
17,477
17,478
17,479
17,480
17,481
17,482
17,483
17,484
17,485
17,486
17,487
17,488
17,489
17,490
17,491
17,492
17,493
17,494
17,495
17,496
17,497
17,498
17,499
17,500
17,501
17,502
17,503
17,504
17,505
17,506
17,507
17,508
17,509
17,510
17,511
17,512
17,513
17,514
17,515
17,516
17,517
17,518
17,519
17,520
17,521
17,522
17,523
17,524
17,525
17,526
17,527
17,528
17,529
17,530
17,531
17,532
17,533
17,534
17,535
17,536
17,537
17,538
17,539
17,540
17,541
17,542
17,543
17,544
17,545
17,546
17,547
17,548
17,549
17,550
17,551
17,552
17,553
17,554
17,555
17,556
17,557
17,558
17,559
18,1
18,2
18,3
18,4
18,5
18,6
18,7
18,8
18,9
18,10
18,11
18,12
18,13
18,14
18,15
18,16
18,17
18,18
18,19
18,20
18,21
18,22
18,23
18,24
18,25
18,26
18,27
18,28
18,29
18,30
18,31
18,32
18,33
18,34
18,35
18,36
18,37
18,38
18,39
18,40
18,41
18,42
18,43
18,44
18,45
18,46
18,47
18,48
18,49
18,50
18,51
18,52
18,53
18,54
18,55
18,56
18,57
18,58
18,59
18,60
18,61
18,62
18,63
18,64
18,65
18,66
18,67
18,68
18,69
18,70
18,71
18,72
18,73
18,74
18,75
18,76
18,77
18,78
18,79
18,80
18,81
18,82
18,83
18,84
18,85
18,86
18,87
18,88
18,89
18,90
18,91
18,92
18,93
18,94
18,95
18,96
18,97
18,98
18,99
18,100
18,101
18,102
18,103
18,104
18,105
18,106
18,107
18,108
18,109
18,110
18,111
18,112
18,113
18,114
18,115
18,116
18,117
18,118
18,119
18,120
18,121
18,122
18,123
18,124
18,125
18,126
18,127
18,128
18,129
18,130
18,131
18,132
18,133
18,134
18,135
18,136
18,137
18,138
18,139
18,140
18,141
18,142
18,143
18,144
18,145
18,146
18,147
18,148
18,149
18,150
18,151
18,152
18,153
18,154
18,155
18,156
18,157
18,158
18,159
18,160
18,161
18,162
18,163
18,164
18,165
18,166
18,167
18,168
18,169
18,170
18,171
18,172
18,173
18,174
18,175
18,176
18,177
18,178
18,179
18,180
18,181
18,182
18,183
18,184
18,185
18,186
18,187
18,188
18,189
18,190
18,191
18,192
18,193
18,194
18,195
18,196
18,197
18,198
18,199
18,200
18,201
18,202
18,203
18,204
18,205
18,206
18,207
18,208
18,209
18,210
18,211
18,212
18,213
18,214
18,215
18,216
18,217
18,218
18,219
18,220
18,221
18,222
18,223
18,224
18,225
18,226
18,227
18,228
18,229
18,230
18,231
18,232
18,233
18,234
18,235
18,236
18,237
18,238
18,239
18,240
18,241
18,242
18,243
18,244
18,245
18,246
18,247
18,248
18,249
18,250
18,251
18,252
18,253
18,254
18,255
18,256
18,257
18,258
18,259
18,260
18,261
18,262
18,263
18,264
18,265
18,266
18,267
18,268
18,269
18,270
18,271
18,272
18,273
18,274
18,275
18,276
18,277
18,278
18,279
18,280
18,281
18,282
18,283
18,284
18,285
18,286
18,287
18,288
18,289
18,290
18,291
18,292
18,293
18,294
18,295
18,296
18,297
18,298
18,299
18,300
18,301
18,302
18,303
18,304
18,305
18,306
18,307
18,308
18,309
18,310
18,311
18,312
18,313
18,314
18,315
18,316
18,317
18,318
18,319
18,320
18,321
18,322
18,323
18,324
18,325
18,326
18,327
18,328
18,329
18,330
18,331
18,332
18,333
18,334
18,335
18,336
18,337
18,338
18,339
18,340
18,341
18,342
18,343
18,344
18,345
18,346
18,347
18,348
18,349
18,350
18,351
18,352
18,353
18,354
18,355
18,356
18,357
18,358
18,359
18,360
18,361
18,362
18,363
18,364
18,365
18,366
18,367
18,368
18,369
18,370
18,371
18,372
18,373
18,374
18,375
18,376
18,377
18,378
18,379
18,380
18,381
18,382
18,383
18,384
18,385
18,386
18,387
18,388
18,389
18,390
18,391
18,392
18,393
18,394
18,395
18,396
18,397
18,398
18,399
18,400
18,401
18,402
18,403
18,404
18,405
18,406
18,407
18,408
18,409
18,410
18,411
18,412
18,413
18,414
18,415
18,416
18,417
18,418
18,419
18,420
18,421
18,422
18,423
18,424
18,425
18,426
18,427
18,428
18,429
18,430
18,431
18,432
18,433
18,434
18,435
18,436
18,437
18,438
18,439
18,440
18,441
18,442
18,443
18,444
18,445
18,446
18,447
18,448
18,449
18,450
18,451
18,452
18,453
18,454
18,455
18,456
18,457
18,458
18,459
18,460
18,461
18,462
18,463
18,464
18,465
18,466
18,467
18,468
18,469
18,470
18,471
18,472
18,473
18,474
18,475
18,476
18,477
18,478
18,479
18,480
18,481
18,482
18,483
18,484
18,485
18,486
18,487
18,488
18,489
18,490
18,491
18,492
18,493
18,494
18,495
18,496
18,497
18,498
18,499
18,500
18,501
18,502
18,503
18,504
18,505
18,506
18,507
18,508
18,509
18,510
18,511
18,512
18,513
18,514
18,515
18,516
18,517
18,518
18,519
18,520
18,521
18,522
18,523
18,524
18,525
18,526
18,527
18,528
18,529
18,530
18,531
18,532
18,533
18,534
18,535
18,536
18,537
18,538
18,539
18,540
18,541
18,542
18,543
18,544
18,545
18,546
18,547
18,548
18,549
18,550
18,551
18,552
18,553
18,554
18,555
18,556
18,557
18,558
18,559
19,1
19,2
19,3
19,4
19,5
19,6
19,7
19,8
19,9
19,10
19,11
19,12
19,13
19,14
19,15
19,16
19,17
19,18
19,19
19,20
19,21
19,22
19,23
19,24
19,25
19,26
19,27
19,28
19,29
19,30
19,31
19,32
19,33
19,34
19,35
19,36
19,37
19,38
19,39
19,40
19,41
19,42
19,43
19,44
19,45
19,46
19,47
19,48
19,49
19,50
19,51
19,52
19,53
19,54
19,55
19,56
19,57
19,58
19,59
19,60
19,61
19,62
19,63
19,64
19,65
19,66
19,67
19,68
19,69
19,70
19,71
19,72
19,73
19,74
19,75
19,76
19,77
19,78
19,79
19,80
19,81
19,82
19,83
19,84
19,85
19,86
19,87
19,88
19,89
19,90
19,91
19,92
19,93
19,94
19,95
19,96
19,97
19,98
19,99
19,100
19,101
19,102
19,103
19,104
19,105
19,106
19,107
19,108
19,109
19,110
19,111
19,112
19,113
19,114
19,115
19,116
19,117
19,118
19,119
19,120
19,121
19,122
19,123
19,124
19,125
19,126
19,127
19,128
19,129
19,130
19,131
19,132
19,133
19,134
19,135
19,136
19,137
19,138
19,139
19,140
19,141
19,142
19,143
19,144
19,145
19,146
19,147
19,148
19,149
19,150
19,151
19,152
19,153
19,154
19,155
19,156
19,157
19,158
19,159
19,160
19,161
19,162
19,163
19,164
19,165
19,166
19,167
19,168
19,169
19,170
19,171
19,172
19,173
19,174
19,175
19,176
19,177
19,178
19,179
19,180
19,181
19,182
19,183
19,184
19,185
19,186
19,187
19,188
19,189
19,190
19,191
19,192
19,193
19,194
19,195
19,196
19,197
19,198
19,199
19,200
19,201
19,202
19,203
19,204
19,205
19,206
19,207
19,208
19,209
19,210
19,211
19,212
19,213
19,214
19,215
19,216
19,217
19,218
19,219
19,220
19,221
19,222
19,223
19,224
19,225
19,226
19,227
19,228
19,229
19,230
19,231
19,232
19,233
19,234
19,235
19,236
19,237
19,238
19,239
19,240
19,241
19,242
19,243
19,244
19,245
19,246
19,247
19,248
19,249
19,250
19,251
19,252
19,253
19,254
19,255
19,256
19,257
19,258
19,259
19,260
19,261
19,262
19,263
19,264
19,265
19,266
19,267
19,268
19,269
19,270
19,271
19,272
19,273
19,274
19,275
19,276
19,277
19,278
19,279
19,280
19,281
19,282
19,283
19,284
19,285
19,286
19,287
19,288
19,289
19,290
19,291
19,292
19,293
19,294
19,295
19,296
19,297
19,298
19,299
19,300
19,301
19,302
19,303
19,304
19,305
19,306
19,307
19,308
19,309
19,310
19,311
19,312
19,313
19,314
19,315
19,316
19,317
19,318
19,319
19,320
19,321
19,322
19,323
19,324
19,325
19,326
19,327
19,328
19,329
19,330
19,331
19,332
19,333
19,334
19,335
19,336
19,337
19,338
19,339
19,340
19,341
19,342
19,343
19,344
19,345
19,346
19,347
19,348
19,349
19,350
19,351
19,352
19,353
19,354
19,355
19,356
19,357
19,358
19,359
19,360
19,361
19,362
19,363
19,364
19,365
19,366
19,367
19,368
19,369
19,370
19,371
19,372
19,373
19,374
19,375
19,376
19,377
19,378
19,379
19,380
19,381
19,382
19,383
19,384
19,385
19,386
19,387
19,388
19,389
19,390
19,391
19,392
19,393
19,394
19,395
19,396
19,397
19,398
19,399
19,400
19,401
19,402
19,403
19,404
19,405
19,406
19,407
19,408
19,409
19,410
19,411
19,412
19,413
19,414
19,415
19,416
19,417
19,418
19,419
19,420
19,421
19,422
19,423
19,424
19,425
19,426
19,427
19,428
19,429
19,430
19,431
19,432
19,433
19,434
19,435
19,436
19,437
19,438
19,439
19,440
19,441
19,442
19,443
19,444
19,445
19,446
19,447
19,448
19,449
19,450
19,451
19,452
19,453
19,454
19,455
19,456
19,457
19,458
19,459
19,460
19,461
19,462
19,463
19,464
19,465
19,466
19,467
19,468
19,469
19,470
19,471
19,472
19,473
19,474
19,475
19,476
19,477
19,478
19,479
19,480
19,481
19,482
19,483
19,484
19,485
19,486
19,487
19,488
19,489
19,490
19,491
19,492
19,493
19,494
19,495
19,496
19,497
19,498
19,499
19,500
19,501
19,502
19,503
19,504
19,505
19,506
19,507
19,508
19,509
19,510
19,511
19,512
19,513
19,514
19,515
19,516
19,517
19,518
19,519
19,520
19,521
19,522
19,523
19,524
19,525
19,526
19,527
19,528
19,529
19,530
19,531
19,532
19,533
19,534
19,535
19,536
19,537
19,538
19,539
19,540
19,541
19,542
19,543
19,544
19,545
19,546
19,547
19,548
19,549
19,550
19,551
19,552
19,553
19,554
19,555
19,556
19,557
19,558
19,559
20,1
20,2
20,3
20,4
20,5
20,6
20,7
20,8
20,9
20,10
20,11
20,12
20,13
20,14
20,15
20,16
20,17
20,18
20,19
20,20
20,21
20,22
20,23
20,24
20,25
20,26
20,27
20,28
20,29
20,30
20,31
20,32
20,33
20,34
20,35
20,36
20,37
20,38
20,39
20,40
20,41
20,42
20,43
20,44
20,45
20,46
20,47
20,48
20,49
20,50
20,51
20,52
20,53
20,54
20,55
20,56
20,57
20,58
20,59
20,60
20,61
20,62
20,63
20,64
20,65
20,66
20,67
20,68
20,69
20,70
20,71
20,72
20,73
20,74
20,75
20,76
20,77
20,78
20,79
20,80
20,81
20,82
20,83
20,84
20,85
20,86
20,87
20,88
20,89
20,90
20,91
20,92
20,93
20,94
20,95
20,96
20,97
20,98
20,99
20,100
20,101
20,102
20,103
20,104
20,105
20,106
20,107
20,108
20,109
20,110
20,111
20,112
20,113
20,114
20,115
20,116
20,117
20,118
20,119
20,120
20,121
20,122
20,123
20,124
20,125
20,126
20,127
20,128
20,129
20,130
20,131
20,132
20,133
20,134
20,135
20,136
20,137
20,138
20,139
20,140
20,141
20,142
20,143
20,144
20,145
20,146
20,147
20,148
20,149
20,150
20,151
20,152
20,153
20,154
20,155
20,156
20,157
20,158
20,159
20,160
20,161
20,162
20,163
20,164
20,165
20,166
20,167
20,168
20,169
20,170
20,171
20,172
20,173
20,174
20,175
20,176
20,177
20,178
20,179
20,180
20,181
20,182
20,183
20,184
20,185
20,186
20,187
20,188
20,189
20,190
20,191
20,192
20,193
20,194
20,195
20,196
20,197
20,198
20,199
20,200
20,201
20,202
20,203
20,204
20,205
20,206
20,207
20,208
20,209
20,210
20,211
20,212
20,213
20,214
20,215
20,216
20,217
20,218
20,219
20,220
20,221
20,222
20,223
20,224
20,225
20,226
20,227
20,228
20,229
20,230
20,231
20,232
20,233
20,234
20,235
20,236
20,237
20,238
20,239
20,240
20,241
20,242
20,243
20,244
20,245
20,246
20,247
20,248
20,249
20,250
20,251
20,252
20,253
20,254
20,255
20,256
20,257
20,258
20,259
20,260
20,261
20,262
20,263
20,264
20,265
20,266
20,267
20,268
20,269
20,270
20,271
20,272
20,273
20,274
20,275
20,276
20,277
20,278
20,279
20,280
20,281
20,282
20,283
20,284
20,285
20,286
20,287
20,288
20,289
20,290
20,291
20,292
20,293
20,294
20,295
20,296
20,297
20,298
20,299
20,300
20,301
20,302
20,303
20,304
20,305
20,306
20,307
20,308
20,309
20,310
20,311
20,312
20,313
20,314
20,315
20,316
20,317
20,318
20,319
20,320
20,321
20,322
20,323
20,324
20,325
20,326
20,327
20,328
20,329
20,330
20,331
20,332
20,333
20,334
20,335
20,336
20,337
20,338
20,339
20,340
20,341
20,342
20,343
20,344
20,345
20,346
20,347
20,348
20,349
20,350
20,351
20,352
20,353
20,354
20,355
20,356
20,357
20,358
20,359
20,360
20,361
20,362
20,363
20,364
20,365
20,366
20,367
20,368
20,369
20,370
20,371
20,372
20,373
20,374
20,375
20,376
20,377
20,378
20,379
20,380
20,381
20,382
20,383
20,384
20,385
20,386
20,387
20,388
20,389
20,390
20,391
20,392
20,393
20,394
20,395
20,396
20,397
20,398
20,399
20,400
20,401
20,402
20,403
20,404
20,405
20,406
20,407
20,408
20,409
20,410
20,411
20,412
20,413
20,414
20,415
20,416
20,417
20,418
20,419
20,420
20,421
20,422
20,423
20,424
20,425
20,426
20,427
20,428
20,429
20,430
20,431
20,432
20,433
20,434
20,435
20,436
20,437
20,438
20,439
20,440
20,441
20,442
20,443
20,444
20,445
20,446
20,447
20,448
20,449
20,450
20,451
20,452
20,453
20,454
20,455
20,456
20,457
20,458
20,459
20,460
20,461
20,462
20,463
20,464
20,465
20,466
20,467
20,468
20,469
20,470
20,471
20,472
20,473
20,474
20,475
20,476
20,477
20,478
20,479
20,480
20,481
20,482
20,483
20,484
20,485
20,486
20,487
20,488
20,489
20,490
20,491
20,492
20,493
20,494
20,495
20,496
20,497
20,498
20,499
20,500
20,501
20,502
20,503
20,504
20,505
20,506
20,507
20,508
20,509
20,510
20,511
20,512
20,513
20,514
20,515
20,516
20,517
20,518
20,519
20,520
20,521
20,522
20,523
20,524
20,525
20,526
20,527
20,528
20,529
20,530
20,531
20,532
20,533
20,534
20,535
20,536
20,537
20,538
20,539
20,540
20,541
20,542
20,543
20,544
20,545
20,546
20,547
20,548
20,549
20,550
20,551
20,552
20,553
20,554
20,555
20,556
20,557
20,558
20,559
21,1
21,2
21,3
21,4
21,5
21,6
21,7
21,8
21,9
21,10
21,11
21,12
21,13
21,14
21,15
21,16
21,17
21,18
21,19
21,20
21,21
21,22
21,23
21,24
21,25
21,26
21,27
21,28
21,29
21,30
21,31
21,32
21,33
21,34
21,35
21,36
21,37
21,38
21,39
21,40
21,41
21,42
21,43
21,44
21,45
21,46
21,47
21,48
21,49
21,50
21,51
21,52
21,53
21,54
21,55
21,56
21,57
21,58
21,59
21,60
21,61
21,62
21,63
21,64
21,65
21,66
21,67
21,68
21,69
21,70
21,71
21,72
21,73
21,74
21,75
21,76
21,77
21,78
21,79
21,80
21,81
21,82
21,83
21,84
21,85
21,86
21,87
21,88
21,89
21,90
21,91
21,92
21,93
21,94
21,95
21,96
21,97
21,98
21,99
21,100
21,101
21,102
21,103
21,104
21,105
21,106
21,107
21,108
21,109
21,110
21,111
21,112
21,113
21,114
21,115
21,116
21,117
21,118
21,119
21,120
21,121
21,122
21,123
21,124
21,125
21,126
21,127
21,128
21,129
21,130
21,131
21,132
21,133
21,134
21,135
21,136
21,137
21,138
21,139
21,140
21,141
21,142
21,143
21,144
21,145
21,146
21,147
21,148
21,149
21,150
21,151
21,152
21,153
21,154
21,155
21,156
21,157
21,158
21,159
21,160
21,161
21,162
21,163
21,164
21,165
21,166
21,167
21,168
21,169
21,170
21,171
21,172
21,173
21,174
21,175
21,176
21,177
21,178
21,179
21,180
21,181
21,182
21,183
21,184
21,185
21,186
21,187
21,188
21,189
21,190
21,191
21,192
21,193
21,194
21,195
21,196
21,197
21,198
21,199
21,200
21,201
21,202
21,203
21,204
21,205
21,206
21,207
21,208
21,209
21,210
21,211
21,212
21,213
21,214
21,215
21,216
21,217
21,218
21,219
21,220
21,221
21,222
21,223
21,224
21,225
21,226
21,227
21,228
21,229
21,230
21,231
21,232
21,233
21,234
21,235
21,236
21,237
21,238
21,239
21,240
21,241
21,242
21,243
21,244
21,245
21,246
21,247
21,248
21,249
21,250
21,251
21,252
21,253
21,254
21,255
21,256
21,257
21,258
21,259
21,260
21,261
21,262
21,263
21,264
21,265
21,266
21,267
21,268
21,269
21,270
21,271
21,272
21,273
21,274
21,275
21,276
21,277
21,278
21,279
21,280
21,281
21,282
21,283
21,284
21,285
21,286
21,287
21,288
21,289
21,290
21,291
21,292
21,293
21,294
21,295
21,296
21,297
21,298
21,299
21,300
21,301
21,302
21,303
21,304
21,305
21,306
21,307
21,308
21,309
21,310
21,311
21,312
21,313
21,314
21,315
21,316
21,317
21,318
21,319
21,320
21,321
21,322
21,323
21,324
21,325
21,326
21,327
21,328
21,329
21,330
21,331
21,332
21,333
21,334
21,335
21,336
21,337
21,338
21,339
21,340
21,341
21,342
21,343
21,344
21,345
21,346
21,347
21,348
21,349
21,350
21,351
21,352
21,353
21,354
21,355
21,356
21,357
21,358
21,359
21,360
21,361
21,362
21,363
21,364
21,365
21,366
21,367
21,368
21,369
21,370
21,371
21,372
21,373
21,374
21,375
21,376
21,377
21,378
21,379
21,380
21,381
21,382
21,383
21,384
21,385
21,386
21,387
21,388
21,389
21,390
21,391
21,392
21,393
21,394
21,395
21,396
21,397
21,398
21,399
21,400
21,401
21,402
21,403
21,404
21,405
21,406
21,407
21,408
21,409
21,410
21,411
21,412
21,413
21,414
21,415
21,416
21,417
21,418
21,419
21,420
21,421
21,422
21,423
21,424
21,425
21,426
21,427
21,428
21,429
21,430
21,431
21,432
21,433
21,434
21,435
21,436
21,437
21,438
21,439
21,440
21,441
21,442
21,443
21,444
21,445
21,446
21,447
21,448
21,449
21,450
21,451
21,452
21,453
21,454
21,455
21,456
21,457
21,458
21,459
21,460
21,461
21,462
21,463
21,464
21,465
21,466
21,467
21,468
21,469
21,470
21,471
21,472
21,473
21,474
21,475
21,476
21,477
21,478
21,479
21,480
21,481
21,482
21,483
21,484
21,485
21,486
21,487
21,488
21,489
21,490
21,491
21,492
21,493
21,494
21,495
21,496
21,497
21,498
21,499
21,500
21,501
21,502
21,503
21,504
21,505
21,506
21,507
21,508
21,509
21,510
21,511
21,512
21,513
21,514
21,515
21,516
21,517
21,518
21,519
21,520
21,521
21,522
21,523
21,524
21,525
21,526
21,527
21,528
21,529
21,530
21,531
21,532
21,533
21,534
21,535
21,536
21,537
21,538
21,539
21,540
21,541
21,542
21,543
21,544
21,545
21,546
21,547
21,548
21,549
21,550
21,551
21,552
21,553
21,554
21,555
21,556
21,557
21,558
21,559
21,560
21,561
21,562
21,563
21,564
21,565
21,566
21,567
21,568
21,569
21,570
21,571
21,572
21,573
21,574
21,575
21,576
21,577
21,578
21,579
21,580
21,581
21,582
21,583
21,584
21,585
21,586
21,587
21,588
21,589
21,590
21,591
21,592
21,593
21,594
21,595
21,596
21,597
21,598
21,599
21,600
21,601
21,602
21,603
21,604
21,605
21,606
21,607
21,608
21,609
21,610
21,611
21,612
21,613
21,614
21,615
21,616
21,617
22,1
22,2
22,3
22,4
22,5
22,6
22,7
22,8
22,9
22,10
22,11
22,12
22,13
22,14
22,15
22,16
22,17
22,18
22,19
22,20
22,21
22,22
22,23
22,24
22,25
22,26
22,27
22,28
22,29
22,30
22,31
22,32
22,33
22,34
22,35
22,36
22,37
22,38
22,39
22,40
22,41
22,42
22,43
22,44
22,45
22,46
22,47
22,48
22,49
22,50
22,51
22,52
22,53
22,54
22,55
22,56
22,57
22,58
22,59
22,60
22,61
22,62
22,63
22,64
22,65
22,66
22,67
22,68
22,69
22,70
22,71
22,72
22,73
22,74
22,75
22,76
22,77
22,78
22,79
22,80
22,81
22,82
22,83
22,84
22,85
22,86
22,87
22,88
22,89
22,90
22,91
22,92
22,93
22,94
22,95
22,96
22,97
22,98
22,99
22,100
22,101
22,102
22,103
22,104
22,105
22,106
22,107
22,108
22,109
22,110
22,111
22,112
22,113
22,114
22,115
22,116
22,117
22,118
22,119
22,120
22,121
22,122
22,123
22,124
22,125
22,126
22,127
22,128
22,129
22,130
22,131
22,132
22,133
22,134
22,135
22,136
22,137
22,138
22,139
22,140
22,141
22,142
22,143
22,144
22,145
22,146
22,147
22,148
22,149
22,150
22,151
22,152
22,153
22,154
22,155
22,156
22,157
22,158
22,159
22,160
22,161
22,162
22,163
22,164
22,165
22,166
22,167
22,168
22,169
22,170
22,171
22,172
22,173
22,174
22,175
22,176
22,177
22,178
22,179
22,180
22,181
22,182
22,183
22,184
22,185
22,186
22,187
22,188
22,189
22,190
22,191
22,192
22,193
22,194
22,195
22,196
22,197
22,198
22,199
22,200
22,201
22,202
22,203
22,204
22,205
22,206
22,207
22,208
22,209
22,210
22,211
22,212
22,213
22,214
22,215
22,216
22,217
22,218
22,219
22,220
22,221
22,222
22,223
22,224
22,225
22,226
22,227
22,228
22,229
22,230
22,231
22,232
22,233
22,234
22,235
22,236
22,237
22,238
22,239
22,240
22,241
22,242
22,243
22,244
22,245
22,246
22,247
22,248
22,249
22,250
22,251
22,252
22,253
22,254
22,255
22,256
22,257
22,258
22,259
22,260
22,261
22,262
22,263
22,264
22,265
22,266
22,267
22,268
22,269
22,270
22,271
22,272
22,273
22,274
22,275
22,276
22,277
22,278
22,279
22,280
22,281
22,282
22,283
22,284
22,285
22,286
22,287
22,288
22,289
22,290
22,291
22,292
22,293
22,294
22,295
22,296
22,297
22,298
22,299
22,300
22,301
22,302
22,303
22,304
22,305
22,306
22,307
22,308
22,309
22,310
22,311
22,312
22,313
22,314
22,315
22,316
22,317
22,318
22,319
22,320
22,321
22,322
22,323
22,324
22,325
22,326
22,327
22,328
22,329
22,330
22,331
22,332
22,333
22,334
22,335
22,336
22,337
22,338
22,339
22,340
22,341
22,342
22,343
22,344
22,345
22,346
22,347
22,348
22,349
22,350
22,351
22,352
22,353
22,354
22,355
22,356
22,357
22,358
22,359
22,360
22,361
22,362
22,363
22,364
22,365
22,366
22,367
22,368
22,369
22,370
22,371
22,372
22,373
22,374
22,375
22,376
22,377
22,378
22,379
22,380
22,381
22,382
22,383
22,384
22,385
22,386
22,387
22,388
22,389
22,390
22,391
22,392
22,393
22,394
22,395
22,396
22,397
22,398
22,399
22,400
22,401
22,402
22,403
22,404
22,405
22,406
22,407
22,408
22,409
22,410
22,411
22,412
22,413
22,414
22,415
22,416
22,417
22,418
22,419
22,420
22,421
22,422
22,423
22,424
22,425
22,426
22,427
22,428
22,429
22,430
22,431
22,432
22,433
22,434
22,435
22,436
22,437
22,438
22,439
22,440
22,441
22,442
22,443
22,444
22,445
22,446
22,447
22,448
22,449
22,450
22,451
22,452
22,453
22,454
22,455
22,456
22,457
22,458
22,459
22,460
22,461
22,462
22,463
22,464
22,465
22,466
22,467
22,468
22,469
22,470
22,471
22,472
22,473
22,474
22,475
22,476
22,477
22,478
22,479
22,480
22,481
22,482
22,483
22,484
22,485
22,486
22,487
22,488
22,489
22,490
22,491
22,492
22,493
22,494
22,495
22,496
22,497
22,498
22,499
22,500
22,501
22,502
22,503
22,504
22,505
22,506
22,507
22,508
22,509
22,510
22,511
22,512
22,513
22,514
22,515
22,516
22,517
22,518
22,519
22,520
22,521
22,522
22,523
22,524
22,525
22,526
22,527
22,528
22,529
22,530
22,531
22,532
22,533
22,534
22,535
22,536
22,537
22,538
22,539
22,540
22,541
22,542
22,543
22,544
22,545
22,546
22,547
22,548
22,549
22,550
22,551
22,552
22,553
22,554
22,555
22,556
22,557
22,558
22,559
22,560
22,561
22,562
22,563
22,564
22,565
22,566
22,567
22,568
22,569
22,570
22,571
22,572
22,573
22,574
22,575
22,576
22,577
22,578
22,579
22,580
22,581
22,582
22,583
22,584
22,585
22,586
22,587
22,588
22,589
22,590
22,591
22,592
22,593
22,594
22,595
22,596
22,597
22,598
22,599
22,600
22,601
22,602
22,603
22,604
22,605
22,606
22,607
22,608
22,609
22,610
22,611
22,612
22,613
22,614
22,615
22,616
22,617
23,1
23,2
23,3
23,4
23,5
23,6
23,7
23,8
23,9
23,10
23,11
23,12
23,13
23,14
23,15
23,16
23,17
23,18
23,19
23,20
23,21
23,22
23,23
23,24
23,25
23,26
23,27
23,28
23,29
23,30
23,31
23,32
23,33
23,34
23,35
23,36
23,37
23,38
23,39
23,40
23,41
23,42
23,43
23,44
23,45
23,46
23,47
23,48
23,49
23,50
23,51
23,52
23,53
23,54
23,55
23,56
23,57
23,58
23,59
23,60
23,61
23,62
23,63
23,64
23,65
23,66
23,67
23,68
23,69
23,70
23,71
23,72
23,73
23,74
23,75
23,76
23,77
23,78
23,79
23,80
23,81
23,82
23,83
23,84
23,85
23,86
23,87
23,88
23,89
23,90
23,91
23,92
23,93
23,94
23,95
23,96
23,97
23,98
23,99
23,100
23,101
23,102
23,103
23,104
23,105
23,106
23,107
23,108
23,109
23,110
23,111
23,112
23,113
23,114
23,115
23,116
23,117
23,118
23,119
23,120
23,121
23,122
23,123
23,124
23,125
23,126
23,127
23,128
23,129
23,130
23,131
23,132
23,133
23,134
23,135
23,136
23,137
23,138
23,139
23,140
23,141
23,142
23,143
23,144
23,145
23,146
23,147
23,148
23,149
23,150
23,151
23,152
23,153
23,154
23,155
23,156
23,157
23,158
23,159
23,160
23,161
23,162
23,163
23,164
23,165
23,166
23,167
23,168
23,169
23,170
23,171
23,172
23,173
23,174
23,175
23,176
23,177
23,178
23,179
23,180
23,181
23,182
23,183
23,184
23,185
23,186
23,187
23,188
23,189
23,190
23,191
23,192
23,193
23,194
23,195
23,196
23,197
23,198
23,199
23,200
23,201
23,202
23,203
23,204
23,205
23,206
23,207
23,208
23,209
23,210
23,211
23,212
23,213
23,214
23,215
23,216
23,217
23,218
23,219
23,220
23,221
23,222
23,223
23,224
23,225
23,226
23,227
23,228
23,229
23,230
23,231
23,232
23,233
23,234
23,235
23,236
23,237
23,238
23,239
23,240
23,241
23,242
23,243
23,244
23,245
23,246
23,247
23,248
23,249
23,250
23,251
23,252
23,253
23,254
23,255
23,256
23,257
23,258
23,259
23,260
23,261
23,262
23,263
23,264
23,265
23,266
23,267
23,268
23,269
23,270
23,271
23,272
23,273
23,274
23,275
23,276
23,277
23,278
23,279
23,280
23,281
23,282
23,283
23,284
23,285
23,286
23,287
23,288
23,289
23,290
23,291
23,292
23,293
23,294
23,295
23,296
23,297
23,298
23,299
23,300
23,301
23,302
23,303
23,304
23,305
23,306
23,307
23,308
23,309
23,310
23,311
23,312
23,313
23,314
23,315
23,316
23,317
23,318
23,319
23,320
23,321
23,322
23,323
23,324
23,325
23,326
23,327
23,328
23,329
23,330
23,331
23,332
23,333
23,334
23,335
23,336
23,337
23,338
23,339
23,340
23,341
23,342
23,343
23,344
23,345
23,346
23,347
23,348
23,349
23,350
23,351
23,352
23,353
23,354
23,355
23,356
23,357
23,358
23,359
23,360
23,361
23,362
23,363
23,364
23,365
23,366
23,367
23,368
23,369
23,370
23,371
23,372
23,373
23,374
23,375
23,376
23,377
23,378
23,379
23,380
23,381
23,382
23,383
23,384
23,385
23,386
23,387
23,388
23,389
23,390
23,391
23,392
23,393
23,394
23,395
23,396
23,397
23,398
23,399
23,400
23,401
23,402
23,403
23,404
23,405
23,406
23,407
23,408
23,409
23,410
23,411
23,412
23,413
23,414
23,415
23,416
23,417
23,418
23,419
23,420
23,421
23,422
23,423
23,424
23,425
23,426
23,427
23,428
23,429
23,430
23,431
23,432
23,433
23,434
23,435
23,436
23,437
23,438
23,439
23,440
23,441
23,442
23,443
23,444
23,445
23,446
23,447
23,448
23,449
23,450
23,451
23,452
23,453
23,454
23,455
23,456
23,457
23,458
23,459
23,460
23,461
23,462
23,463
23,464
23,465
23,466
23,467
23,468
23,469
23,470
23,471
23,472
23,473
23,474
23,475
23,476
23,477
23,478
23,479
23,480
23,481
23,482
23,483
23,484
23,485
23,486
23,487
23,488
23,489
23,490
23,491
23,492
23,493
23,494
23,495
23,496
23,497
23,498
23,499
23,500
23,501
23,502
23,503
23,504
23,505
23,506
23,507
23,508
23,509
23,510
23,511
23,512
23,513
23,514
23,515
23,516
23,517
23,518
23,519
23,520
23,521
23,522
23,523
23,524
23,525
23,526
23,527
23,528
23,529
23,530
23,531
23,532
23,533
23,534
23,535
23,536
23,537
23,538
23,539
23,540
23,541
23,542
23,543
23,544
23,545
23,546
23,547
23,548
23,549
23,550
23,551
23,552
23,553
23,554
23,555
23,556
23,557
23,558
23,559
23,560
23,561
23,562
23,563
23,564
23,565
23,566
23,567
23,568
23,569
23,570
23,571
23,572
23,573
23,574
23,575
23,576
23,577
23,578
23,579
23,580
23,581
23,582
23,583
23,584
23,585
23,586
23,587
23,588
23,589
23,590
23,591
23,592
23,593
23,594
23,595
23,596
23,597
23,598
23,599
23,600
23,601
23,602
23,603
23,604
23,605
23,606
23,607
23,608
23,609
23,610
23,611
23,612
23,613
23,614
23,615
23,616
23,617
23,618
23,619
23,620
23,621
24,1
24,2
24,3
24,4
24,5
24,6
24,7
24,8
24,9
24,10
24,11
24,12
24,13
24,14
24,15
24,16
24,17
24,18
24,19
24,20
24,21
24,22
24,23
24,24
24,25
24,26
24,27
24,28
24,29
24,30
24,31
24,32
24,33
24,34
24,35
24,36
24,37
24,38
24,39
24,40
24,41
24,42
24,43
24,44
24,45
24,46
24,47
24,48
24,49
24,50
24,51
24,52
24,53
24,54
24,55
24,56
24,57
24,58
24,59
24,60
24,61
24,62
24,63
24,64
24,65
24,66
24,67
24,68
24,69
24,70
24,71
24,72
24,73
24,74
24,75
24,76
24,77
24,78
24,79
24,80
24,81
24,82
24,83
24,84
24,85
24,86
24,87
24,88
24,89
24,90
24,91
24,92
24,93
24,94
24,95
24,96
24,97
24,98
24,99
24,100
24,101
24,102
24,103
24,104
24,105
24,106
24,107
24,108
24,109
24,110
24,111
24,112
24,113
24,114
24,115
24,116
24,117
24,118
24,119
24,120
24,121
24,122
24,123
24,124
24,125
24,126
24,127
24,128
24,129
24,130
24,131
24,132
24,133
24,134
24,135
24,136
24,137
24,138
24,139
24,140
24,141
24,142
24,143
24,144
24,145
24,146
24,147
24,148
24,149
24,150
24,151
24,152
24,153
24,154
24,155
24,156
24,157
24,158
24,159
24,160
24,161
24,162
24,163
24,164
24,165
24,166
24,167
24,168
24,169
24,170
24,171
24,172
24,173
24,174
24,175
24,176
24,177
24,178
24,179
24,180
24,181
24,182
24,183
24,184
24,185
24,186
24,187
24,188
24,189
24,190
24,191
24,192
24,193
24,194
24,195
24,196
24,197
24,198
24,199
24,200
24,201
24,202
24,203
24,204
24,205
24,206
24,207
24,208
24,209
24,210
24,211
24,212
24,213
24,214
24,215
24,216
24,217
24,218
24,219
24,220
24,221
24,222
24,223
24,224
24,225
24,226
24,227
24,228
24,229
24,230
24,231
24,232
24,233
24,234
24,235
24,236
24,237
24,238
24,239
24,240
24,241
24,242
24,243
24,244
24,245
24,246
24,247
24,248
24,249
24,250
24,251
24,252
24,253
24,254
24,255
24,256
24,257
24,258
24,259
24,260
24,261
24,262
24,263
24,264
24,265
24,266
24,267
24,268
24,269
24,270
24,271
24,272
24,273
24,274
24,275
24,276
24,277
24,278
24,279
24,280
24,281
24,282
24,283
24,284
24,285
24,286
24,287
24,288
24,289
24,290
24,291
24,292
24,293
24,294
24,295
24,296
24,297
24,298
24,299
24,300
24,301
24,302
24,303
24,304
24,305
24,306
24,307
24,308
24,309
24,310
24,311
24,312
24,313
24,314
24,315
24,316
24,317
24,318
24,319
24,320
24,321
24,322
24,323
24,324
24,325
24,326
24,327
24,328
24,329
24,330
24,331
24,332
24,333
24,334
24,335
24,336
24,337
24,338
24,339
24,340
24,341
24,342
24,343
24,344
24,345
24,346
24,347
24,348
24,349
24,350
24,351
24,352
24,353
24,354
24,355
24,356
24,357
24,358
24,359
24,360
24,361
24,362
24,363
24,364
24,365
24,366
24,367
24,368
24,369
24,370
24,371
24,372
24,373
24,374
24,375
24,376
24,377
24,378
24,379
24,380
24,381
24,382
24,383
24,384
24,385
24,386
24,387
24,388
24,389
24,390
24,391
24,392
24,393
24,394
24,395
24,396
24,397
24,398
24,399
24,400
24,401
24,402
24,403
24,404
24,405
24,406
24,407
24,408
24,409
24,410
24,411
24,412
24,413
24,414
24,415
24,416
24,417
24,418
24,419
24,420
24,421
24,422
24,423
24,424
24,425
24,426
24,427
24,428
24,429
24,430
24,431
24,432
24,433
24,434
24,435
24,436
24,437
24,438
24,439
24,440
24,441
24,442
24,443
24,444
24,445
24,446
24,447
24,448
24,449
24,450
24,451
24,452
24,453
24,454
24,455
24,456
24,457
24,458
24,459
24,460
24,461
24,462
24,463
24,464
24,465
24,466
24,467
24,468
24,469
24,470
24,471
24,472
24,473
24,474
24,475
24,476
24,477
24,478
24,479
24,480
24,481
24,482
24,483
24,484
24,485
24,486
24,487
24,488
24,489
24,490
24,491
24,492
24,493
24,494
24,495
24,496
24,497
24,498
24,499
24,500
24,501
24,502
24,503
24,504
24,505
24,506
24,507
24,508
24,509
24,510
24,511
24,512
24,513
24,514
24,515
24,516
24,517
24,518
24,519
24,520
24,521
24,522
24,523
24,524
24,525
24,526
24,527
24,528
24,529
24,530
24,531
24,532
24,533
24,534
24,535
24,536
24,537
24,538
24,539
24,540
24,541
24,542
24,543
24,544
24,545
24,546
24,547
24,548
24,549
24,550
24,551
24,552
24,553
24,554
24,555
24,556
24,557
24,558
24,559
24,560
24,561
24,562
24,563
24,564
24,565
24,566
24,567
24,568
24,569
24,570
24,571
24,572
24,573
24,574
24,575
24,576
24,577
24,578
24,579
24,580
24,581
24,582
24,583
24,584
24,585
24,586
24,587
24,588
24,589
24,590
24,591
24,592
24,593
24,594
24,595
24,596
24,597
24,598
24,599
24,600
24,601
24,602
24,603
24,604
24,605
24,606
24,607
24,608
24,609
24,610
24,611
24,612
24,613
24,614
24,615
24,616
24,617
24,618
24,619
24,620
24,621
25,1
25,2
25,3
25,4
25,5
25,6
25,7
25,8
25,9
25,10
25,11
25,12
25,13
25,14
25,15
25,16
25,17
25,18
25,19
25,20
25,21
25,22
25,23
25,24
25,25
25,26
25,27
25,28
25,29
25,30
25,31
25,32
25,33
25,34
25,35
25,36
25,37
25,38
25,39
25,40
25,41
25,42
25,43
25,44
25,45
25,46
25,47
25,48
25,49
25,50
25,51
25,52
25,53
25,54
25,55
25,56
25,57
25,58
25,59
25,60
25,61
25,62
25,63
25,64
25,65
25,66
25,67
25,68
25,69
25,70
25,71
25,72
25,73
25,74
25,75
25,76
25,77
25,78
25,79
25,80
25,81
25,82
25,83
25,84
25,85
25,86
25,87
25,88
25,89
25,90
25,91
25,92
25,93
25,94
25,95
25,96
25,97
25,98
25,99
25,100
25,101
25,102
25,103
25,104
25,105
25,106
25,107
25,108
25,109
25,110
25,111
25,112
25,113
25,114
25,115
25,116
25,117
25,118
25,119
25,120
25,121
25,122
25,123
25,124
25,125
25,126
25,127
25,128
25,129
25,130
25,131
25,132
25,133
25,134
25,135
25,136
25,137
25,138
25,139
25,140
25,141
25,142
25,143
25,144
25,145
25,146
25,147
25,148
25,149
25,150
25,151
25,152
25,153
25,154
25,155
25,156
25,157
25,158
25,159
25,160
25,161
25,162
25,163
25,164
25,165
25,166
25,167
25,168
25,169
25,170
25,171
25,172
25,173
25,174
25,175
25,176
25,177
25,178
25,179
25,180
25,181
25,182
25,183
25,184
25,185
25,186
25,187
25,188
25,189
25,190
25,191
25,192
25,193
25,194
25,195
25,196
25,197
25,198
25,199
25,200
25,201
25,202
25,203
25,204
25,205
25,206
25,207
25,208
25,209
25,210
25,211
25,212
25,213
25,214
25,215
25,216
25,217
25,218
25,219
25,220
25,221
25,222
25,223
25,224
25,225
25,226
25,227
25,228
25,229
25,230
25,231
25,232
25,233
25,234
25,235
25,236
25,237
25,238
25,239
25,240
25,241
25,242
25,243
25,244
25,245
25,246
25,247
25,248
25,249
25,250
25,251
25,252
25,253
25,254
25,255
25,256
25,257
25,258
25,259
25,260
25,261
25,262
25,263
25,264
25,265
25,266
25,267
25,268
25,269
25,270
25,271
25,272
25,273
25,274
25,275
25,276
25,277
25,278
25,279
25,280
25,281
25,282
25,283
25,284
25,285
25,286
25,287
25,288
25,289
25,290
25,291
25,292
25,293
25,294
25,295
25,296
25,297
25,298
25,299
25,300
25,301
25,302
25,303
25,304
25,305
25,306
25,307
25,308
25,309
25,310
25,311
25,312
25,313
25,314
25,315
25,316
25,317
25,318
25,319
25,320
25,321
25,322
25,323
25,324
25,325
25,326
25,327
25,328
25,329
25,330
25,331
25,332
25,333
25,334
25,335
25,336
25,337
25,338
25,339
25,340
25,341
25,342
25,343
25,344
25,345
25,346
25,347
25,348
25,349
25,350
25,351
25,352
25,353
25,354
25,355
25,356
25,357
25,358
25,359
25,360
25,361
25,362
25,363
25,364
25,365
25,366
25,367
25,368
25,369
25,370
25,371
25,372
25,373
25,374
25,375
25,376
25,377
25,378
25,379
25,380
25,381
25,382
25,383
25,384
25,385
25,386
25,387
25,388
25,389
25,390
25,391
25,392
25,393
25,394
25,395
25,396
25,397
25,398
25,399
25,400
25,401
25,402
25,403
25,404
25,405
25,406
25,407
25,408
25,409
25,410
25,411
25,412
25,413
25,414
25,415
25,416
25,417
25,418
25,419
25,420
25,421
25,422
25,423
25,424
25,425
25,426
25,427
25,428
25,429
25,430
25,431
25,432
25,433
25,434
25,435
25,436
25,437
25,438
25,439
25,440
25,441
25,442
25,443
25,444
25,445
25,446
25,447
25,448
25,449
25,450
25,451
25,452
25,453
25,454
25,455
25,456
25,457
25,458
25,459
25,460
25,461
25,462
25,463
25,464
25,465
25,466
25,467
25,468
25,469
25,470
25,471
25,472
25,473
25,474
25,475
25,476
25,477
25,478
25,479
25,480
25,481
25,482
25,483
25,484
25,485
25,486
25,487
25,488
25,489
25,490
25,491
25,492
25,493
25,494
25,495
25,496
25,497
25,498
25,499
25,500
25,501
25,502
25,503
25,504
25,505
25,506
25,507
25,508
25,509
25,510
25,511
25,512
25,513
25,514
25,515
25,516
25,517
25,518
25,519
25,520
25,521
25,522
25,523
25,524
25,525
25,526
25,527
25,528
25,529
25,530
25,531
25,532
25,533
25,534
25,535
25,536
25,537
25,538
25,539
25,540
25,541
25,542
25,543
25,544
25,545
25,546
25,547
25,548
25,549
25,550
25,551
25,552
25,553
25,554
25,555
25,556
25,557
25,558
25,559
25,560
25,561
25,562
25,563
25,564
25,565
25,566
25,567
25,568
25,569
25,570
25,571
25,572
25,573
25,574
25,575
25,576
25,577
25,578
25,579
25,580
25,581
25,582
25,583
25,584
25,585
25,586
25,587
25,588
25,589
25,590
25,591
25,592
25,593
25,594
25,595
25,596
25,597
25,598
25,599
25,600
25,601
25,602
25,603
25,604
25,605
25,606
25,607
25,608
25,609
25,610
25,611
25,612
25,613
25,614
25,615
25,616
25,617
25,618
25,619
25,620
25,621
25,622
25,624
25,626
25,628
25,630
25,632
25,634
25,636
25,638
25,640
25,642
25,644
25,646
25,648
25,650
25,652
25,654
25,656
25,658
25,659
25,660
25,661
25,662
25,663
25,664
25,665
25,666
25,667
25,668
25,669
25,670
25,671
25,672
25,673
25,674
25,675
25,676
25,677
25,678
25,679
25,680
25,681
25,682
25,683
25,684
25,685
25,686
25,687
25,688
25,689
25,690
25,691
25,692
25,693
25,694
25,695
25,696
25,697
25,698
25,699
25,700
25,701
25,702
25,703
25,704
25,705
25,706
25,707
25,708
25,709
25,710
25,711
25,712
25,713
25,714
25,715
25,716
25,717
25,718
25,719
26,1
26,2
26,3
26,4
26,5
26,6
26,7
26,8
26,9
26,10
26,11
26,12
26,13
26,14
26,15
26,16
26,17
26,18
26,19
26,20
26,21
26,22
26,23
26,24
26,25
26,26
26,27
26,28
26,29
26,30
26,31
26,32
26,33
26,34
26,35
26,36
26,37
26,38
26,39
26,40
26,41
26,42
26,43
26,44
26,45
26,46
26,47
26,48
26,49
26,50
26,51
26,52
26,53
26,54
26,55
26,56
26,57
26,58
26,59
26,60
26,61
26,62
26,63
26,64
26,65
26,66
26,67
26,68
26,69
26,70
26,71
26,72
26,73
26,74
26,75
26,76
26,77
26,78
26,79
26,80
26,81
26,82
26,83
26,84
26,85
26,86
26,87
26,88
26,89
26,90
26,91
26,92
26,93
26,94
26,95
26,96
26,97
26,98
26,99
26,100
26,101
26,102
26,103
26,104
26,105
26,106
26,107
26,108
26,109
26,110
26,111
26,112
26,113
26,114
26,115
26,116
26,117
26,118
26,119
26,120
26,121
26,122
26,123
26,124
26,125
26,126
26,127
26,128
26,129
26,130
26,131
26,132
26,133
26,134
26,135
26,136
26,137
26,138
26,139
26,140
26,141
26,142
26,143
26,144
26,145
26,146
26,147
26,148
26,149
26,150
26,151
26,152
26,153
26,154
26,155
26,156
26,157
26,158
26,159
26,160
26,161
26,162
26,163
26,164
26,165
26,166
26,167
26,168
26,169
26,170
26,171
26,172
26,173
26,174
26,175
26,176
26,177
26,178
26,179
26,180
26,181
26,182
26,183
26,184
26,185
26,186
26,187
26,188
26,189
26,190
26,191
26,192
26,193
26,194
26,195
26,196
26,197
26,198
26,199
26,200
26,201
26,202
26,203
26,204
26,205
26,206
26,207
26,208
26,209
26,210
26,211
26,212
26,213
26,214
26,215
26,216
26,217
26,218
26,219
26,220
26,221
26,222
26,223
26,224
26,225
26,226
26,227
26,228
26,229
26,230
26,231
26,232
26,233
26,234
26,235
26,236
26,237
26,238
26,239
26,240
26,241
26,242
26,243
26,244
26,245
26,246
26,247
26,248
26,249
26,250
26,251
26,252
26,253
26,254
26,255
26,256
26,257
26,258
26,259
26,260
26,261
26,262
26,263
26,264
26,265
26,266
26,267
26,268
26,269
26,270
26,271
26,272
26,273
26,274
26,275
26,276
26,277
26,278
26,279
26,280
26,281
26,282
26,283
26,284
26,285
26,286
26,287
26,288
26,289
26,290
26,291
26,292
26,293
26,294
26,295
26,296
26,297
26,298
26,299
26,300
26,301
26,302
26,303
26,304
26,305
26,306
26,307
26,308
26,309
26,310
26,311
26,312
26,313
26,314
26,315
26,316
26,317
26,318
26,319
26,320
26,321
26,322
26,323
26,324
26,325
26,326
26,327
26,328
26,329
26,330
26,331
26,332
26,333
26,334
26,335
26,336
26,337
26,338
26,339
26,340
26,341
26,342
26,343
26,344
26,345
26,346
26,347
26,348
26,349
26,350
26,351
26,352
26,353
26,354
26,355
26,356
26,357
26,358
26,359
26,360
26,361
26,362
26,363
26,364
26,365
26,366
26,367
26,368
26,369
26,370
26,371
26,372
26,373
26,374
26,375
26,376
26,377
26,378
26,379
26,380
26,381
26,382
26,383
26,384
26,385
26,386
26,387
26,388
26,389
26,390
26,391
26,392
26,393
26,394
26,395
26,396
26,397
26,398
26,399
26,400
26,401
26,402
26,403
26,404
26,405
26,406
26,407
26,408
26,409
26,410
26,411
26,412
26,413
26,414
26,415
26,416
26,417
26,418
26,419
26,420
26,421
26,422
26,423
26,424
26,425
26,426
26,427
26,428
26,429
26,430
26,431
26,432
26,433
26,434
26,435
26,436
26,437
26,438
26,439
26,440
26,441
26,442
26,443
26,444
26,445
26,446
26,447
26,448
26,449
26,450
26,451
26,452
26,453
26,454
26,455
26,456
26,457
26,458
26,459
26,460
26,461
26,462
26,463
26,464
26,465
26,466
26,467
26,468
26,469
26,470
26,471
26,472
26,473
26,474
26,475
26,476
26,477
26,478
26,479
26,480
26,481
26,482
26,483
26,484
26,485
26,486
26,487
26,488
26,489
26,490
26,491
26,492
26,493
26,494
26,495
26,496
26,497
26,498
26,499
26,500
26,501
26,502
26,503
26,504
26,505
26,506
26,507
26,508
26,509
26,510
26,511
26,512
26,513
26,514
26,515
26,516
26,517
26,518
26,519
26,520
26,521
26,522
26,523
26,524
26,525
26,526
26,527
26,528
26,529
26,530
26,531
26,532
26,533
26,534
26,535
26,536
26,537
26,538
26,539
26,540
26,541
26,542
26,543
26,544
26,545
26,546
26,547
26,548
26,549
26,550
26,551
26,552
26,553
26,554
26,555
26,556
26,557
26,558
26,559
26,560
26,561
26,562
26,563
26,564
26,565
26,566
26,567
26,568
26,569
26,570
26,571
26,572
26,573
26,574
26,575
26,576
26,577
26,578
26,579
26,580
26,581
26,582
26,583
26,584
26,585
26,586
26,587
26,588
26,589
26,590
26,591
26,592
26,593
26,594
26,595
26,596
26,597
26,598
26,599
26,600
26,601
26,602
26,603
26,604
26,605
26,606
26,607
26,608
26,609
26,610
26,611
26,612
26,613
26,614
26,615
26,616
26,617
26,618
26,619
26,620
26,621
26,622
26,624
26,626
26,628
26,630
26,632
26,634
26,636
26,638
26,640
26,642
26,644
26,646
26,648
26,650
26,652
26,654
26,656
26,658
26,659
26,660
26,661
26,662
26,663
26,664
26,665
26,666
26,667
26,668
26,669
26,670
26,671
26,672
26,673
26,674
26,675
26,676
26,677
26,678
26,679
26,680
26,681
26,682
26,683
26,684
26,685
26,686
26,687
26,688
26,689
26,690
26,691
26,692
26,693
26,694
26,695
26,696
26,697
26,698
26,699
26,700
26,701
26,702
26,703
26,704
26,705
26,706
26,707
26,708
26,709
26,710
26,711
26,712
26,713
26,714
26,715
26,716
26,717
26,718
26,719
27,1
27,2
27,3
27,4
27,5
27,6
27,7
27,8
27,9
27,10
27,11
27,12
27,13
27,14
27,15
27,16
27,17
27,18
27,19
27,20
27,21
27,22
27,23
27,24
27,25
27,26
27,27
27,28
27,29
27,30
27,31
27,32
27,33
27,34
27,35
27,36
27,37
27,38
27,39
27,40
27,41
27,42
27,43
27,44
27,45
27,46
27,47
27,48
27,49
27,50
27,51
27,52
27,53
27,54
27,55
27,56
27,57
27,58
27,59
27,60
27,61
27,62
27,63
27,64
27,65
27,66
27,67
27,68
27,69
27,70
27,71
27,72
27,73
27,74
27,75
27,76
27,77
27,78
27,79
27,80
27,81
27,82
27,83
27,84
27,85
27,86
27,87
27,88
27,89
27,90
27,91
27,92
27,93
27,94
27,95
27,96
27,97
27,98
27,99
27,100
27,101
27,102
27,103
27,104
27,105
27,106
27,107
27,108
27,109
27,110
27,111
27,112
27,113
27,114
27,115
27,116
27,117
27,118
27,119
27,120
27,121
27,122
27,123
27,124
27,125
27,126
27,127
27,128
27,129
27,130
27,131
27,132
27,133
27,134
27,135
27,136
27,137
27,138
27,139
27,140
27,141
27,142
27,143
27,144
27,145
27,146
27,147
27,148
27,149
27,150
27,151
27,152
27,153
27,154
27,155
27,156
27,157
27,158
27,159
27,160
27,161
27,162
27,163
27,164
27,165
27,166
27,167
27,168
27,169
27,170
27,171
27,172
27,173
27,174
27,175
27,176
27,177
27,178
27,179
27,180
27,181
27,182
27,183
27,184
27,185
27,186
27,187
27,188
27,189
27,190
27,191
27,192
27,193
27,194
27,195
27,196
27,197
27,198
27,199
27,200
27,201
27,202
27,203
27,204
27,205
27,206
27,207
27,208
27,209
27,210
27,211
27,212
27,213
27,214
27,215
27,216
27,217
27,218
27,219
27,220
27,221
27,222
27,223
27,224
27,225
27,226
27,227
27,228
27,229
27,230
27,231
27,232
27,233
27,234
27,235
27,236
27,237
27,238
27,239
27,240
27,241
27,242
27,243
27,244
27,245
27,246
27,247
27,248
27,249
27,250
27,251
27,252
27,253
27,254
27,255
27,256
27,257
27,258
27,259
27,260
27,261
27,262
27,263
27,264
27,265
27,266
27,267
27,268
27,269
27,270
27,271
27,272
27,273
27,274
27,275
27,276
27,277
27,278
27,279
27,280
27,281
27,282
27,283
27,284
27,285
27,286
27,287
27,288
27,289
27,290
27,291
27,292
27,293
27,294
27,295
27,296
27,297
27,298
27,299
27,300
27,301
27,302
27,303
27,304
27,305
27,306
27,307
27,308
27,309
27,310
27,311
27,312
27,313
27,314
27,315
27,316
27,317
27,318
27,319
27,320
27,321
27,322
27,323
27,324
27,325
27,326
27,327
27,328
27,329
27,330
27,331
27,332
27,333
27,334
27,335
27,336
27,337
27,338
27,339
27,340
27,341
27,342
27,343
27,344
27,345
27,346
27,347
27,348
27,349
27,350
27,351
27,352
27,353
27,354
27,355
27,356
27,357
27,358
27,359
27,360
27,361
27,362
27,363
27,364
27,365
27,366
27,367
27,368
27,369
27,370
27,371
27,372
27,373
27,374
27,375
27,376
27,377
27,378
27,379
27,380
27,381
27,382
27,383
27,384
27,385
27,386
27,387
27,388
27,389
27,390
27,391
27,392
27,393
27,394
27,395
27,396
27,397
27,398
27,399
27,400
27,401
27,402
27,403
27,404
27,405
27,406
27,407
27,408
27,409
27,410
27,411
27,412
27,413
27,414
27,415
27,416
27,417
27,418
27,419
27,420
27,421
27,422
27,423
27,424
27,425
27,426
27,427
27,428
27,429
27,430
27,431
27,432
27,433
27,434
27,435
27,436
27,437
27,438
27,439
27,440
27,441
27,442
27,443
27,444
27,445
27,446
27,447
27,448
27,449
27,450
27,451
27,452
27,453
27,454
27,455
27,456
27,457
27,458
27,459
27,460
27,461
27,462
27,463
27,464
27,465
27,466
27,467
27,468
27,469
27,470
27,471
27,472
27,473
27,474
27,475
27,476
27,477
27,478
27,479
27,480
27,481
27,482
27,483
27,484
27,485
27,486
27,487
27,488
27,489
27,490
27,491
27,492
27,493
27,494
27,495
27,496
27,497
27,498
27,499
27,500
27,501
27,502
27,503
27,504
27,505
27,506
27,507
27,508
27,509
27,510
27,511
27,512
27,513
27,514
27,515
27,516
27,517
27,518
27,519
27,520
27,521
27,522
27,523
27,524
27,525
27,526
27,527
27,528
27,529
27,530
27,531
27,532
27,533
27,534
27,535
27,536
27,537
27,538
27,539
27,540
27,541
27,542
27,543
27,544
27,545
27,546
27,547
27,548
27,549
27,550
27,551
27,552
27,553
27,554
27,555
27,556
27,557
27,558
27,559
27,560
27,561
27,562
27,563
27,564
27,565
27,566
27,567
27,568
27,569
27,570
27,571
27,572
27,573
27,574
27,575
27,576
27,577
27,578
27,579
27,580
27,581
27,582
27,583
27,584
27,585
27,586
27,587
27,588
27,589
27,590
27,591
27,592
27,593
27,594
27,595
27,596
27,597
27,598
27,599
27,600
27,601
27,602
27,603
27,604
27,605
27,606
27,607
27,608
27,609
27,610
27,611
27,612
27,613
27,614
27,615
27,616
27,617
27,618
27,619
27,620
27,621
27,622
27,624
27,626
27,628
27,630
27,632
27,634
27,636
27,638
27,640
27,642
27,644
27,646
27,648
27,650
27,652
27,654
27,656
27,658
27,659
27,660
27,661
27,662
27,663
27,664
27,665
27,666
27,667
27,668
27,669
27,670
27,671
27,672
27,673
27,674
27,675
27,676
27,677
27,678
27,679
27,680
27,681
27,682
27,683
27,684
27,685
27,686
27,687
27,688
27,689
27,690
27,691
27,692
27,693
27,694
27,695
27,696
27,697
27,698
27,699
27,700
27,701
27,702
27,703
27,704
27,705
27,706
27,707
27,708
27,709
27,710
27,711
27,712
27,713
27,714
27,715
27,716
27,717
27,718
27,719
27,720
27,721
27,722
27,723
27,724
27,725
27,726
27,727
27,728
28,1
28,2
28,3
28,4
28,5
28,6
28,7
28,8
28,9
28,10
28,11
28,12
28,13
28,14
28,15
28,16
28,17
28,18
28,19
28,20
28,21
28,22
28,23
28,24
28,25
28,26
28,27
28,28
28,29
28,30
28,31
28,32
28,33
28,34
28,35
28,36
28,37
28,38
28,39
28,40
28,41
28,42
28,43
28,44
28,45
28,46
28,47
28,48
28,49
28,50
28,51
28,52
28,53
28,54
28,55
28,56
28,57
28,58
28,59
28,60
28,61
28,62
28,63
28,64
28,65
28,66
28,67
28,68
28,69
28,70
28,71
28,72
28,73
28,74
28,75
28,76
28,77
28,78
28,79
28,80
28,81
28,82
28,83
28,84
28,85
28,86
28,87
28,88
28,89
28,90
28,91
28,92
28,93
28,94
28,95
28,96
28,97
28,98
28,99
28,100
28,101
28,102
28,103
28,104
28,105
28,106
28,107
28,108
28,109
28,110
28,111
28,112
28,113
28,114
28,115
28,116
28,117
28,118
28,119
28,120
28,121
28,122
28,123
28,124
28,125
28,126
28,127
28,128
28,129
28,130
28,131
28,132
28,133
28,134
28,135
28,136
28,137
28,138
28,139
28,140
28,141
28,142
28,143
28,144
28,145
28,146
28,147
28,148
28,149
28,150
28,151
28,152
28,153
28,154
28,155
28,156
28,157
28,158
28,159
28,160
28,161
28,162
28,163
28,164
28,165
28,166
28,167
28,168
28,169
28,170
28,171
28,172
28,173
28,174
28,175
28,176
28,177
28,178
28,179
28,180
28,181
28,182
28,183
28,184
28,185
28,186
28,187
28,188
28,189
28,190
28,191
28,192
28,193
28,194
28,195
28,196
28,197
28,198
28,199
28,200
28,201
28,202
28,203
28,204
28,205
28,206
28,207
28,208
28,209
28,210
28,211
28,212
28,213
28,214
28,215
28,216
28,217
28,218
28,219
28,220
28,221
28,222
28,223
28,224
28,225
28,226
28,227
28,228
28,229
28,230
28,231
28,232
28,233
28,234
28,235
28,236
28,237
28,238
28,239
28,240
28,241
28,242
28,243
28,244
28,245
28,246
28,247
28,248
28,249
28,250
28,251
28,252
28,253
28,254
28,255
28,256
28,257
28,258
28,259
28,260
28,261
28,262
28,263
28,264
28,265
28,266
28,267
28,268
28,269
28,270
28,271
28,272
28,273
28,274
28,275
28,276
28,277
28,278
28,279
28,280
28,281
28,282
28,283
28,284
28,285
28,286
28,287
28,288
28,289
28,290
28,291
28,292
28,293
28,294
28,295
28,296
28,297
28,298
28,299
28,300
28,301
28,302
28,303
28,304
28,305
28,306
28,307
28,308
28,309
28,310
28,311
28,312
28,313
28,314
28,315
28,316
28,317
28,318
28,319
28,320
28,321
28,322
28,323
28,324
28,325
28,326
28,327
28,328
28,329
28,330
28,331
28,332
28,333
28,334
28,335
28,336
28,337
28,338
28,339
28,340
28,341
28,342
28,343
28,344
28,345
28,346
28,347
28,348
28,349
28,350
28,351
28,352
28,353
28,354
28,355
28,356
28,357
28,358
28,359
28,360
28,361
28,362
28,363
28,364
28,365
28,366
28,367
28,368
28,369
28,370
28,371
28,372
28,373
28,374
28,375
28,376
28,377
28,378
28,379
28,380
28,381
28,382
28,383
28,384
28,385
28,386
28,387
28,388
28,389
28,390
28,391
28,392
28,393
28,394
28,395
28,396
28,397
28,398
28,399
28,400
28,401
28,402
28,403
28,404
28,405
28,406
28,407
28,408
28,409
28,410
28,411
28,412
28,413
28,414
28,415
28,416
28,417
28,418
28,419
28,420
28,421
28,422
28,423
28,424
28,425
28,426
28,427
28,428
28,429
28,430
28,431
28,432
28,433
28,434
28,435
28,436
28,437
28,438
28,439
28,440
28,441
28,442
28,443
28,444
28,445
28,446
28,447
28,448
28,449
28,450
28,451
28,452
28,453
28,454
28,455
28,456
28,457
28,458
28,459
28,460
28,461
28,462
28,463
28,464
28,465
28,466
28,467
28,468
28,469
28,470
28,471
28,472
28,473
28,474
28,475
28,476
28,477
28,478
28,479
28,480
28,481
28,482
28,483
28,484
28,485
28,486
28,487
28,488
28,489
28,490
28,491
28,492
28,493
28,494
28,495
28,496
28,497
28,498
28,499
28,500
28,501
28,502
28,503
28,504
28,505
28,506
28,507
28,508
28,509
28,510
28,511
28,512
28,513
28,514
28,515
28,516
28,517
28,518
28,519
28,520
28,521
28,522
28,523
28,524
28,525
28,526
28,527
28,528
28,529
28,530
28,531
28,532
28,533
28,534
28,535
28,536
28,537
28,538
28,539
28,540
28,541
28,542
28,543
28,544
28,545
28,546
28,547
28,548
28,549
28,550
28,551
28,552
28,553
28,554
28,555
28,556
28,557
28,558
28,559
28,560
28,561
28,562
28,563
28,564
28,565
28,566
28,567
28,568
28,569
28,570
28,571
28,572
28,573
28,574
28,575
28,576
28,577
28,578
28,579
28,580
28,581
28,582
28,583
28,584
28,585
28,586
28,587
28,588
28,589
28,590
28,591
28,592
28,593
28,594
28,595
28,596
28,597
28,598
28,599
28,600
28,601
28,602
28,603
28,604
28,605
28,606
28,607
28,608
28,609
28,610
28,611
28,612
28,613
28,614
28,615
28,616
28,617
28,618
28,619
28,620
28,621
28,622
28,624
28,626
28,628
28,630
28,632
28,634
28,636
28,638
28,640
28,642
28,644
28,646
28,648
28,650
28,652
28,654
28,656
28,658
28,659
28,660
28,661
28,662
28,663
28,664
28,665
28,666
28,667
28,668
28,669
28,670
28,671
28,672
28,673
28,674
28,675
28,676
28,677
28,678
28,679
28,680
28,681
28,682
28,683
28,684
28,685
28,686
28,687
28,688
28,689
28,690
28,691
28,692
28,693
28,694
28,695
28,696
28,697
28,698
28,699
28,700
28,701
28,702
28,703
28,704
28,705
28,706
28,707
28,708
28,709
28,710
28,711
28,712
28,713
28,714
28,715
28,716
28,717
28,718
28,719
28,720
28,721
28,722
28,723
28,724
28,725
28,726
28,727
28,728
29,1
29,5
29,6
29,7
29,8
29,9
29,10
29,11
29,12
29,14
29,15
29,16
29,17
29,18
29,19
29,20
29,21
29,22
29,23
29,24
29,25
29,28
29,29
29,30
29,31
29,32
29,33
29,34
29,35
29,36
29,37
29,38
29,39
29,40
29,42
29,43
29,44
29,45
29,46
29,47
29,48
29,50
29,51
29,52
29,53
29,54
29,55
29,56
29,57
29,58
29,59
29,60
29,61
29,62
29,63
29,64
29,65
29,66
29,67
29,68
29,69
29,70
29,71
29,72
29,73
29,74
29,75
29,76
29,77
29,78
29,79
29,80
29,81
29,83
29,84
29,85
29,86
29,87
29,88
29,89
29,90
29,91
29,92
29,93
29,94
29,95
29,97
29,98
29,100
29,101
29,102
29,103
29,104
29,105
29,106
29,107
29,108
29,109
29,110
29,111
29,113
29,114
29,115
29,116
29,118
29,120
29,122
29,123
29,124
29,126
29,127
29,129
29,130
29,133
29,135
29,136
29,137
29,138
29,139
29,141
29,142
29,143
29,144
29,147
29,150
29,151
29,152
29,153
29,154
29,155
29,156
29,157
29,158
29,160
29,161
29,162
29,163
29,164
29,165
29,166
29,167
29,168
29,170
29,172
29,173
29,174
29,175
29,176
29,177
29,178
29,179
29,180
29,181
29,182
29,183
29,184
29,186
29,187
29,188
29,189
29,190
29,191
29,192
29,194
29,195
29,196
29,197
29,198
29,199
29,200
29,201
29,202
29,203
29,204
29,205
29,206
29,207
29,208
29,209
29,210
29,211
29,212
29,213
29,214
29,215
29,217
29,219
29,220
29,221
29,223
29,224
29,225
29,226
29,227
29,229
29,230
29,231
29,232
29,233
29,234
29,235
29,236
29,238
29,239
29,240
29,241
29,242
29,243
29,244
29,245
29,246
29,247
29,248
29,249
29,250
29,251
29,252
29,253
29,254
29,255
29,256
29,257
29,258
29,259
29,260
29,261
29,262
29,263
29,264
29,266
29,267
29,268
29,269
29,270
29,271
29,272
29,273
29,275
29,276
29,277
29,278
29,279
29,280
29,281
29,282
29,283
29,284
29,285
29,286
29,288
29,291
29,292
29,294
29,295
29,296
29,297
29,298
29,299
29,303
29,304
29,305
29,306
29,307
29,308
29,309
29,310
29,311
29,312
29,313
29,314
29,315
29,317
29,319
29,321
29,322
29,323
29,325
29,326
29,328
29,329
29,330
29,331
29,332
29,333
29,334
29,335
29,336
29,337
29,338
29,339
29,340
29,341
29,342
29,343
29,344
29,345
29,347
29,348
29,349
29,350
29,351
29,352
29,353
29,354
29,355
29,356
29,359
29,360
29,361
29,362
29,364
29,365
29,366
29,367
29,368
29,369
29,370
29,371
29,372
29,374
29,375
29,379
29,380
29,383
29,384
29,385
29,387
29,388
29,389
29,390
29,391
29,392
29,393
29,394
29,395
29,396
29,397
29,398
29,399
29,400
29,401
29,402
29,403
29,404
29,405
29,406
29,407
29,408
29,409
29,410
29,411
29,412
29,413
29,414
29,415
29,416
29,417
29,418
29,419
29,420
29,421
29,422
29,423
29,424
29,425
29,427
29,428
29,430
29,432
29,433
29,434
29,435
29,436
29,437
29,438
29,439
29,440
29,441
29,442
29,444
29,446
29,447
29,448
29,449
29,450
29,451
29,452
29,453
29,454
29,455
29,457
29,458
29,459
29,460
29,461
29,462
29,463
29,464
29,465
29,467
29,468
29,469
29,470
29,471
29,472
29,473
29,474
29,475
29,476
29,478
29,479
29,480
29,482
29,483
29,484
29,486
29,487
29,488
29,489
29,490
29,491
29,492
29,493
29,494
29,495
29,496
29,497
29,499
29,500
29,501
29,502
29,503
29,504
29,505
29,506
29,508
29,509
29,510
29,511
29,512
29,513
29,514
29,515
29,517
29,518
29,519
29,520
29,521
29,522
29,523
29,524
29,525
29,526
29,527
29,528
29,529
29,530
29,532
29,533
29,534
29,535
29,536
29,538
29,539
29,540
29,541
29,542
29,543
29,544
29,545
29,546
29,547
29,548
29,549
29,550
29,551
29,552
29,553
29,554
29,555
29,556
29,557
29,558
29,559
29,560
29,561
29,562
29,564
29,565
29,566
29,567
29,568
29,570
29,571
29,572
29,573
29,574
29,575
29,576
29,577
29,578
29,579
29,580
29,581
29,582
29,583
29,584
29,585
29,586
29,587
29,588
29,589
29,590
29,591
29,592
29,593
29,594
29,595
29,596
29,597
29,598
29,599
29,600
29,601
29,602
29,603
29,604
29,605
29,606
29,607
29,608
29,609
29,610
29,611
29,612
29,613
29,614
29,615
29,616
29,617
29,618
29,619
29,620
29,621
29,659
29,660
29,661
29,662
29,663
29,664
29,665
29,666
29,667
29,668
29,669
29,670
29,672
29,673
29,674
29,675
29,676
29,677
29,678
29,679
29,680
29,681
29,682
29,683
29,684
29,685
29,686
29,687
29,688
29,689
29,690
29,691
29,692
29,693
29,694
29,704
29,705
29,706
29,707
29,708
29,709
29,710
29,711
29,712
29,713
29,714
29,715
29,716
29,717
29,718
29,720
29,721
29,722
29,742
29,743
29,744
29,745
29,746
29,747
29,748
29,749
29,750
29,751
29,752
29,753
29,754
29,755
29,756
29,757
29,758
29,759
29,760
29,761
29,762
29,763
29,764
29,765
29,766
29,767
29,768
29,769
29,770
29,771
29,772
29,773
29,774
29,775
29,776
29,777
29,778
29,779
29,780
29,781
29,782
29,783
29,784
29,785
29,786
29,787
29,788
29,789
29,790
29,791
29,792
29,793
29,794
29,795
29,796
30,1
30,5
30,6
30,7
30,8
30,9
30,10
30,11
30,12
30,14
30,15
30,16
30,17
30,18
30,19
30,20
30,21
30,22
30,23
30,24
30,25
30,28
30,29
30,30
30,31
30,32
30,33
30,34
30,35
30,36
30,37
30,38
30,39
30,40
30,42
30,43
30,44
30,45
30,46
30,47
30,48
30,50
30,51
30,52
30,53
30,54
30,55
30,56
30,57
30,58
30,59
30,60
30,61
30,62
30,63
30,64
30,65
30,66
30,67
30,68
30,69
30,70
30,71
30,72
30,73
30,74
30,75
30,76
30,77
30,78
30,79
30,80
30,81
30,83
30,84
30,85
30,86
30,87
30,88
30,89
30,90
30,91
30,92
30,93
30,94
30,95
30,97
30,98
30,100
30,101
30,102
30,103
30,104
30,105
30,106
30,107
30,108
30,109
30,110
30,111
30,113
30,114
30,115
30,116
30,118
30,120
30,122
30,123
30,124
30,126
30,127
30,129
30,130
30,133
30,135
30,136
30,137
30,138
30,139
30,141
30,142
30,143
30,144
30,147
30,150
30,151
30,152
30,153
30,154
30,155
30,156
30,157
30,158
30,160
30,161
30,162
30,163
30,164
30,165
30,166
30,167
30,168
30,170
30,172
30,173
30,174
30,175
30,176
30,177
30,178
30,179
30,180
30,181
30,182
30,183
30,184
30,186
30,187
30,188
30,189
30,190
30,191
30,192
30,194
30,195
30,196
30,197
30,198
30,199
30,200
30,201
30,202
30,203
30,204
30,205
30,206
30,207
30,208
30,209
30,210
30,211
30,212
30,213
30,214
30,215
30,217
30,219
30,220
30,221
30,223
30,224
30,225
30,226
30,227
30,229
30,230
30,231
30,232
30,233
30,234
30,235
30,236
30,238
30,239
30,240
30,241
30,242
30,243
30,244
30,245
30,246
30,247
30,248
30,249
30,250
30,251
30,252
30,253
30,254
30,255
30,256
30,257
30,258
30,259
30,260
30,261
30,262
30,263
30,264
30,266
30,267
30,268
30,269
30,270
30,271
30,272
30,273
30,275
30,276
30,277
30,278
30,279
30,280
30,281
30,282
30,283
30,284
30,285
30,286
30,288
30,291
30,292
30,294
30,295
30,296
30,297
30,298
30,299
30,303
30,304
30,305
30,306
30,307
30,308
30,309
30,310
30,311
30,312
30,313
30,314
30,315
30,317
30,319
30,321
30,322
30,323
30,325
30,326
30,328
30,329
30,330
30,331
30,332
30,333
30,334
30,335
30,336
30,337
30,338
30,339
30,340
30,341
30,342
30,343
30,344
30,345
30,347
30,348
30,349
30,350
30,351
30,352
30,353
30,354
30,355
30,356
30,359
30,360
30,361
30,362
30,364
30,365
30,366
30,367
30,368
30,369
30,370
30,371
30,372
30,374
30,375
30,379
30,380
30,383
30,384
30,385
30,387
30,388
30,389
30,390
30,391
30,392
30,393
30,394
30,395
30,396
30,397
30,398
30,399
30,400
30,401
30,402
30,403
30,404
30,405
30,406
30,407
30,408
30,409
30,410
30,411
30,412
30,413
30,414
30,415
30,416
30,417
30,418
30,419
30,420
30,421
30,422
30,423
30,424
30,425
30,427
30,428
30,430
30,432
30,433
30,434
30,435
30,436
30,437
30,438
30,439
30,440
30,441
30,442
30,444
30,446
30,447
30,448
30,449
30,450
30,451
30,452
30,453
30,454
30,455
30,457
30,458
30,459
30,460
30,461
30,462
30,463
30,464
30,465
30,467
30,468
30,469
30,470
30,471
30,472
30,473
30,474
30,475
30,476
30,478
30,479
30,480
30,482
30,483
30,484
30,486
30,487
30,488
30,489
30,490
30,491
30,492
30,493
30,494
30,495
30,496
30,497
30,499
30,500
30,501
30,502
30,503
30,504
30,505
30,506
30,508
30,509
30,510
30,511
30,512
30,513
30,514
30,515
30,517
30,518
30,519
30,520
30,521
30,522
30,523
30,524
30,525
30,526
30,527
30,528
30,529
30,530
30,532
30,533
30,534
30,535
30,536
30,538
30,539
30,540
30,541
30,542
30,543
30,544
30,545
30,546
30,547
30,548
30,549
30,550
30,551
30,552
30,553
30,554
30,555
30,556
30,557
30,558
30,559
30,560
30,561
30,562
30,564
30,565
30,566
30,567
30,568
30,570
30,571
30,572
30,573
30,574
30,575
30,576
30,577
30,578
30,579
30,580
30,581
30,582
30,583
30,584
30,585
30,586
30,587
30,588
30,589
30,590
30,591
30,592
30,593
30,594
30,595
30,596
30,597
30,598
30,599
30,600
30,601
30,602
30,603
30,604
30,605
30,606
30,607
30,608
30,609
30,610
30,611
30,612
30,613
30,614
30,615
30,616
30,617
30,618
30,619
30,620
30,621
30,659
30,660
30,661
30,662
30,663
30,664
30,665
30,666
30,667
30,668
30,669
30,670
30,672
30,673
30,674
30,675
30,676
30,677
30,678
30,679
30,680
30,681
30,682
30,683
30,684
30,685
30,686
30,687
30,688
30,689
30,690
30,691
30,692
30,693
30,694
30,704
30,705
30,706
30,707
30,708
30,709
30,710
30,711
30,712
30,713
30,714
30,715
30,716
30,717
30,718
30,720
30,721
30,722
30,742
30,743
30,744
30,745
30,746
30,747
30,748
30,749
30,750
30,751
30,752
30,753
30,754
30,755
30,756
30,757
30,758
30,759
30,760
30,761
30,762
30,763
30,764
30,765
30,766
30,767
30,768
30,769
30,770
30,771
30,772
30,773
30,774
30,775
30,776
30,777
30,778
30,779
30,780
30,781
30,782
30,783
30,784
30,785
30,786
30,787
30,788
30,789
30,790
30,791
30,792
30,793
30,794
30,795
30,796
10003,1
10003,2
10003,3
10003,4
10003,5
10003,6
10003,7
10003,8
10003,9
10003,10
10003,11
10003,12
10003,13
10003,14
10003,15
10003,16
10003,17
10003,18
10003,19
10003,20
10003,21
10003,22
10003,23
10003,24
10003,25
10003,26
10003,27
10003,28
10003,29
10003,30
10003,31
10003,32
10003,33
10003,34
10003,35
10003,36
10003,37
10003,38
10003,39
10003,40
10003,41
10003,42
10003,43
10003,44
10003,45
10003,46
10003,47
10003,48
10003,49
10003,50
10003,51
10003,52
10003,53
10003,54
10003,55
10003,56
10003,57
10003,58
10003,59
10003,60
10003,61
10003,62
10003,63
10003,64
10003,65
10003,66
10003,67
10003,68
10003,69
10003,70
10003,71
10003,72
10003,73
10003,74
10003,75
10003,76
10003,77
10003,78
10003,79
10003,80
10003,81
10003,82
10003,83
10003,84
10003,85
10003,86
10003,87
10003,88
10003,89
10003,90
10003,91
10003,92
10003,93
10003,94
10003,95
10003,96
10003,97
10003,98
10003,99
10003,100
10003,101
10003,102
10003,103
10003,104
10003,105
10003,106
10003,107
10003,108
10003,109
10003,110
10003,111
10003,112
10003,113
10003,114
10003,115
10003,116
10003,117
10003,118
10003,119
10003,120
10003,121
10003,122
10003,123
10003,124
10003,125
10003,126
10003,127
10003,128
10003,129
10003,130
10003,131
10003,132
10003,133
10003,134
10003,135
10003,136
10003,137
10003,138
10003,139
10003,140
10003,141
10003,142
10003,143
10003,144
10003,145
10003,146
10003,147
10003,148
10003,149
10003,150
10003,151
10003,152
10003,153
10003,154
10003,155
10003,156
10003,157
10003,158
10003,159
10003,160
10003,161
10003,162
10003,163
10003,164
10003,165
10003,182
10003,188
10003,200
10003,224
10003,227
10003,231
10003,242
10003,243
10003,247
10003,252
10003,257
10003,261
10003,263
10003,266
10003,269
10003,270
10003,276
10003,280
10003,281
10003,339
10003,347
10003,355
10003,364
10003,369
10003,389
10003,394
10003,398
10003,399
10003,403
10003,404
10003,405
10003,406
10003,417
10003,420
10003,430
10003,438
10003,446
10003,453
10003,483
10003,492
10003,499
10003,503
10003,504
10003,525
10003,529
10003,583
10003,585
10003,603
10003,605
10003,606
10003,607
10003,729
10003,730
10003,731
10003,732
10003,733
10003,734
10003,735
10003,736
10003,737
10003,738
10003,739
10003,740
10003,741
10003,742
10004,1
10004,2
10004,3
10004,4
10004,5
10004,6
10004,7
10004,8
10004,9
10004,10
10004,11
10004,12
10004,13
10004,14
10004,15
10004,16
10004,17
10004,18
10004,19
10004,20
10004,21
10004,22
10004,23
10004,24
10004,25
10004,26
10004,27
10004,28
10004,29
10004,30
10004,31
10004,32
10004,33
10004,34
10004,35
10004,36
10004,37
10004,38
10004,39
10004,40
10004,41
10004,42
10004,43
10004,44
10004,45
10004,46
10004,47
10004,48
10004,49
10004,50
10004,51
10004,52
10004,53
10004,54
10004,55
10004,56
10004,57
10004,58
10004,59
10004,60
10004,61
10004,62
10004,63
10004,64
10004,65
10004,66
10004,67
10004,68
10004,69
10004,70
10004,71
10004,72
10004,73
10004,74
10004,75
10004,76
10004,77
10004,78
10004,79
10004,80
10004,81
10004,82
10004,83
10004,84
10004,85
10004,86
10004,87
10004,88
10004,89
10004,90
10004,91
10004,92
10004,93
10004,94
10004,95
10004,96
10004,97
10004,98
10004,99
10004,100
10004,101
10004,102
10004,103
10004,104
10004,105
10004,106
10004,107
10004,108
10004,109
10004,110
10004,111
10004,112
10004,113
10004,114
10004,115
10004,116
10004,117
10004,118
10004,119
10004,120
10004,121
10004,122
10004,123
10004,124
10004,125
10004,126
10004,127
10004,128
10004,129
10004,130
10004,131
10004,132
10004,133
10004,134
10004,135
10004,136
10004,137
10004,138
10004,139
10004,140
10004,141
10004,142
10004,143
10004,144
10004,145
10004,146
10004,147
10004,148
10004,149
10004,150
10004,151
10004,152
10004,153
10004,154
10004,155
10004,156
10004,157
10004,158
10004,159
10004,160
10004,161
10004,162
10004,163
10004,164
10004,165
10004,182
10004,188
10004,200
10004,224
10004,227
10004,231
10004,242
10004,243
10004,247
10004,252
10004,257
10004,261
10004,263
10004,266
10004,269
10004,270
10004,276
10004,280
10004,281
10004,339
10004,347
10004,355
10004,364
10004,369
10004,389
10004,394
10004,398
10004,399
10004,403
10004,404
10004,405
10004,406
10004,417
10004,420
10004,430
10004,438
10004,446
10004,453
10004,483
10004,492
10004,499
10004,503
10004,504
10004,525
10004,529
10004,583
10004,585
10004,603
10004,605
10004,606
10004,607
10004,729
10004,730
10004,731
10004,732
10004,733
10004,734
10004,735
10004,736
10004,737
10004,738
10004,739
10004,740
10004,741
10004,742
