generation_id,pokemon_id,form_id,egg_group_id
2,1,1,1
2,1,1,7
2,2,1,1
2,2,1,7
2,3,1,1
2,3,1,7
2,4,1,1
2,4,1,14
2,5,1,1
2,5,1,14
2,6,1,1
2,6,1,14
2,7,1,1
2,7,1,2
2,8,1,1
2,8,1,2
2,9,1,1
2,9,1,2
2,10,1,3
2,11,1,3
2,12,1,3
2,13,1,3
2,14,1,3
2,15,1,3
2,16,1,4
2,17,1,4
2,18,1,4
2,19,1,5
2,20,1,5
2,21,1,4
2,22,1,4
2,23,1,5
2,23,1,14
2,24,1,5
2,24,1,14
2,25,1,5
2,25,1,6
2,26,1,5
2,26,1,6
2,27,1,5
2,28,1,5
2,29,1,1
2,29,1,5
2,30,1,15
2,31,1,15
2,32,1,1
2,32,1,5
2,33,1,1
2,33,1,5
2,34,1,1
2,34,1,5
2,35,1,6
2,36,1,6
2,37,1,5
2,38,1,5
2,39,1,6
2,40,1,6
2,41,1,4
2,42,1,4
2,43,1,7
2,44,1,7
2,45,1,7
2,46,1,3
2,46,1,7
2,47,1,3
2,47,1,7
2,48,1,3
2,49,1,3
2,50,1,5
2,51,1,5
2,52,1,5
2,53,1,5
2,54,1,2
2,54,1,5
2,55,1,2
2,55,1,5
2,56,1,5
2,57,1,5
2,58,1,5
2,59,1,5
2,60,1,2
2,61,1,2
2,62,1,2
2,63,1,8
2,64,1,8
2,65,1,8
2,66,1,8
2,67,1,8
2,68,1,8
2,69,1,7
2,70,1,7
2,71,1,7
2,72,1,9
2,73,1,9
2,74,1,10
2,75,1,10
2,76,1,10
2,77,1,5
2,78,1,5
2,79,1,1
2,79,1,2
2,80,1,1
2,80,1,2
2,81,1,10
2,82,1,10
2,83,1,4
2,83,1,5
2,84,1,4
2,85,1,4
2,86,1,2
2,86,1,5
2,87,1,2
2,87,1,5
2,88,1,11
2,89,1,11
2,90,1,9
2,91,1,9
2,92,1,11
2,93,1,11
2,94,1,11
2,95,1,10
2,96,1,8
2,97,1,8
2,98,1,9
2,99,1,9
2,100,1,10
2,101,1,10
2,102,1,7
2,103,1,7
2,104,1,1
2,105,1,1
2,106,1,8
2,107,1,8
2,108,1,1
2,109,1,11
2,110,1,11
2,111,1,1
2,111,1,5
2,112,1,1
2,112,1,5
2,113,1,6
2,114,1,7
2,115,1,1
2,116,1,2
2,116,1,14
2,117,1,2
2,117,1,14
2,118,1,12
2,119,1,12
2,120,1,9
2,121,1,9
2,122,1,8
2,123,1,3
2,124,1,8
2,125,1,8
2,126,1,8
2,127,1,3
2,128,1,5
2,129,1,12
2,129,1,14
2,130,1,12
2,130,1,14
2,131,1,1
2,131,1,2
2,132,1,13
2,133,1,5
2,134,1,5
2,135,1,5
2,136,1,5
2,137,1,10
2,138,1,2
2,138,1,9
2,139,1,2
2,139,1,9
2,140,1,2
2,140,1,9
2,141,1,2
2,141,1,9
2,142,1,4
2,143,1,1
2,144,1,15
2,145,1,15
2,146,1,15
2,147,1,2
2,147,1,14
2,148,1,2
2,148,1,14
2,149,1,2
2,149,1,14
2,150,1,15
2,151,1,15
2,152,1,1
2,152,1,7
2,153,1,1
2,153,1,7
2,154,1,1
2,154,1,7
2,155,1,5
2,156,1,5
2,157,1,5
2,158,1,1
2,158,1,2
2,159,1,1
2,159,1,2
2,160,1,1
2,160,1,2
2,161,1,5
2,162,1,5
2,163,1,4
2,164,1,4
2,165,1,3
2,166,1,3
2,167,1,3
2,168,1,3
2,169,1,4
2,170,1,12
2,171,1,12
2,172,1,15
2,173,1,15
2,174,1,15
2,175,1,15
2,176,1,4
2,176,1,6
2,177,1,4
2,178,1,4
2,179,1,1
2,179,1,5
2,180,1,1
2,180,1,5
2,181,1,1
2,181,1,5
2,182,1,7
2,183,1,2
2,183,1,6
2,184,1,2
2,184,1,6
2,185,1,10
2,186,1,2
2,187,1,6
2,187,1,7
2,188,1,6
2,188,1,7
2,189,1,6
2,189,1,7
2,190,1,5
2,191,1,7
2,192,1,7
2,193,1,3
2,194,1,2
2,194,1,5
2,195,1,2
2,195,1,5
2,196,1,5
2,197,1,5
2,198,1,4
2,199,1,1
2,199,1,2
2,200,1,11
2,201,1,15
2,201,2,15
2,201,3,15
2,201,4,15
2,201,5,15
2,201,6,15
2,201,7,15
2,201,8,15
2,201,9,15
2,201,10,15
2,201,11,15
2,201,12,15
2,201,13,15
2,201,14,15
2,201,15,15
2,201,16,15
2,201,17,15
2,201,18,15
2,201,19,15
2,201,20,15
2,201,21,15
2,201,22,15
2,201,23,15
2,201,24,15
2,201,25,15
2,201,26,15
2,202,1,11
2,203,1,5
2,204,1,3
2,205,1,3
2,206,1,5
2,207,1,3
2,208,1,10
2,209,1,5
2,209,1,6
2,210,1,5
2,210,1,6
2,211,1,12
2,212,1,3
2,213,1,3
2,214,1,3
2,215,1,5
2,216,1,5
2,217,1,5
2,218,1,11
2,219,1,11
2,220,1,5
2,221,1,5
2,222,1,2
2,222,1,9
2,223,1,2
2,223,1,12
2,224,1,2
2,224,1,12
2,225,1,2
2,225,1,5
2,226,1,2
2,227,1,4
2,228,1,5
2,229,1,5
2,230,1,2
2,230,1,14
2,231,1,5
2,232,1,5
2,233,1,10
2,234,1,5
2,235,1,5
2,236,1,15
2,237,1,8
2,238,1,15
2,239,1,15
2,240,1,15
2,241,1,5
2,242,1,6
2,243,1,15
2,244,1,15
2,245,1,15
2,246,1,1
2,247,1,1
2,248,1,1
2,249,1,15
2,250,1,15
2,251,1,15
3,1,1,1
3,1,1,7
3,2,1,1
3,2,1,7
3,3,1,1
3,3,1,7
3,4,1,1
3,4,1,14
3,5,1,1
3,5,1,14
3,6,1,1
3,6,1,14
3,7,1,1
3,7,1,2
3,8,1,1
3,8,1,2
3,9,1,1
3,9,1,2
3,10,1,3
3,11,1,3
3,12,1,3
3,13,1,3
3,14,1,3
3,15,1,3
3,16,1,4
3,17,1,4
3,18,1,4
3,19,1,5
3,20,1,5
3,21,1,4
3,22,1,4
3,23,1,5
3,23,1,14
3,24,1,5
3,24,1,14
3,25,1,5
3,25,1,6
3,26,1,5
3,26,1,6
3,27,1,5
3,28,1,5
3,29,1,1
3,29,1,5
3,30,1,15
3,31,1,15
3,32,1,1
3,32,1,5
3,33,1,1
3,33,1,5
3,34,1,1
3,34,1,5
3,35,1,6
3,36,1,6
3,37,1,5
3,38,1,5
3,39,1,6
3,40,1,6
3,41,1,4
3,42,1,4
3,43,1,7
3,44,1,7
3,45,1,7
3,46,1,3
3,46,1,7
3,47,1,3
3,47,1,7
3,48,1,3
3,49,1,3
3,50,1,5
3,51,1,5
3,52,1,5
3,53,1,5
3,54,1,2
3,54,1,5
3,55,1,2
3,55,1,5
3,56,1,5
3,57,1,5
3,58,1,5
3,59,1,5
3,60,1,2
3,61,1,2
3,62,1,2
3,63,1,8
3,64,1,8
3,65,1,8
3,66,1,8
3,67,1,8
3,68,1,8
3,69,1,7
3,70,1,7
3,71,1,7
3,72,1,9
3,73,1,9
3,74,1,10
3,75,1,10
3,76,1,10
3,77,1,5
3,78,1,5
3,79,1,1
3,79,1,2
3,80,1,1
3,80,1,2
3,81,1,10
3,82,1,10
3,83,1,4
3,83,1,5
3,84,1,4
3,85,1,4
3,86,1,2
3,86,1,5
3,87,1,2
3,87,1,5
3,88,1,11
3,89,1,11
3,90,1,9
3,91,1,9
3,92,1,11
3,93,1,11
3,94,1,11
3,95,1,10
3,96,1,8
3,97,1,8
3,98,1,9
3,99,1,9
3,100,1,10
3,101,1,10
3,102,1,7
3,103,1,7
3,104,1,1
3,105,1,1
3,106,1,8
3,107,1,8
3,108,1,1
3,109,1,11
3,110,1,11
3,111,1,1
3,111,1,5
3,112,1,1
3,112,1,5
3,113,1,6
3,114,1,7
3,115,1,1
3,116,1,2
3,116,1,14
3,117,1,2
3,117,1,14
3,118,1,12
3,119,1,12
3,120,1,9
3,121,1,9
3,122,1,8
3,123,1,3
3,124,1,8
3,125,1,8
3,126,1,8
3,127,1,3
3,128,1,5
3,129,1,12
3,129,1,14
3,130,1,12
3,130,1,14
3,131,1,1
3,131,1,2
3,132,1,13
3,133,1,5
3,134,1,5
3,135,1,5
3,136,1,5
3,137,1,10
3,138,1,2
3,138,1,9
3,139,1,2
3,139,1,9
3,140,1,2
3,140,1,9
3,141,1,2
3,141,1,9
3,142,1,4
3,143,1,1
3,144,1,15
3,145,1,15
3,146,1,15
3,147,1,2
3,147,1,14
3,148,1,2
3,148,1,14
3,149,1,2
3,149,1,14
3,150,1,15
3,151,1,15
3,152,1,1
3,152,1,7
3,153,1,1
3,153,1,7
3,154,1,1
3,154,1,7
3,155,1,5
3,156,1,5
3,157,1,5
3,158,1,1
3,158,1,2
3,159,1,1
3,159,1,2
3,160,1,1
3,160,1,2
3,161,1,5
3,162,1,5
3,163,1,4
3,164,1,4
3,165,1,3
3,166,1,3
3,167,1,3
3,168,1,3
3,169,1,4
3,170,1,12
3,171,1,12
3,172,1,15
3,173,1,15
3,174,1,15
3,175,1,15
3,176,1,4
3,176,1,6
3,177,1,4
3,178,1,4
3,179,1,1
3,179,1,5
3,180,1,1
3,180,1,5
3,181,1,1
3,181,1,5
3,182,1,7
3,183,1,2
3,183,1,6
3,184,1,2
3,184,1,6
3,185,1,10
3,186,1,2
3,187,1,6
3,187,1,7
3,188,1,6
3,188,1,7
3,189,1,6
3,189,1,7
3,190,1,5
3,191,1,7
3,192,1,7
3,193,1,3
3,194,1,2
3,194,1,5
3,195,1,2
3,195,1,5
3,196,1,5
3,197,1,5
3,198,1,4
3,199,1,1
3,199,1,2
3,200,1,11
3,201,1,15
3,201,2,15
3,201,3,15
3,201,4,15
3,201,5,15
3,201,6,15
3,201,7,15
3,201,8,15
3,201,9,15
3,201,10,15
3,201,11,15
3,201,12,15
3,201,13,15
3,201,14,15
3,201,15,15
3,201,16,15
3,201,17,15
3,201,18,15
3,201,19,15
3,201,20,15
3,201,21,15
3,201,22,15
3,201,23,15
3,201,24,15
3,201,25,15
3,201,26,15
3,201,27,15
3,201,28,15
3,202,1,11
3,203,1,5
3,204,1,3
3,205,1,3
3,206,1,5
3,207,1,3
3,208,1,10
3,209,1,5
3,209,1,6
3,210,1,5
3,210,1,6
3,211,1,12
3,212,1,3
3,213,1,3
3,214,1,3
3,215,1,5
3,216,1,5
3,217,1,5
3,218,1,11
3,219,1,11
3,220,1,5
3,221,1,5
3,222,1,2
3,222,1,9
3,223,1,2
3,223,1,12
3,224,1,2
3,224,1,12
3,225,1,2
3,225,1,5
3,226,1,2
3,227,1,4
3,228,1,5
3,229,1,5
3,230,1,2
3,230,1,14
3,231,1,5
3,232,1,5
3,233,1,10
3,234,1,5
3,235,1,5
3,236,1,15
3,237,1,8
3,238,1,15
3,239,1,15
3,240,1,15
3,241,1,5
3,242,1,6
3,243,1,15
3,244,1,15
3,245,1,15
3,246,1,1
3,247,1,1
3,248,1,1
3,249,1,15
3,250,1,15
3,251,1,15
3,252,1,1
3,252,1,14
3,253,1,1
3,253,1,14
3,254,1,1
3,254,1,14
3,255,1,5
3,256,1,5
3,257,1,5
3,258,1,1
3,258,1,2
3,259,1,1
3,259,1,2
3,260,1,1
3,260,1,2
3,261,1,5
3,262,1,5
3,263,1,5
3,264,1,5
3,265,1,3
3,266,1,3
3,267,1,3
3,268,1,3
3,269,1,3
3,270,1,2
3,270,1,7
3,271,1,2
3,271,1,7
3,272,1,2
3,272,1,7
3,273,1,5
3,273,1,7
3,274,1,5
3,274,1,7
3,275,1,5
3,275,1,7
3,276,1,4
3,277,1,4
3,278,1,2
3,278,1,4
3,279,1,2
3,279,1,4
3,280,1,11
3,281,1,11
3,282,1,11
3,283,1,2
3,283,1,3
3,284,1,2
3,284,1,3
3,285,1,6
3,285,1,7
3,286,1,6
3,286,1,7
3,287,1,5
3,288,1,5
3,289,1,5
3,290,1,3
3,291,1,3
3,292,1,10
3,293,1,1
3,293,1,5
3,294,1,1
3,294,1,5
3,295,1,1
3,295,1,5
3,296,1,8
3,297,1,8
3,298,1,15
3,299,1,10
3,300,1,5
3,300,1,6
3,301,1,5
3,301,1,6
3,302,1,8
3,303,1,5
3,303,1,6
3,304,1,1
3,305,1,1
3,306,1,1
3,307,1,8
3,308,1,8
3,309,1,5
3,310,1,5
3,311,1,6
3,312,1,6
3,313,1,3
3,313,1,8
3,314,1,3
3,314,1,8
3,315,1,6
3,315,1,7
3,316,1,11
3,317,1,11
3,318,1,12
3,319,1,12
3,320,1,5
3,320,1,12
3,321,1,5
3,321,1,12
3,322,1,5
3,323,1,5
3,324,1,5
3,325,1,5
3,326,1,5
3,327,1,5
3,327,1,8
3,328,1,3
3,329,1,3
3,330,1,3
3,331,1,7
3,331,1,8
3,332,1,7
3,332,1,8
3,333,1,4
3,333,1,14
3,334,1,4
3,334,1,14
3,335,1,5
3,336,1,5
3,336,1,14
3,337,1,10
3,338,1,10
3,339,1,12
3,340,1,12
3,341,1,2
3,341,1,9
3,342,1,2
3,342,1,9
3,343,1,10
3,344,1,10
3,345,1,9
3,346,1,9
3,347,1,9
3,348,1,9
3,349,1,2
3,349,1,14
3,350,1,2
3,350,1,14
3,351,1,6
3,351,1,11
3,351,2,6
3,351,2,11
3,351,3,6
3,351,3,11
3,351,4,6
3,351,4,11
3,352,1,5
3,353,1,11
3,354,1,11
3,355,1,11
3,356,1,11
3,357,1,1
3,357,1,7
3,358,1,11
3,359,1,5
3,360,1,15
3,361,1,6
3,361,1,10
3,362,1,6
3,362,1,10
3,363,1,2
3,363,1,5
3,364,1,2
3,364,1,5
3,365,1,2
3,365,1,5
3,366,1,2
3,367,1,2
3,368,1,2
3,369,1,2
3,369,1,12
3,370,1,12
3,371,1,14
3,372,1,14
3,373,1,14
3,374,1,10
3,375,1,10
3,376,1,10
3,377,1,15
3,378,1,15
3,379,1,15
3,380,1,15
3,381,1,15
3,382,1,15
3,383,1,15
3,384,1,15
3,385,1,15
3,386,1,15
3,386,2,15
3,386,3,15
3,386,4,15
4,1,1,1
4,1,1,7
4,2,1,1
4,2,1,7
4,3,1,1
4,3,1,7
4,4,1,1
4,4,1,14
4,5,1,1
4,5,1,14
4,6,1,1
4,6,1,14
4,7,1,1
4,7,1,2
4,8,1,1
4,8,1,2
4,9,1,1
4,9,1,2
4,10,1,3
4,11,1,3
4,12,1,3
4,13,1,3
4,14,1,3
4,15,1,3
4,16,1,4
4,17,1,4
4,18,1,4
4,19,1,5
4,20,1,5
4,21,1,4
4,22,1,4
4,23,1,5
4,23,1,14
4,24,1,5
4,24,1,14
4,25,1,5
4,25,1,6
4,26,1,5
4,26,1,6
4,27,1,5
4,28,1,5
4,29,1,1
4,29,1,5
4,30,1,15
4,31,1,15
4,32,1,1
4,32,1,5
4,33,1,1
4,33,1,5
4,34,1,1
4,34,1,5
4,35,1,6
4,36,1,6
4,37,1,5
4,38,1,5
4,39,1,6
4,40,1,6
4,41,1,4
4,42,1,4
4,43,1,7
4,44,1,7
4,45,1,7
4,46,1,3
4,46,1,7
4,47,1,3
4,47,1,7
4,48,1,3
4,49,1,3
4,50,1,5
4,51,1,5
4,52,1,5
4,53,1,5
4,54,1,2
4,54,1,5
4,55,1,2
4,55,1,5
4,56,1,5
4,57,1,5
4,58,1,5
4,59,1,5
4,60,1,2
4,61,1,2
4,62,1,2
4,63,1,8
4,64,1,8
4,65,1,8
4,66,1,8
4,67,1,8
4,68,1,8
4,69,1,7
4,70,1,7
4,71,1,7
4,72,1,9
4,73,1,9
4,74,1,10
4,75,1,10
4,76,1,10
4,77,1,5
4,78,1,5
4,79,1,1
4,79,1,2
4,80,1,1
4,80,1,2
4,81,1,10
4,82,1,10
4,83,1,4
4,83,1,5
4,84,1,4
4,85,1,4
4,86,1,2
4,86,1,5
4,87,1,2
4,87,1,5
4,88,1,11
4,89,1,11
4,90,1,9
4,91,1,9
4,92,1,11
4,93,1,11
4,94,1,11
4,95,1,10
4,96,1,8
4,97,1,8
4,98,1,9
4,99,1,9
4,100,1,10
4,101,1,10
4,102,1,7
4,103,1,7
4,104,1,1
4,105,1,1
4,106,1,8
4,107,1,8
4,108,1,1
4,109,1,11
4,110,1,11
4,111,1,1
4,111,1,5
4,112,1,1
4,112,1,5
4,113,1,6
4,114,1,7
4,115,1,1
4,116,1,2
4,116,1,14
4,117,1,2
4,117,1,14
4,118,1,12
4,119,1,12
4,120,1,9
4,121,1,9
4,122,1,8
4,123,1,3
4,124,1,8
4,125,1,8
4,126,1,8
4,127,1,3
4,128,1,5
4,129,1,12
4,129,1,14
4,130,1,12
4,130,1,14
4,131,1,1
4,131,1,2
4,132,1,13
4,133,1,5
4,134,1,5
4,135,1,5
4,136,1,5
4,137,1,10
4,138,1,2
4,138,1,9
4,139,1,2
4,139,1,9
4,140,1,2
4,140,1,9
4,141,1,2
4,141,1,9
4,142,1,4
4,143,1,1
4,144,1,15
4,145,1,15
4,146,1,15
4,147,1,2
4,147,1,14
4,148,1,2
4,148,1,14
4,149,1,2
4,149,1,14
4,150,1,15
4,151,1,15
4,152,1,1
4,152,1,7
4,153,1,1
4,153,1,7
4,154,1,1
4,154,1,7
4,155,1,5
4,156,1,5
4,157,1,5
4,158,1,1
4,158,1,2
4,159,1,1
4,159,1,2
4,160,1,1
4,160,1,2
4,161,1,5
4,162,1,5
4,163,1,4
4,164,1,4
4,165,1,3
4,166,1,3
4,167,1,3
4,168,1,3
4,169,1,4
4,170,1,12
4,171,1,12
4,172,1,15
4,172,2,15
4,173,1,15
4,174,1,15
4,175,1,15
4,176,1,4
4,176,1,6
4,177,1,4
4,178,1,4
4,179,1,1
4,179,1,5
4,180,1,1
4,180,1,5
4,181,1,1
4,181,1,5
4,182,1,7
4,183,1,2
4,183,1,6
4,184,1,2
4,184,1,6
4,185,1,10
4,186,1,2
4,187,1,6
4,187,1,7
4,188,1,6
4,188,1,7
4,189,1,6
4,189,1,7
4,190,1,5
4,191,1,7
4,192,1,7
4,193,1,3
4,194,1,2
4,194,1,5
4,195,1,2
4,195,1,5
4,196,1,5
4,197,1,5
4,198,1,4
4,199,1,1
4,199,1,2
4,200,1,11
4,201,1,15
4,201,2,15
4,201,3,15
4,201,4,15
4,201,5,15
4,201,6,15
4,201,7,15
4,201,8,15
4,201,9,15
4,201,10,15
4,201,11,15
4,201,12,15
4,201,13,15
4,201,14,15
4,201,15,15
4,201,16,15
4,201,17,15
4,201,18,15
4,201,19,15
4,201,20,15
4,201,21,15
4,201,22,15
4,201,23,15
4,201,24,15
4,201,25,15
4,201,26,15
4,201,27,15
4,201,28,15
4,202,1,11
4,203,1,5
4,204,1,3
4,205,1,3
4,206,1,5
4,207,1,3
4,208,1,10
4,209,1,5
4,209,1,6
4,210,1,5
4,210,1,6
4,211,1,12
4,212,1,3
4,213,1,3
4,214,1,3
4,215,1,5
4,216,1,5
4,217,1,5
4,218,1,11
4,219,1,11
4,220,1,5
4,221,1,5
4,222,1,2
4,222,1,9
4,223,1,2
4,223,1,12
4,224,1,2
4,224,1,12
4,225,1,2
4,225,1,5
4,226,1,2
4,227,1,4
4,228,1,5
4,229,1,5
4,230,1,2
4,230,1,14
4,231,1,5
4,232,1,5
4,233,1,10
4,234,1,5
4,235,1,5
4,236,1,15
4,237,1,8
4,238,1,15
4,239,1,15
4,240,1,15
4,241,1,5
4,242,1,6
4,243,1,15
4,244,1,15
4,245,1,15
4,246,1,1
4,247,1,1
4,248,1,1
4,249,1,15
4,250,1,15
4,251,1,15
4,252,1,1
4,252,1,14
4,253,1,1
4,253,1,14
4,254,1,1
4,254,1,14
4,255,1,5
4,256,1,5
4,257,1,5
4,258,1,1
4,258,1,2
4,259,1,1
4,259,1,2
4,260,1,1
4,260,1,2
4,261,1,5
4,262,1,5
4,263,1,5
4,264,1,5
4,265,1,3
4,266,1,3
4,267,1,3
4,268,1,3
4,269,1,3
4,270,1,2
4,270,1,7
4,271,1,2
4,271,1,7
4,272,1,2
4,272,1,7
4,273,1,5
4,273,1,7
4,274,1,5
4,274,1,7
4,275,1,5
4,275,1,7
4,276,1,4
4,277,1,4
4,278,1,2
4,278,1,4
4,279,1,2
4,279,1,4
4,280,1,11
4,281,1,11
4,282,1,11
4,283,1,2
4,283,1,3
4,284,1,2
4,284,1,3
4,285,1,6
4,285,1,7
4,286,1,6
4,286,1,7
4,287,1,5
4,288,1,5
4,289,1,5
4,290,1,3
4,291,1,3
4,292,1,10
4,293,1,1
4,293,1,5
4,294,1,1
4,294,1,5
4,295,1,1
4,295,1,5
4,296,1,8
4,297,1,8
4,298,1,15
4,299,1,10
4,300,1,5
4,300,1,6
4,301,1,5
4,301,1,6
4,302,1,8
4,303,1,5
4,303,1,6
4,304,1,1
4,305,1,1
4,306,1,1
4,307,1,8
4,308,1,8
4,309,1,5
4,310,1,5
4,311,1,6
4,312,1,6
4,313,1,3
4,313,1,8
4,314,1,3
4,314,1,8
4,315,1,6
4,315,1,7
4,316,1,11
4,317,1,11
4,318,1,12
4,319,1,12
4,320,1,5
4,320,1,12
4,321,1,5
4,321,1,12
4,322,1,5
4,323,1,5
4,324,1,5
4,325,1,5
4,326,1,5
4,327,1,5
4,327,1,8
4,328,1,3
4,329,1,3
4,330,1,3
4,331,1,7
4,331,1,8
4,332,1,7
4,332,1,8
4,333,1,4
4,333,1,14
4,334,1,4
4,334,1,14
4,335,1,5
4,336,1,5
4,336,1,14
4,337,1,10
4,338,1,10
4,339,1,12
4,340,1,12
4,341,1,2
4,341,1,9
4,342,1,2
4,342,1,9
4,343,1,10
4,344,1,10
4,345,1,9
4,346,1,9
4,347,1,9
4,348,1,9
4,349,1,2
4,349,1,14
4,350,1,2
4,350,1,14
4,351,1,6
4,351,1,11
4,351,2,6
4,351,2,11
4,351,3,6
4,351,3,11
4,351,4,6
4,351,4,11
4,352,1,5
4,353,1,11
4,354,1,11
4,355,1,11
4,356,1,11
4,357,1,1
4,357,1,7
4,358,1,11
4,359,1,5
4,360,1,15
4,361,1,6
4,361,1,10
4,362,1,6
4,362,1,10
4,363,1,2
4,363,1,5
4,364,1,2
4,364,1,5
4,365,1,2
4,365,1,5
4,366,1,2
4,367,1,2
4,368,1,2
4,369,1,2
4,369,1,12
4,370,1,12
4,371,1,14
4,372,1,14
4,373,1,14
4,374,1,10
4,375,1,10
4,376,1,10
4,377,1,15
4,378,1,15
4,379,1,15
4,380,1,15
4,381,1,15
4,382,1,15
4,383,1,15
4,384,1,15
4,385,1,15
4,386,1,15
4,386,2,15
4,386,3,15
4,386,4,15
4,387,1,1
4,387,1,7
4,388,1,1
4,388,1,7
4,389,1,1
4,389,1,7
4,390,1,5
4,390,1,8
4,391,1,5
4,391,1,8
4,392,1,5
4,392,1,8
4,393,1,2
4,393,1,5
4,394,1,2
4,394,1,5
4,395,1,2
4,395,1,5
4,396,1,4
4,397,1,4
4,398,1,4
4,399,1,2
4,399,1,5
4,400,1,2
4,400,1,5
4,401,1,3
4,402,1,3
4,403,1,5
4,404,1,5
4,405,1,5
4,406,1,15
4,407,1,6
4,407,1,7
4,408,1,1
4,409,1,1
4,410,1,1
4,411,1,1
4,412,1,3
4,412,2,3
4,412,3,3
4,413,1,3
4,413,2,3
4,413,3,3
4,414,1,3
4,415,1,3
4,416,1,3
4,417,1,5
4,417,1,6
4,418,1,2
4,418,1,5
4,419,1,2
4,419,1,5
4,420,1,6
4,420,1,7
4,421,1,6
4,421,1,7
4,421,2,6
4,421,2,7
4,422,1,2
4,422,1,11
4,422,2,2
4,422,2,11
4,423,1,2
4,423,1,11
4,423,2,2
4,423,2,11
4,424,1,5
4,425,1,11
4,426,1,11
4,427,1,5
4,427,1,8
4,428,1,5
4,428,1,8
4,429,1,11
4,430,1,4
4,431,1,5
4,432,1,5
4,433,1,15
4,434,1,5
4,435,1,5
4,436,1,10
4,437,1,10
4,438,1,15
4,439,1,15
4,440,1,15
4,441,1,4
4,442,1,11
4,443,1,1
4,443,1,14
4,444,1,1
4,444,1,14
4,445,1,1
4,445,1,14
4,446,1,15
4,447,1,15
4,448,1,5
4,448,1,8
4,449,1,5
4,450,1,5
4,451,1,3
4,451,1,9
4,452,1,3
4,452,1,9
4,453,1,8
4,454,1,8
4,455,1,7
4,456,1,12
4,457,1,12
4,458,1,15
4,459,1,1
4,459,1,7
4,460,1,1
4,460,1,7
4,461,1,5
4,462,1,10
4,463,1,1
4,464,1,1
4,464,1,5
4,465,1,7
4,466,1,8
4,467,1,8
4,468,1,4
4,468,1,6
4,469,1,3
4,470,1,5
4,471,1,5
4,472,1,3
4,473,1,5
4,474,1,10
4,475,1,11
4,476,1,10
4,477,1,11
4,478,1,6
4,478,1,10
4,479,1,11
4,479,2,11
4,479,3,11
4,479,4,11
4,479,5,11
4,479,6,11
4,480,1,15
4,481,1,15
4,482,1,15
4,483,1,15
4,484,1,15
4,485,1,15
4,486,1,15
4,487,1,15
4,487,2,15
4,488,1,15
4,489,1,2
4,489,1,6
4,490,1,2
4,490,1,6
4,491,1,15
4,492,1,15
4,492,2,15
4,493,1,15
4,493,2,15
4,493,3,15
4,493,4,15
4,493,5,15
4,493,6,15
4,493,7,15
4,493,8,15
4,493,9,15
4,493,10,15
4,493,11,15
4,493,12,15
4,493,13,15
4,493,14,15
4,493,15,15
4,493,16,15
4,493,17,15
5,1,1,1
5,1,1,7
5,2,1,1
5,2,1,7
5,3,1,1
5,3,1,7
5,4,1,1
5,4,1,14
5,5,1,1
5,5,1,14
5,6,1,1
5,6,1,14
5,7,1,1
5,7,1,2
5,8,1,1
5,8,1,2
5,9,1,1
5,9,1,2
5,10,1,3
5,11,1,3
5,12,1,3
5,13,1,3
5,14,1,3
5,15,1,3
5,16,1,4
5,17,1,4
5,18,1,4
5,19,1,5
5,20,1,5
5,21,1,4
5,22,1,4
5,23,1,5
5,23,1,14
5,24,1,5
5,24,1,14
5,25,1,5
5,25,1,6
5,26,1,5
5,26,1,6
5,27,1,5
5,28,1,5
5,29,1,1
5,29,1,5
5,30,1,15
5,31,1,15
5,32,1,1
5,32,1,5
5,33,1,1
5,33,1,5
5,34,1,1
5,34,1,5
5,35,1,6
5,36,1,6
5,37,1,5
5,38,1,5
5,39,1,6
5,40,1,6
5,41,1,4
5,42,1,4
5,43,1,7
5,44,1,7
5,45,1,7
5,46,1,3
5,46,1,7
5,47,1,3
5,47,1,7
5,48,1,3
5,49,1,3
5,50,1,5
5,51,1,5
5,52,1,5
5,53,1,5
5,54,1,2
5,54,1,5
5,55,1,2
5,55,1,5
5,56,1,5
5,57,1,5
5,58,1,5
5,59,1,5
5,60,1,2
5,61,1,2
5,62,1,2
5,63,1,8
5,64,1,8
5,65,1,8
5,66,1,8
5,67,1,8
5,68,1,8
5,69,1,7
5,70,1,7
5,71,1,7
5,72,1,9
5,73,1,9
5,74,1,10
5,75,1,10
5,76,1,10
5,77,1,5
5,78,1,5
5,79,1,1
5,79,1,2
5,80,1,1
5,80,1,2
5,81,1,10
5,82,1,10
5,83,1,4
5,83,1,5
5,84,1,4
5,85,1,4
5,86,1,2
5,86,1,5
5,87,1,2
5,87,1,5
5,88,1,11
5,89,1,11
5,90,1,9
5,91,1,9
5,92,1,11
5,93,1,11
5,94,1,11
5,95,1,10
5,96,1,8
5,97,1,8
5,98,1,9
5,99,1,9
5,100,1,10
5,101,1,10
5,102,1,7
5,103,1,7
5,104,1,1
5,105,1,1
5,106,1,8
5,107,1,8
5,108,1,1
5,109,1,11
5,110,1,11
5,111,1,1
5,111,1,5
5,112,1,1
5,112,1,5
5,113,1,6
5,114,1,7
5,115,1,1
5,116,1,2
5,116,1,14
5,117,1,2
5,117,1,14
5,118,1,12
5,119,1,12
5,120,1,9
5,121,1,9
5,122,1,8
5,123,1,3
5,124,1,8
5,125,1,8
5,126,1,8
5,127,1,3
5,128,1,5
5,129,1,12
5,129,1,14
5,130,1,12
5,130,1,14
5,131,1,1
5,131,1,2
5,132,1,13
5,133,1,5
5,134,1,5
5,135,1,5
5,136,1,5
5,137,1,10
5,138,1,2
5,138,1,9
5,139,1,2
5,139,1,9
5,140,1,2
5,140,1,9
5,141,1,2
5,141,1,9
5,142,1,4
5,143,1,1
5,144,1,15
5,145,1,15
5,146,1,15
5,147,1,2
5,147,1,14
5,148,1,2
5,148,1,14
5,149,1,2
5,149,1,14
5,150,1,15
5,151,1,15
5,152,1,1
5,152,1,7
5,153,1,1
5,153,1,7
5,154,1,1
5,154,1,7
5,155,1,5
5,156,1,5
5,157,1,5
5,158,1,1
5,158,1,2
5,159,1,1
5,159,1,2
5,160,1,1
5,160,1,2
5,161,1,5
5,162,1,5
5,163,1,4
5,164,1,4
5,165,1,3
5,166,1,3
5,167,1,3
5,168,1,3
5,169,1,4
5,170,1,12
5,171,1,12
5,172,1,15
5,173,1,15
5,174,1,15
5,175,1,15
5,176,1,4
5,176,1,6
5,177,1,4
5,178,1,4
5,179,1,1
5,179,1,5
5,180,1,1
5,180,1,5
5,181,1,1
5,181,1,5
5,182,1,7
5,183,1,2
5,183,1,6
5,184,1,2
5,184,1,6
5,185,1,10
5,186,1,2
5,187,1,6
5,187,1,7
5,188,1,6
5,188,1,7
5,189,1,6
5,189,1,7
5,190,1,5
5,191,1,7
5,192,1,7
5,193,1,3
5,194,1,2
5,194,1,5
5,195,1,2
5,195,1,5
5,196,1,5
5,197,1,5
5,198,1,4
5,199,1,1
5,199,1,2
5,200,1,11
5,201,1,15
5,201,2,15
5,201,3,15
5,201,4,15
5,201,5,15
5,201,6,15
5,201,7,15
5,201,8,15
5,201,9,15
5,201,10,15
5,201,11,15
5,201,12,15
5,201,13,15
5,201,14,15
5,201,15,15
5,201,16,15
5,201,17,15
5,201,18,15
5,201,19,15
5,201,20,15
5,201,21,15
5,201,22,15
5,201,23,15
5,201,24,15
5,201,25,15
5,201,26,15
5,201,27,15
5,201,28,15
5,202,1,11
5,203,1,5
5,204,1,3
5,205,1,3
5,206,1,5
5,207,1,3
5,208,1,10
5,209,1,5
5,209,1,6
5,210,1,5
5,210,1,6
5,211,1,12
5,212,1,3
5,213,1,3
5,214,1,3
5,215,1,5
5,216,1,5
5,217,1,5
5,218,1,11
5,219,1,11
5,220,1,5
5,221,1,5
5,222,1,2
5,222,1,9
5,223,1,2
5,223,1,12
5,224,1,2
5,224,1,12
5,225,1,2
5,225,1,5
5,226,1,2
5,227,1,4
5,228,1,5
5,229,1,5
5,230,1,2
5,230,1,14
5,231,1,5
5,232,1,5
5,233,1,10
5,234,1,5
5,235,1,5
5,236,1,15
5,237,1,8
5,238,1,15
5,239,1,15
5,240,1,15
5,241,1,5
5,242,1,6
5,243,1,15
5,244,1,15
5,245,1,15
5,246,1,1
5,247,1,1
5,248,1,1
5,249,1,15
5,250,1,15
5,251,1,15
5,252,1,1
5,252,1,14
5,253,1,1
5,253,1,14
5,254,1,1
5,254,1,14
5,255,1,5
5,256,1,5
5,257,1,5
5,258,1,1
5,258,1,2
5,259,1,1
5,259,1,2
5,260,1,1
5,260,1,2
5,261,1,5
5,262,1,5
5,263,1,5
5,264,1,5
5,265,1,3
5,266,1,3
5,267,1,3
5,268,1,3
5,269,1,3
5,270,1,2
5,270,1,7
5,271,1,2
5,271,1,7
5,272,1,2
5,272,1,7
5,273,1,5
5,273,1,7
5,274,1,5
5,274,1,7
5,275,1,5
5,275,1,7
5,276,1,4
5,277,1,4
5,278,1,2
5,278,1,4
5,279,1,2
5,279,1,4
5,280,1,11
5,281,1,11
5,282,1,11
5,283,1,2
5,283,1,3
5,284,1,2
5,284,1,3
5,285,1,6
5,285,1,7
5,286,1,6
5,286,1,7
5,287,1,5
5,288,1,5
5,289,1,5
5,290,1,3
5,291,1,3
5,292,1,10
5,293,1,1
5,293,1,5
5,294,1,1
5,294,1,5
5,295,1,1
5,295,1,5
5,296,1,8
5,297,1,8
5,298,1,15
5,299,1,10
5,300,1,5
5,300,1,6
5,301,1,5
5,301,1,6
5,302,1,8
5,303,1,5
5,303,1,6
5,304,1,1
5,305,1,1
5,306,1,1
5,307,1,8
5,308,1,8
5,309,1,5
5,310,1,5
5,311,1,6
5,312,1,6
5,313,1,3
5,313,1,8
5,314,1,3
5,314,1,8
5,315,1,6
5,315,1,7
5,316,1,11
5,317,1,11
5,318,1,12
5,319,1,12
5,320,1,5
5,320,1,12
5,321,1,5
5,321,1,12
5,322,1,5
5,323,1,5
5,324,1,5
5,325,1,5
5,326,1,5
5,327,1,5
5,327,1,8
5,328,1,3
5,329,1,3
5,330,1,3
5,331,1,7
5,331,1,8
5,332,1,7
5,332,1,8
5,333,1,4
5,333,1,14
5,334,1,4
5,334,1,14
5,335,1,5
5,336,1,5
5,336,1,14
5,337,1,10
5,338,1,10
5,339,1,12
5,340,1,12
5,341,1,2
5,341,1,9
5,342,1,2
5,342,1,9
5,343,1,10
5,344,1,10
5,345,1,9
5,346,1,9
5,347,1,9
5,348,1,9
5,349,1,2
5,349,1,14
5,350,1,2
5,350,1,14
5,351,1,6
5,351,1,11
5,351,2,6
5,351,2,11
5,351,3,6
5,351,3,11
5,351,4,6
5,351,4,11
5,352,1,5
5,353,1,11
5,354,1,11
5,355,1,11
5,356,1,11
5,357,1,1
5,357,1,7
5,358,1,11
5,359,1,5
5,360,1,15
5,361,1,6
5,361,1,10
5,362,1,6
5,362,1,10
5,363,1,2
5,363,1,5
5,364,1,2
5,364,1,5
5,365,1,2
5,365,1,5
5,366,1,2
5,367,1,2
5,368,1,2
5,369,1,2
5,369,1,12
5,370,1,12
5,371,1,14
5,372,1,14
5,373,1,14
5,374,1,10
5,375,1,10
5,376,1,10
5,377,1,15
5,378,1,15
5,379,1,15
5,380,1,15
5,381,1,15
5,382,1,15
5,383,1,15
5,384,1,15
5,385,1,15
5,386,1,15
5,386,2,15
5,386,3,15
5,386,4,15
5,387,1,1
5,387,1,7
5,388,1,1
5,388,1,7
5,389,1,1
5,389,1,7
5,390,1,5
5,390,1,8
5,391,1,5
5,391,1,8
5,392,1,5
5,392,1,8
5,393,1,2
5,393,1,5
5,394,1,2
5,394,1,5
5,395,1,2
5,395,1,5
5,396,1,4
5,397,1,4
5,398,1,4
5,399,1,2
5,399,1,5
5,400,1,2
5,400,1,5
5,401,1,3
5,402,1,3
5,403,1,5
5,404,1,5
5,405,1,5
5,406,1,15
5,407,1,6
5,407,1,7
5,408,1,1
5,409,1,1
5,410,1,1
5,411,1,1
5,412,1,3
5,412,2,3
5,412,3,3
5,413,1,3
5,413,2,3
5,413,3,3
5,414,1,3
5,415,1,3
5,416,1,3
5,417,1,5
5,417,1,6
5,418,1,2
5,418,1,5
5,419,1,2
5,419,1,5
5,420,1,6
5,420,1,7
5,421,1,6
5,421,1,7
5,421,2,6
5,421,2,7
5,422,1,2
5,422,1,11
5,422,2,2
5,422,2,11
5,423,1,2
5,423,1,11
5,423,2,2
5,423,2,11
5,424,1,5
5,425,1,11
5,426,1,11
5,427,1,5
5,427,1,8
5,428,1,5
5,428,1,8
5,429,1,11
5,430,1,4
5,431,1,5
5,432,1,5
5,433,1,15
5,434,1,5
5,435,1,5
5,436,1,10
5,437,1,10
5,438,1,15
5,439,1,15
5,440,1,15
5,441,1,4
5,442,1,11
5,443,1,1
5,443,1,14
5,444,1,1
5,444,1,14
5,445,1,1
5,445,1,14
5,446,1,15
5,447,1,15
5,448,1,5
5,448,1,8
5,449,1,5
5,450,1,5
5,451,1,3
5,451,1,9
5,452,1,3
5,452,1,9
5,453,1,8
5,454,1,8
5,455,1,7
5,456,1,12
5,457,1,12
5,458,1,15
5,459,1,1
5,459,1,7
5,460,1,1
5,460,1,7
5,461,1,5
5,462,1,10
5,463,1,1
5,464,1,1
5,464,1,5
5,465,1,7
5,466,1,8
5,467,1,8
5,468,1,4
5,468,1,6
5,469,1,3
5,470,1,5
5,471,1,5
5,472,1,3
5,473,1,5
5,474,1,10
5,475,1,11
5,476,1,10
5,477,1,11
5,478,1,6
5,478,1,10
5,479,1,11
5,479,2,11
5,479,3,11
5,479,4,11
5,479,5,11
5,479,6,11
5,480,1,15
5,481,1,15
5,482,1,15
5,483,1,15
5,484,1,15
5,485,1,15
5,486,1,15
5,487,1,15
5,487,2,15
5,488,1,15
5,489,1,2
5,489,1,6
5,490,1,2
5,490,1,6
5,491,1,15
5,492,1,15
5,492,2,15
5,493,1,15
5,493,2,15
5,493,3,15
5,493,4,15
5,493,5,15
5,493,6,15
5,493,7,15
5,493,8,15
5,493,9,15
5,493,10,15
5,493,11,15
5,493,12,15
5,493,13,15
5,493,14,15
5,493,15,15
5,493,16,15
5,493,17,15
5,494,1,15
5,495,1,5
5,495,1,7
5,496,1,5
5,496,1,7
5,497,1,5
5,497,1,7
5,498,1,5
5,499,1,5
5,500,1,5
5,501,1,5
5,502,1,5
5,503,1,5
5,504,1,5
5,505,1,5
5,506,1,5
5,507,1,5
5,508,1,5
5,509,1,5
5,510,1,5
5,511,1,5
5,512,1,5
5,513,1,5
5,514,1,5
5,515,1,5
5,516,1,5
5,517,1,5
5,518,1,5
5,519,1,4
5,520,1,4
5,521,1,4
5,522,1,5
5,523,1,5
5,524,1,10
5,525,1,10
5,526,1,10
5,527,1,4
5,527,1,5
5,528,1,4
5,528,1,5
5,529,1,5
5,530,1,5
5,531,1,6
5,532,1,8
5,533,1,8
5,534,1,8
5,535,1,2
5,536,1,2
5,537,1,2
5,538,1,8
5,539,1,8
5,540,1,3
5,541,1,3
5,542,1,3
5,543,1,3
5,544,1,3
5,545,1,3
5,546,1,6
5,546,1,7
5,547,1,6
5,547,1,7
5,548,1,7
5,549,1,7
5,550,1,12
5,550,2,12
5,551,1,5
5,552,1,5
5,553,1,5
5,554,1,5
5,555,1,5
5,555,2,5
5,556,1,7
5,557,1,3
5,557,1,10
5,558,1,3
5,558,1,10
5,559,1,5
5,559,1,14
5,560,1,5
5,560,1,14
5,561,1,4
5,562,1,10
5,562,1,11
5,563,1,10
5,563,1,11
5,564,1,2
5,564,1,9
5,565,1,2
5,565,1,9
5,566,1,4
5,566,1,9
5,567,1,4
5,567,1,9
5,568,1,10
5,569,1,10
5,570,1,5
5,571,1,5
5,572,1,5
5,573,1,5
5,574,1,8
5,575,1,8
5,576,1,8
5,577,1,11
5,578,1,11
5,579,1,11
5,580,1,2
5,580,1,4
5,581,1,2
5,581,1,4
5,582,1,10
5,583,1,10
5,584,1,10
5,585,1,5
5,585,2,5
5,585,3,5
5,585,4,5
5,586,1,5
5,586,2,5
5,586,3,5
5,586,4,5
5,587,1,5
5,588,1,3
5,589,1,3
5,590,1,7
5,591,1,7
5,592,1,11
5,593,1,11
5,594,1,2
5,594,1,12
5,595,1,3
5,596,1,3
5,597,1,7
5,597,1,10
5,598,1,7
5,598,1,10
5,599,1,10
5,600,1,10
5,601,1,10
5,602,1,11
5,603,1,11
5,604,1,11
5,605,1,8
5,606,1,8
5,607,1,11
5,608,1,11
5,609,1,11
5,610,1,1
5,610,1,14
5,611,1,1
5,611,1,14
5,612,1,1
5,612,1,14
5,613,1,5
5,614,1,5
5,615,1,10
5,616,1,3
5,617,1,3
5,618,1,2
5,618,1,11
5,619,1,5
5,619,1,8
5,620,1,5
5,620,1,8
5,621,1,1
5,621,1,14
5,622,1,10
5,623,1,10
5,624,1,8
5,625,1,8
5,626,1,5
5,627,1,4
5,628,1,4
5,629,1,4
5,630,1,4
5,631,1,5
5,632,1,3
5,633,1,14
5,634,1,14
5,635,1,14
5,636,1,3
5,637,1,3
5,638,1,15
5,639,1,15
5,640,1,15
5,641,1,15
5,641,2,15
5,642,1,15
5,642,2,15
5,643,1,15
5,644,1,15
5,645,1,15
5,645,2,15
5,646,1,15
5,646,2,15
5,646,3,15
5,647,1,15
5,647,2,15
5,648,1,15
5,648,2,15
5,649,1,15
5,649,2,15
5,649,3,15
5,649,4,15
5,649,5,15
6,1,1,1
6,1,1,7
6,2,1,1
6,2,1,7
6,3,1,1
6,3,1,7
6,3,2,1
6,3,2,7
6,4,1,1
6,4,1,14
6,5,1,1
6,5,1,14
6,6,1,1
6,6,1,14
6,6,2,1
6,6,2,14
6,6,3,1
6,6,3,14
6,7,1,1
6,7,1,2
6,8,1,1
6,8,1,2
6,9,1,1
6,9,1,2
6,9,2,1
6,9,2,2
6,10,1,3
6,11,1,3
6,12,1,3
6,13,1,3
6,14,1,3
6,15,1,3
6,15,2,3
6,16,1,4
6,17,1,4
6,18,1,4
6,18,2,4
6,19,1,5
6,20,1,5
6,21,1,4
6,22,1,4
6,23,1,5
6,23,1,14
6,24,1,5
6,24,1,14
6,25,1,5
6,25,1,6
6,25,2,15
6,25,3,15
6,25,4,15
6,25,5,15
6,25,6,15
6,25,7,15
6,26,1,5
6,26,1,6
6,27,1,5
6,28,1,5
6,29,1,1
6,29,1,5
6,30,1,15
6,31,1,15
6,32,1,1
6,32,1,5
6,33,1,1
6,33,1,5
6,34,1,1
6,34,1,5
6,35,1,6
6,36,1,6
6,37,1,5
6,38,1,5
6,39,1,6
6,40,1,6
6,41,1,4
6,42,1,4
6,43,1,7
6,44,1,7
6,45,1,7
6,46,1,3
6,46,1,7
6,47,1,3
6,47,1,7
6,48,1,3
6,49,1,3
6,50,1,5
6,51,1,5
6,52,1,5
6,53,1,5
6,54,1,2
6,54,1,5
6,55,1,2
6,55,1,5
6,56,1,5
6,57,1,5
6,58,1,5
6,59,1,5
6,60,1,2
6,61,1,2
6,62,1,2
6,63,1,8
6,64,1,8
6,65,1,8
6,65,2,8
6,66,1,8
6,67,1,8
6,68,1,8
6,69,1,7
6,70,1,7
6,71,1,7
6,72,1,9
6,73,1,9
6,74,1,10
6,75,1,10
6,76,1,10
6,77,1,5
6,78,1,5
6,79,1,1
6,79,1,2
6,80,1,1
6,80,1,2
6,80,2,1
6,80,2,2
6,81,1,10
6,82,1,10
6,83,1,4
6,83,1,5
6,84,1,4
6,85,1,4
6,86,1,2
6,86,1,5
6,87,1,2
6,87,1,5
6,88,1,11
6,89,1,11
6,90,1,9
6,91,1,9
6,92,1,11
6,93,1,11
6,94,1,11
6,94,2,11
6,95,1,10
6,96,1,8
6,97,1,8
6,98,1,9
6,99,1,9
6,100,1,10
6,101,1,10
6,102,1,7
6,103,1,7
6,104,1,1
6,105,1,1
6,106,1,8
6,107,1,8
6,108,1,1
6,109,1,11
6,110,1,11
6,111,1,1
6,111,1,5
6,112,1,1
6,112,1,5
6,113,1,6
6,114,1,7
6,115,1,1
6,115,2,1
6,116,1,2
6,116,1,14
6,117,1,2
6,117,1,14
6,118,1,12
6,119,1,12
6,120,1,9
6,121,1,9
6,122,1,8
6,123,1,3
6,124,1,8
6,125,1,8
6,126,1,8
6,127,1,3
6,127,2,3
6,128,1,5
6,129,1,12
6,129,1,14
6,130,1,12
6,130,1,14
6,130,2,12
6,130,2,14
6,131,1,1
6,131,1,2
6,132,1,13
6,133,1,5
6,134,1,5
6,135,1,5
6,136,1,5
6,137,1,10
6,138,1,2
6,138,1,9
6,139,1,2
6,139,1,9
6,140,1,2
6,140,1,9
6,141,1,2
6,141,1,9
6,142,1,4
6,142,2,4
6,143,1,1
6,144,1,15
6,145,1,15
6,146,1,15
6,147,1,2
6,147,1,14
6,148,1,2
6,148,1,14
6,149,1,2
6,149,1,14
6,150,1,15
6,150,2,15
6,150,3,15
6,151,1,15
6,152,1,1
6,152,1,7
6,153,1,1
6,153,1,7
6,154,1,1
6,154,1,7
6,155,1,5
6,156,1,5
6,157,1,5
6,158,1,1
6,158,1,2
6,159,1,1
6,159,1,2
6,160,1,1
6,160,1,2
6,161,1,5
6,162,1,5
6,163,1,4
6,164,1,4
6,165,1,3
6,166,1,3
6,167,1,3
6,168,1,3
6,169,1,4
6,170,1,12
6,171,1,12
6,172,1,15
6,173,1,15
6,174,1,15
6,175,1,15
6,176,1,4
6,176,1,6
6,177,1,4
6,178,1,4
6,179,1,1
6,179,1,5
6,180,1,1
6,180,1,5
6,181,1,1
6,181,1,5
6,181,2,1
6,181,2,5
6,182,1,7
6,183,1,2
6,183,1,6
6,184,1,2
6,184,1,6
6,185,1,10
6,186,1,2
6,187,1,6
6,187,1,7
6,188,1,6
6,188,1,7
6,189,1,6
6,189,1,7
6,190,1,5
6,191,1,7
6,192,1,7
6,193,1,3
6,194,1,2
6,194,1,5
6,195,1,2
6,195,1,5
6,196,1,5
6,197,1,5
6,198,1,4
6,199,1,1
6,199,1,2
6,200,1,11
6,201,1,15
6,201,2,15
6,201,3,15
6,201,4,15
6,201,5,15
6,201,6,15
6,201,7,15
6,201,8,15
6,201,9,15
6,201,10,15
6,201,11,15
6,201,12,15
6,201,13,15
6,201,14,15
6,201,15,15
6,201,16,15
6,201,17,15
6,201,18,15
6,201,19,15
6,201,20,15
6,201,21,15
6,201,22,15
6,201,23,15
6,201,24,15
6,201,25,15
6,201,26,15
6,201,27,15
6,201,28,15
6,202,1,11
6,203,1,5
6,204,1,3
6,205,1,3
6,206,1,5
6,207,1,3
6,208,1,10
6,208,2,10
6,209,1,5
6,209,1,6
6,210,1,5
6,210,1,6
6,211,1,12
6,212,1,3
6,212,2,3
6,213,1,3
6,214,1,3
6,214,2,3
6,215,1,5
6,216,1,5
6,217,1,5
6,218,1,11
6,219,1,11
6,220,1,5
6,221,1,5
6,222,1,2
6,222,1,9
6,223,1,2
6,223,1,12
6,224,1,2
6,224,1,12
6,225,1,2
6,225,1,5
6,226,1,2
6,227,1,4
6,228,1,5
6,229,1,5
6,229,2,5
6,230,1,2
6,230,1,14
6,231,1,5
6,232,1,5
6,233,1,10
6,234,1,5
6,235,1,5
6,236,1,15
6,237,1,8
6,238,1,15
6,239,1,15
6,240,1,15
6,241,1,5
6,242,1,6
6,243,1,15
6,244,1,15
6,245,1,15
6,246,1,1
6,247,1,1
6,248,1,1
6,248,2,1
6,249,1,15
6,250,1,15
6,251,1,15
6,252,1,1
6,252,1,14
6,253,1,1
6,253,1,14
6,254,1,1
6,254,1,14
6,254,2,1
6,254,2,14
6,255,1,5
6,256,1,5
6,257,1,5
6,257,2,5
6,258,1,1
6,258,1,2
6,259,1,1
6,259,1,2
6,260,1,1
6,260,1,2
6,260,2,1
6,260,2,2
6,261,1,5
6,262,1,5
6,263,1,5
6,264,1,5
6,265,1,3
6,266,1,3
6,267,1,3
6,268,1,3
6,269,1,3
6,270,1,2
6,270,1,7
6,271,1,2
6,271,1,7
6,272,1,2
6,272,1,7
6,273,1,5
6,273,1,7
6,274,1,5
6,274,1,7
6,275,1,5
6,275,1,7
6,276,1,4
6,277,1,4
6,278,1,2
6,278,1,4
6,279,1,2
6,279,1,4
6,280,1,11
6,281,1,11
6,282,1,11
6,282,2,11
6,283,1,2
6,283,1,3
6,284,1,2
6,284,1,3
6,285,1,6
6,285,1,7
6,286,1,6
6,286,1,7
6,287,1,5
6,288,1,5
6,289,1,5
6,290,1,3
6,291,1,3
6,292,1,10
6,293,1,1
6,293,1,5
6,294,1,1
6,294,1,5
6,295,1,1
6,295,1,5
6,296,1,8
6,297,1,8
6,298,1,15
6,299,1,10
6,300,1,5
6,300,1,6
6,301,1,5
6,301,1,6
6,302,1,8
6,302,2,8
6,303,1,5
6,303,1,6
6,303,2,5
6,303,2,6
6,304,1,1
6,305,1,1
6,306,1,1
6,306,2,1
6,307,1,8
6,308,1,8
6,308,2,8
6,309,1,5
6,310,1,5
6,310,2,5
6,311,1,6
6,312,1,6
6,313,1,3
6,313,1,8
6,314,1,3
6,314,1,8
6,315,1,6
6,315,1,7
6,316,1,11
6,317,1,11
6,318,1,12
6,319,1,12
6,319,2,12
6,320,1,5
6,320,1,12
6,321,1,5
6,321,1,12
6,322,1,5
6,323,1,5
6,323,2,5
6,324,1,5
6,325,1,5
6,326,1,5
6,327,1,5
6,327,1,8
6,328,1,3
6,329,1,3
6,330,1,3
6,331,1,7
6,331,1,8
6,332,1,7
6,332,1,8
6,333,1,4
6,333,1,14
6,334,1,4
6,334,1,14
6,334,2,4
6,334,2,14
6,335,1,5
6,336,1,5
6,336,1,14
6,337,1,10
6,338,1,10
6,339,1,12
6,340,1,12
6,341,1,2
6,341,1,9
6,342,1,2
6,342,1,9
6,343,1,10
6,344,1,10
6,345,1,9
6,346,1,9
6,347,1,9
6,348,1,9
6,349,1,2
6,349,1,14
6,350,1,2
6,350,1,14
6,351,1,6
6,351,1,11
6,351,2,6
6,351,2,11
6,351,3,6
6,351,3,11
6,351,4,6
6,351,4,11
6,352,1,5
6,353,1,11
6,354,1,11
6,354,2,11
6,355,1,11
6,356,1,11
6,357,1,1
6,357,1,7
6,358,1,11
6,359,1,5
6,359,2,5
6,360,1,15
6,361,1,6
6,361,1,10
6,362,1,6
6,362,1,10
6,362,2,6
6,362,2,10
6,363,1,2
6,363,1,5
6,364,1,2
6,364,1,5
6,365,1,2
6,365,1,5
6,366,1,2
6,367,1,2
6,368,1,2
6,369,1,2
6,369,1,12
6,370,1,12
6,371,1,14
6,372,1,14
6,373,1,14
6,373,2,14
6,374,1,10
6,375,1,10
6,376,1,10
6,376,2,10
6,377,1,15
6,378,1,15
6,379,1,15
6,380,1,15
6,380,2,15
6,381,1,15
6,381,2,15
6,382,1,15
6,382,2,15
6,383,1,15
6,383,2,15
6,384,1,15
6,384,2,15
6,385,1,15
6,386,1,15
6,386,2,15
6,386,3,15
6,386,4,15
6,387,1,1
6,387,1,7
6,388,1,1
6,388,1,7
6,389,1,1
6,389,1,7
6,390,1,5
6,390,1,8
6,391,1,5
6,391,1,8
6,392,1,5
6,392,1,8
6,393,1,2
6,393,1,5
6,394,1,2
6,394,1,5
6,395,1,2
6,395,1,5
6,396,1,4
6,397,1,4
6,398,1,4
6,399,1,2
6,399,1,5
6,400,1,2
6,400,1,5
6,401,1,3
6,402,1,3
6,403,1,5
6,404,1,5
6,405,1,5
6,406,1,15
6,407,1,6
6,407,1,7
6,408,1,1
6,409,1,1
6,410,1,1
6,411,1,1
6,412,1,3
6,412,2,3
6,412,3,3
6,413,1,3
6,413,2,3
6,413,3,3
6,414,1,3
6,415,1,3
6,416,1,3
6,417,1,5
6,417,1,6
6,418,1,2
6,418,1,5
6,419,1,2
6,419,1,5
6,420,1,6
6,420,1,7
6,421,1,6
6,421,1,7
6,421,2,6
6,421,2,7
6,422,1,2
6,422,1,11
6,422,2,2
6,422,2,11
6,423,1,2
6,423,1,11
6,423,2,2
6,423,2,11
6,424,1,5
6,425,1,11
6,426,1,11
6,427,1,5
6,427,1,8
6,428,1,5
6,428,1,8
6,428,2,5
6,428,2,8
6,429,1,11
6,430,1,4
6,431,1,5
6,432,1,5
6,433,1,15
6,434,1,5
6,435,1,5
6,436,1,10
6,437,1,10
6,438,1,15
6,439,1,15
6,440,1,15
6,441,1,4
6,442,1,11
6,443,1,1
6,443,1,14
6,444,1,1
6,444,1,14
6,445,1,1
6,445,1,14
6,445,2,1
6,445,2,14
6,446,1,15
6,447,1,15
6,448,1,5
6,448,1,8
6,448,2,5
6,448,2,8
6,449,1,5
6,450,1,5
6,451,1,3
6,451,1,9
6,452,1,3
6,452,1,9
6,453,1,8
6,454,1,8
6,455,1,7
6,456,1,12
6,457,1,12
6,458,1,15
6,459,1,1
6,459,1,7
6,460,1,1
6,460,1,7
6,460,2,1
6,460,2,7
6,461,1,5
6,462,1,10
6,463,1,1
6,464,1,1
6,464,1,5
6,465,1,7
6,466,1,8
6,467,1,8
6,468,1,4
6,468,1,6
6,469,1,3
6,470,1,5
6,471,1,5
6,472,1,3
6,473,1,5
6,474,1,10
6,475,1,11
6,475,2,11
6,476,1,10
6,477,1,11
6,478,1,6
6,478,1,10
6,479,1,11
6,479,2,11
6,479,3,11
6,479,4,11
6,479,5,11
6,479,6,11
6,480,1,15
6,481,1,15
6,482,1,15
6,483,1,15
6,484,1,15
6,485,1,15
6,486,1,15
6,487,1,15
6,487,2,15
6,488,1,15
6,489,1,2
6,489,1,6
6,490,1,2
6,490,1,6
6,491,1,15
6,492,1,15
6,492,2,15
6,493,1,15
6,493,2,15
6,493,3,15
6,493,4,15
6,493,5,15
6,493,6,15
6,493,7,15
6,493,8,15
6,493,9,15
6,493,10,15
6,493,11,15
6,493,12,15
6,493,13,15
6,493,14,15
6,493,15,15
6,493,16,15
6,493,17,15
6,493,18,15
6,494,1,15
6,495,1,5
6,495,1,7
6,496,1,5
6,496,1,7
6,497,1,5
6,497,1,7
6,498,1,5
6,499,1,5
6,500,1,5
6,501,1,5
6,502,1,5
6,503,1,5
6,504,1,5
6,505,1,5
6,506,1,5
6,507,1,5
6,508,1,5
6,509,1,5
6,510,1,5
6,511,1,5
6,512,1,5
6,513,1,5
6,514,1,5
6,515,1,5
6,516,1,5
6,517,1,5
6,518,1,5
6,519,1,4
6,520,1,4
6,521,1,4
6,522,1,5
6,523,1,5
6,524,1,10
6,525,1,10
6,526,1,10
6,527,1,4
6,527,1,5
6,528,1,4
6,528,1,5
6,529,1,5
6,530,1,5
6,531,1,6
6,531,2,6
6,532,1,8
6,533,1,8
6,534,1,8
6,535,1,2
6,536,1,2
6,537,1,2
6,538,1,8
6,539,1,8
6,540,1,3
6,541,1,3
6,542,1,3
6,543,1,3
6,544,1,3
6,545,1,3
6,546,1,6
6,546,1,7
6,547,1,6
6,547,1,7
6,548,1,7
6,549,1,7
6,550,1,12
6,550,2,12
6,551,1,5
6,552,1,5
6,553,1,5
6,554,1,5
6,555,1,5
6,555,2,5
6,556,1,7
6,557,1,3
6,557,1,10
6,558,1,3
6,558,1,10
6,559,1,5
6,559,1,14
6,560,1,5
6,560,1,14
6,561,1,4
6,562,1,10
6,562,1,11
6,563,1,10
6,563,1,11
6,564,1,2
6,564,1,9
6,565,1,2
6,565,1,9
6,566,1,4
6,566,1,9
6,567,1,4
6,567,1,9
6,568,1,10
6,569,1,10
6,570,1,5
6,571,1,5
6,572,1,5
6,573,1,5
6,574,1,8
6,575,1,8
6,576,1,8
6,577,1,11
6,578,1,11
6,579,1,11
6,580,1,2
6,580,1,4
6,581,1,2
6,581,1,4
6,582,1,10
6,583,1,10
6,584,1,10
6,585,1,5
6,585,2,5
6,585,3,5
6,585,4,5
6,586,1,5
6,586,2,5
6,586,3,5
6,586,4,5
6,587,1,5
6,588,1,3
6,589,1,3
6,590,1,7
6,591,1,7
6,592,1,11
6,593,1,11
6,594,1,2
6,594,1,12
6,595,1,3
6,596,1,3
6,597,1,7
6,597,1,10
6,598,1,7
6,598,1,10
6,599,1,10
6,600,1,10
6,601,1,10
6,602,1,11
6,603,1,11
6,604,1,11
6,605,1,8
6,606,1,8
6,607,1,11
6,608,1,11
6,609,1,11
6,610,1,1
6,610,1,14
6,611,1,1
6,611,1,14
6,612,1,1
6,612,1,14
6,613,1,5
6,614,1,5
6,615,1,10
6,616,1,3
6,617,1,3
6,618,1,2
6,618,1,11
6,619,1,5
6,619,1,8
6,620,1,5
6,620,1,8
6,621,1,1
6,621,1,14
6,622,1,10
6,623,1,10
6,624,1,8
6,625,1,8
6,626,1,5
6,627,1,4
6,628,1,4
6,629,1,4
6,630,1,4
6,631,1,5
6,632,1,3
6,633,1,14
6,634,1,14
6,635,1,14
6,636,1,3
6,637,1,3
6,638,1,15
6,639,1,15
6,640,1,15
6,641,1,15
6,641,2,15
6,642,1,15
6,642,2,15
6,643,1,15
6,644,1,15
6,645,1,15
6,645,2,15
6,646,1,15
6,646,2,15
6,646,3,15
6,647,1,15
6,647,2,15
6,648,1,15
6,648,2,15
6,649,1,15
6,649,2,15
6,649,3,15
6,649,4,15
6,649,5,15
6,650,1,5
6,651,1,5
6,652,1,5
6,653,1,5
6,654,1,5
6,655,1,5
6,656,1,2
6,657,1,2
6,658,1,2
6,659,1,5
6,660,1,5
6,661,1,4
6,662,1,4
6,663,1,4
6,664,1,3
6,665,1,3
6,666,1,3
6,666,2,3
6,666,3,3
6,666,4,3
6,666,5,3
6,666,6,3
6,666,7,3
6,666,8,3
6,666,9,3
6,666,10,3
6,666,11,3
6,666,12,3
6,666,13,3
6,666,14,3
6,666,15,3
6,666,16,3
6,666,17,3
6,666,18,3
6,666,19,3
6,666,20,3
6,667,1,5
6,668,1,5
6,669,1,6
6,669,2,6
6,669,3,6
6,669,4,6
6,669,5,6
6,670,1,6
6,670,2,6
6,670,3,6
6,670,4,6
6,670,5,6
6,670,6,15
6,671,1,6
6,671,2,6
6,671,3,6
6,671,4,6
6,671,5,6
6,672,1,5
6,673,1,5
6,674,1,5
6,674,1,8
6,675,1,5
6,675,1,8
6,676,1,5
6,676,2,5
6,676,3,5
6,676,4,5
6,676,5,5
6,676,6,5
6,676,7,5
6,676,8,5
6,676,9,5
6,676,10,5
6,677,1,5
6,678,1,5
6,678,2,5
6,679,1,10
6,680,1,10
6,681,1,10
6,681,2,10
6,682,1,6
6,683,1,6
6,684,1,6
6,685,1,6
6,686,1,2
6,686,1,12
6,687,1,2
6,687,1,12
6,688,1,9
6,689,1,9
6,690,1,2
6,690,1,14
6,691,1,2
6,691,1,14
6,692,1,2
6,692,1,9
6,693,1,2
6,693,1,9
6,694,1,1
6,694,1,14
6,695,1,1
6,695,1,14
6,696,1,1
6,696,1,14
6,697,1,1
6,697,1,14
6,698,1,1
6,699,1,1
6,700,1,5
6,701,1,8
6,702,1,5
6,702,1,6
6,703,1,6
6,703,1,10
6,704,1,14
6,705,1,14
6,706,1,14
6,707,1,10
6,708,1,7
6,708,1,11
6,709,1,7
6,709,1,11
6,710,1,11
6,710,2,11
6,710,3,11
6,710,4,11
6,711,1,11
6,711,2,11
6,711,3,11
6,711,4,11
6,712,1,1
6,713,1,1
6,714,1,4
6,715,1,4
6,716,1,15
6,716,2,15
6,717,1,15
6,718,2,15
6,719,1,15
6,719,2,15
6,720,1,15
6,720,2,15
6,721,1,15
7,1,1,1
7,1,1,7
7,2,1,1
7,2,1,7
7,3,1,1
7,3,1,7
7,3,2,1
7,3,2,7
7,4,1,1
7,4,1,14
7,5,1,1
7,5,1,14
7,6,1,1
7,6,1,14
7,6,2,1
7,6,2,14
7,6,3,1
7,6,3,14
7,7,1,1
7,7,1,2
7,8,1,1
7,8,1,2
7,9,1,1
7,9,1,2
7,9,2,1
7,9,2,2
7,10,1,3
7,11,1,3
7,12,1,3
7,13,1,3
7,14,1,3
7,15,1,3
7,15,2,3
7,16,1,4
7,17,1,4
7,18,1,4
7,18,2,4
7,19,1,5
7,19,2,5
7,20,1,5
7,20,2,5
7,21,1,4
7,22,1,4
7,23,1,5
7,23,1,14
7,24,1,5
7,24,1,14
7,25,1,5
7,25,1,6
7,25,8,15
7,25,9,15
7,25,10,15
7,25,11,15
7,25,12,15
7,25,13,15
7,25,14,15
7,26,1,5
7,26,1,6
7,26,2,5
7,26,2,6
7,27,1,5
7,27,2,5
7,28,1,5
7,28,2,5
7,29,1,1
7,29,1,5
7,30,1,15
7,31,1,15
7,32,1,1
7,32,1,5
7,33,1,1
7,33,1,5
7,34,1,1
7,34,1,5
7,35,1,6
7,36,1,6
7,37,1,5
7,37,2,5
7,38,1,5
7,38,2,5
7,39,1,6
7,40,1,6
7,41,1,4
7,42,1,4
7,43,1,7
7,44,1,7
7,45,1,7
7,46,1,3
7,46,1,7
7,47,1,3
7,47,1,7
7,48,1,3
7,49,1,3
7,50,1,5
7,50,2,5
7,51,1,5
7,51,2,5
7,52,1,5
7,52,2,5
7,53,1,5
7,53,2,5
7,54,1,2
7,54,1,5
7,55,1,2
7,55,1,5
7,56,1,5
7,57,1,5
7,58,1,5
7,59,1,5
7,60,1,2
7,61,1,2
7,62,1,2
7,63,1,8
7,64,1,8
7,65,1,8
7,65,2,8
7,66,1,8
7,67,1,8
7,68,1,8
7,69,1,7
7,70,1,7
7,71,1,7
7,72,1,9
7,73,1,9
7,74,1,10
7,74,2,10
7,75,1,10
7,75,2,10
7,76,1,10
7,76,2,10
7,77,1,5
7,78,1,5
7,79,1,1
7,79,1,2
7,80,1,1
7,80,1,2
7,80,2,1
7,80,2,2
7,81,1,10
7,82,1,10
7,83,1,4
7,83,1,5
7,84,1,4
7,85,1,4
7,86,1,2
7,86,1,5
7,87,1,2
7,87,1,5
7,88,1,11
7,88,2,11
7,89,1,11
7,89,2,11
7,90,1,9
7,91,1,9
7,92,1,11
7,93,1,11
7,94,1,11
7,94,2,11
7,95,1,10
7,96,1,8
7,97,1,8
7,98,1,9
7,99,1,9
7,100,1,10
7,101,1,10
7,102,1,7
7,103,1,7
7,103,2,7
7,104,1,1
7,105,1,1
7,105,2,1
7,106,1,8
7,107,1,8
7,108,1,1
7,109,1,11
7,110,1,11
7,111,1,1
7,111,1,5
7,112,1,1
7,112,1,5
7,113,1,6
7,114,1,7
7,115,1,1
7,115,2,1
7,116,1,2
7,116,1,14
7,117,1,2
7,117,1,14
7,118,1,12
7,119,1,12
7,120,1,9
7,121,1,9
7,122,1,8
7,123,1,3
7,124,1,8
7,125,1,8
7,126,1,8
7,127,1,3
7,127,2,3
7,128,1,5
7,129,1,12
7,129,1,14
7,130,1,12
7,130,1,14
7,130,2,12
7,130,2,14
7,131,1,1
7,131,1,2
7,132,1,13
7,133,1,5
7,134,1,5
7,135,1,5
7,136,1,5
7,137,1,10
7,138,1,2
7,138,1,9
7,139,1,2
7,139,1,9
7,140,1,2
7,140,1,9
7,141,1,2
7,141,1,9
7,142,1,4
7,142,2,4
7,143,1,1
7,144,1,15
7,145,1,15
7,146,1,15
7,147,1,2
7,147,1,14
7,148,1,2
7,148,1,14
7,149,1,2
7,149,1,14
7,150,1,15
7,150,2,15
7,150,3,15
7,151,1,15
7,152,1,1
7,152,1,7
7,153,1,1
7,153,1,7
7,154,1,1
7,154,1,7
7,155,1,5
7,156,1,5
7,157,1,5
7,158,1,1
7,158,1,2
7,159,1,1
7,159,1,2
7,160,1,1
7,160,1,2
7,161,1,5
7,162,1,5
7,163,1,4
7,164,1,4
7,165,1,3
7,166,1,3
7,167,1,3
7,168,1,3
7,169,1,4
7,170,1,12
7,171,1,12
7,172,1,15
7,173,1,15
7,174,1,15
7,175,1,15
7,176,1,4
7,176,1,6
7,177,1,4
7,178,1,4
7,179,1,1
7,179,1,5
7,180,1,1
7,180,1,5
7,181,1,1
7,181,1,5
7,181,2,1
7,181,2,5
7,182,1,7
7,183,1,2
7,183,1,6
7,184,1,2
7,184,1,6
7,185,1,10
7,186,1,2
7,187,1,6
7,187,1,7
7,188,1,6
7,188,1,7
7,189,1,6
7,189,1,7
7,190,1,5
7,191,1,7
7,192,1,7
7,193,1,3
7,194,1,2
7,194,1,5
7,195,1,2
7,195,1,5
7,196,1,5
7,197,1,5
7,198,1,4
7,199,1,1
7,199,1,2
7,200,1,11
7,201,1,15
7,201,2,15
7,201,3,15
7,201,4,15
7,201,5,15
7,201,6,15
7,201,7,15
7,201,8,15
7,201,9,15
7,201,10,15
7,201,11,15
7,201,12,15
7,201,13,15
7,201,14,15
7,201,15,15
7,201,16,15
7,201,17,15
7,201,18,15
7,201,19,15
7,201,20,15
7,201,21,15
7,201,22,15
7,201,23,15
7,201,24,15
7,201,25,15
7,201,26,15
7,201,27,15
7,201,28,15
7,202,1,11
7,203,1,5
7,204,1,3
7,205,1,3
7,206,1,5
7,207,1,3
7,208,1,10
7,208,2,10
7,209,1,5
7,209,1,6
7,210,1,5
7,210,1,6
7,211,1,12
7,212,1,3
7,212,2,3
7,213,1,3
7,214,1,3
7,214,2,3
7,215,1,5
7,216,1,5
7,217,1,5
7,218,1,11
7,219,1,11
7,220,1,5
7,221,1,5
7,222,1,2
7,222,1,9
7,223,1,2
7,223,1,12
7,224,1,2
7,224,1,12
7,225,1,2
7,225,1,5
7,226,1,2
7,227,1,4
7,228,1,5
7,229,1,5
7,229,2,5
7,230,1,2
7,230,1,14
7,231,1,5
7,232,1,5
7,233,1,10
7,234,1,5
7,235,1,5
7,236,1,15
7,237,1,8
7,238,1,15
7,239,1,15
7,240,1,15
7,241,1,5
7,242,1,6
7,243,1,15
7,244,1,15
7,245,1,15
7,246,1,1
7,247,1,1
7,248,1,1
7,248,2,1
7,249,1,15
7,250,1,15
7,251,1,15
7,252,1,1
7,252,1,14
7,253,1,1
7,253,1,14
7,254,1,1
7,254,1,14
7,254,2,1
7,254,2,14
7,255,1,5
7,256,1,5
7,257,1,5
7,257,2,5
7,258,1,1
7,258,1,2
7,259,1,1
7,259,1,2
7,260,1,1
7,260,1,2
7,260,2,1
7,260,2,2
7,261,1,5
7,262,1,5
7,263,1,5
7,264,1,5
7,265,1,3
7,266,1,3
7,267,1,3
7,268,1,3
7,269,1,3
7,270,1,2
7,270,1,7
7,271,1,2
7,271,1,7
7,272,1,2
7,272,1,7
7,273,1,5
7,273,1,7
7,274,1,5
7,274,1,7
7,275,1,5
7,275,1,7
7,276,1,4
7,277,1,4
7,278,1,2
7,278,1,4
7,279,1,2
7,279,1,4
7,280,1,11
7,281,1,11
7,282,1,11
7,282,2,11
7,283,1,2
7,283,1,3
7,284,1,2
7,284,1,3
7,285,1,6
7,285,1,7
7,286,1,6
7,286,1,7
7,287,1,5
7,288,1,5
7,289,1,5
7,290,1,3
7,291,1,3
7,292,1,10
7,293,1,1
7,293,1,5
7,294,1,1
7,294,1,5
7,295,1,1
7,295,1,5
7,296,1,8
7,297,1,8
7,298,1,15
7,299,1,10
7,300,1,5
7,300,1,6
7,301,1,5
7,301,1,6
7,302,1,8
7,302,2,8
7,303,1,5
7,303,1,6
7,303,2,5
7,303,2,6
7,304,1,1
7,305,1,1
7,306,1,1
7,306,2,1
7,307,1,8
7,308,1,8
7,308,2,8
7,309,1,5
7,310,1,5
7,310,2,5
7,311,1,6
7,312,1,6
7,313,1,3
7,313,1,8
7,314,1,3
7,314,1,8
7,315,1,6
7,315,1,7
7,316,1,11
7,317,1,11
7,318,1,12
7,319,1,12
7,319,2,12
7,320,1,5
7,320,1,12
7,321,1,5
7,321,1,12
7,322,1,5
7,323,1,5
7,323,2,5
7,324,1,5
7,325,1,5
7,326,1,5
7,327,1,5
7,327,1,8
7,328,1,3
7,329,1,3
7,330,1,3
7,331,1,7
7,331,1,8
7,332,1,7
7,332,1,8
7,333,1,4
7,333,1,14
7,334,1,4
7,334,1,14
7,334,2,4
7,334,2,14
7,335,1,5
7,336,1,5
7,336,1,14
7,337,1,10
7,338,1,10
7,339,1,12
7,340,1,12
7,341,1,2
7,341,1,9
7,342,1,2
7,342,1,9
7,343,1,10
7,344,1,10
7,345,1,9
7,346,1,9
7,347,1,9
7,348,1,9
7,349,1,2
7,349,1,14
7,350,1,2
7,350,1,14
7,351,1,6
7,351,1,11
7,351,2,6
7,351,2,11
7,351,3,6
7,351,3,11
7,351,4,6
7,351,4,11
7,352,1,5
7,353,1,11
7,354,1,11
7,354,2,11
7,355,1,11
7,356,1,11
7,357,1,1
7,357,1,7
7,358,1,11
7,359,1,5
7,359,2,5
7,360,1,15
7,361,1,6
7,361,1,10
7,362,1,6
7,362,1,10
7,362,2,6
7,362,2,10
7,363,1,2
7,363,1,5
7,364,1,2
7,364,1,5
7,365,1,2
7,365,1,5
7,366,1,2
7,367,1,2
7,368,1,2
7,369,1,2
7,369,1,12
7,370,1,12
7,371,1,14
7,372,1,14
7,373,1,14
7,373,2,14
7,374,1,10
7,375,1,10
7,376,1,10
7,376,2,10
7,377,1,15
7,378,1,15
7,379,1,15
7,380,1,15
7,380,2,15
7,381,1,15
7,381,2,15
7,382,1,15
7,382,2,15
7,383,1,15
7,383,2,15
7,384,1,15
7,384,2,15
7,385,1,15
7,386,1,15
7,386,2,15
7,386,3,15
7,386,4,15
7,387,1,1
7,387,1,7
7,388,1,1
7,388,1,7
7,389,1,1
7,389,1,7
7,390,1,5
7,390,1,8
7,391,1,5
7,391,1,8
7,392,1,5
7,392,1,8
7,393,1,2
7,393,1,5
7,394,1,2
7,394,1,5
7,395,1,2
7,395,1,5
7,396,1,4
7,397,1,4
7,398,1,4
7,399,1,2
7,399,1,5
7,400,1,2
7,400,1,5
7,401,1,3
7,402,1,3
7,403,1,5
7,404,1,5
7,405,1,5
7,406,1,15
7,407,1,6
7,407,1,7
7,408,1,1
7,409,1,1
7,410,1,1
7,411,1,1
7,412,1,3
7,412,2,3
7,412,3,3
7,413,1,3
7,413,2,3
7,413,3,3
7,414,1,3
7,415,1,3
7,416,1,3
7,417,1,5
7,417,1,6
7,418,1,2
7,418,1,5
7,419,1,2
7,419,1,5
7,420,1,6
7,420,1,7
7,421,1,6
7,421,1,7
7,421,2,6
7,421,2,7
7,422,1,2
7,422,1,11
7,422,2,2
7,422,2,11
7,423,1,2
7,423,1,11
7,423,2,2
7,423,2,11
7,424,1,5
7,425,1,11
7,426,1,11
7,427,1,5
7,427,1,8
7,428,1,5
7,428,1,8
7,428,2,5
7,428,2,8
7,429,1,11
7,430,1,4
7,431,1,5
7,432,1,5
7,433,1,15
7,434,1,5
7,435,1,5
7,436,1,10
7,437,1,10
7,438,1,15
7,439,1,15
7,440,1,15
7,441,1,4
7,442,1,11
7,443,1,1
7,443,1,14
7,444,1,1
7,444,1,14
7,445,1,1
7,445,1,14
7,445,2,1
7,445,2,14
7,446,1,15
7,447,1,15
7,448,1,5
7,448,1,8
7,448,2,5
7,448,2,8
7,449,1,5
7,450,1,5
7,451,1,3
7,451,1,9
7,452,1,3
7,452,1,9
7,453,1,8
7,454,1,8
7,455,1,7
7,456,1,12
7,457,1,12
7,458,1,15
7,459,1,1
7,459,1,7
7,460,1,1
7,460,1,7
7,460,2,1
7,460,2,7
7,461,1,5
7,462,1,10
7,463,1,1
7,464,1,1
7,464,1,5
7,465,1,7
7,466,1,8
7,467,1,8
7,468,1,4
7,468,1,6
7,469,1,3
7,470,1,5
7,471,1,5
7,472,1,3
7,473,1,5
7,474,1,10
7,475,1,11
7,475,2,11
7,476,1,10
7,477,1,11
7,478,1,6
7,478,1,10
7,479,1,11
7,479,2,11
7,479,3,11
7,479,4,11
7,479,5,11
7,479,6,11
7,480,1,15
7,481,1,15
7,482,1,15
7,483,1,15
7,484,1,15
7,485,1,15
7,486,1,15
7,487,1,15
7,487,2,15
7,488,1,15
7,489,1,2
7,489,1,6
7,490,1,2
7,490,1,6
7,491,1,15
7,492,1,15
7,492,2,15
7,493,1,15
7,493,2,15
7,493,3,15
7,493,4,15
7,493,5,15
7,493,6,15
7,493,7,15
7,493,8,15
7,493,9,15
7,493,10,15
7,493,11,15
7,493,12,15
7,493,13,15
7,493,14,15
7,493,15,15
7,493,16,15
7,493,17,15
7,493,18,15
7,494,1,15
7,495,1,5
7,495,1,7
7,496,1,5
7,496,1,7
7,497,1,5
7,497,1,7
7,498,1,5
7,499,1,5
7,500,1,5
7,501,1,5
7,502,1,5
7,503,1,5
7,504,1,5
7,505,1,5
7,506,1,5
7,507,1,5
7,508,1,5
7,509,1,5
7,510,1,5
7,511,1,5
7,512,1,5
7,513,1,5
7,514,1,5
7,515,1,5
7,516,1,5
7,517,1,5
7,518,1,5
7,519,1,4
7,520,1,4
7,521,1,4
7,522,1,5
7,523,1,5
7,524,1,10
7,525,1,10
7,526,1,10
7,527,1,4
7,527,1,5
7,528,1,4
7,528,1,5
7,529,1,5
7,530,1,5
7,531,1,6
7,531,2,6
7,532,1,8
7,533,1,8
7,534,1,8
7,535,1,2
7,536,1,2
7,537,1,2
7,538,1,8
7,539,1,8
7,540,1,3
7,541,1,3
7,542,1,3
7,543,1,3
7,544,1,3
7,545,1,3
7,546,1,6
7,546,1,7
7,547,1,6
7,547,1,7
7,548,1,7
7,549,1,7
7,550,1,12
7,550,2,12
7,551,1,5
7,552,1,5
7,553,1,5
7,554,1,5
7,555,1,5
7,555,2,5
7,556,1,7
7,557,1,3
7,557,1,10
7,558,1,3
7,558,1,10
7,559,1,5
7,559,1,14
7,560,1,5
7,560,1,14
7,561,1,4
7,562,1,10
7,562,1,11
7,563,1,10
7,563,1,11
7,564,1,2
7,564,1,9
7,565,1,2
7,565,1,9
7,566,1,4
7,566,1,9
7,567,1,4
7,567,1,9
7,568,1,10
7,569,1,10
7,570,1,5
7,571,1,5
7,572,1,5
7,573,1,5
7,574,1,8
7,575,1,8
7,576,1,8
7,577,1,11
7,578,1,11
7,579,1,11
7,580,1,2
7,580,1,4
7,581,1,2
7,581,1,4
7,582,1,10
7,583,1,10
7,584,1,10
7,585,1,5
7,585,2,5
7,585,3,5
7,585,4,5
7,586,1,5
7,586,2,5
7,586,3,5
7,586,4,5
7,587,1,5
7,588,1,3
7,589,1,3
7,590,1,7
7,591,1,7
7,592,1,11
7,593,1,11
7,594,1,2
7,594,1,12
7,595,1,3
7,596,1,3
7,597,1,7
7,597,1,10
7,598,1,7
7,598,1,10
7,599,1,10
7,600,1,10
7,601,1,10
7,602,1,11
7,603,1,11
7,604,1,11
7,605,1,8
7,606,1,8
7,607,1,11
7,608,1,11
7,609,1,11
7,610,1,1
7,610,1,14
7,611,1,1
7,611,1,14
7,612,1,1
7,612,1,14
7,613,1,5
7,614,1,5
7,615,1,10
7,616,1,3
7,617,1,3
7,618,1,2
7,618,1,11
7,619,1,5
7,619,1,8
7,620,1,5
7,620,1,8
7,621,1,1
7,621,1,14
7,622,1,10
7,623,1,10
7,624,1,8
7,625,1,8
7,626,1,5
7,627,1,4
7,628,1,4
7,629,1,4
7,630,1,4
7,631,1,5
7,632,1,3
7,633,1,14
7,634,1,14
7,635,1,14
7,636,1,3
7,637,1,3
7,638,1,15
7,639,1,15
7,640,1,15
7,641,1,15
7,641,2,15
7,642,1,15
7,642,2,15
7,643,1,15
7,644,1,15
7,645,1,15
7,645,2,15
7,646,1,15
7,646,2,15
7,646,3,15
7,647,1,15
7,647,2,15
7,648,1,15
7,648,2,15
7,649,1,15
7,649,2,15
7,649,3,15
7,649,4,15
7,649,5,15
7,650,1,5
7,651,1,5
7,652,1,5
7,653,1,5
7,654,1,5
7,655,1,5
7,656,1,2
7,657,1,2
7,658,1,2
7,658,2,15
7,659,1,5
7,660,1,5
7,661,1,4
7,662,1,4
7,663,1,4
7,664,1,3
7,665,1,3
7,666,1,3
7,666,2,3
7,666,3,3
7,666,4,3
7,666,5,3
7,666,6,3
7,666,7,3
7,666,8,3
7,666,9,3
7,666,10,3
7,666,11,3
7,666,12,3
7,666,13,3
7,666,14,3
7,666,15,3
7,666,16,3
7,666,17,3
7,666,18,3
7,666,19,3
7,666,20,3
7,667,1,5
7,668,1,5
7,669,1,6
7,669,2,6
7,669,3,6
7,669,4,6
7,669,5,6
7,670,1,6
7,670,2,6
7,670,3,6
7,670,4,6
7,670,5,6
7,670,6,15
7,671,1,6
7,671,2,6
7,671,3,6
7,671,4,6
7,671,5,6
7,672,1,5
7,673,1,5
7,674,1,5
7,674,1,8
7,675,1,5
7,675,1,8
7,676,1,5
7,676,2,5
7,676,3,5
7,676,4,5
7,676,5,5
7,676,6,5
7,676,7,5
7,676,8,5
7,676,9,5
7,676,10,5
7,677,1,5
7,678,1,5
7,678,2,5
7,679,1,10
7,680,1,10
7,681,1,10
7,681,2,10
7,682,1,6
7,683,1,6
7,684,1,6
7,685,1,6
7,686,1,2
7,686,1,12
7,687,1,2
7,687,1,12
7,688,1,9
7,689,1,9
7,690,1,2
7,690,1,14
7,691,1,2
7,691,1,14
7,692,1,2
7,692,1,9
7,693,1,2
7,693,1,9
7,694,1,1
7,694,1,14
7,695,1,1
7,695,1,14
7,696,1,1
7,696,1,14
7,697,1,1
7,697,1,14
7,698,1,1
7,699,1,1
7,700,1,5
7,701,1,8
7,702,1,5
7,702,1,6
7,703,1,6
7,703,1,10
7,704,1,14
7,705,1,14
7,706,1,14
7,707,1,10
7,708,1,7
7,708,1,11
7,709,1,7
7,709,1,11
7,710,1,11
7,710,2,11
7,710,3,11
7,710,4,11
7,711,1,11
7,711,2,11
7,711,3,11
7,711,4,11
7,712,1,1
7,713,1,1
7,714,1,4
7,715,1,4
7,716,1,15
7,716,2,15
7,717,1,15
7,718,1,15
7,718,2,15
7,718,3,15
7,719,1,15
7,719,2,15
7,720,1,15
7,720,2,15
7,721,1,15
7,722,1,4
7,723,1,4
7,724,1,4
7,725,1,5
7,726,1,5
7,727,1,5
7,728,1,2
7,728,1,5
7,729,1,2
7,729,1,5
7,730,1,2
7,730,1,5
7,731,1,4
7,732,1,4
7,733,1,4
7,734,1,5
7,735,1,5
7,736,1,3
7,737,1,3
7,738,1,3
7,739,1,9
7,740,1,9
7,741,1,4
7,741,2,4
7,741,3,4
7,741,4,4
7,742,1,3
7,742,1,6
7,743,1,3
7,743,1,6
7,744,1,5
7,745,1,5
7,745,2,5
7,745,3,5
7,746,1,12
7,746,2,12
7,747,1,2
7,748,1,2
7,749,1,5
7,750,1,5
7,751,1,2
7,751,1,3
7,752,1,2
7,752,1,3
7,753,1,7
7,754,1,7
7,755,1,7
7,756,1,7
7,757,1,1
7,757,1,14
7,758,1,1
7,758,1,14
7,759,1,5
7,760,1,5
7,761,1,7
7,762,1,7
7,763,1,7
7,764,1,7
7,765,1,5
7,766,1,5
7,767,1,3
7,767,1,9
7,768,1,3
7,768,1,9
7,769,1,11
7,770,1,11
7,771,1,2
7,772,1,15
7,773,1,15
7,773,2,15
7,773,3,15
7,773,4,15
7,773,5,15
7,773,6,15
7,773,7,15
7,773,8,15
7,773,9,15
7,773,10,15
7,773,11,15
7,773,12,15
7,773,13,15
7,773,14,15
7,773,15,15
7,773,16,15
7,773,17,15
7,773,18,15
7,774,1,10
7,774,2,10
7,774,3,10
7,774,4,10
7,774,5,10
7,774,6,10
7,774,7,10
7,774,8,10
7,775,1,5
7,776,1,1
7,776,1,14
7,777,1,5
7,777,1,6
7,778,1,11
7,778,2,11
7,779,1,12
7,780,1,1
7,780,1,14
7,781,1,10
7,782,1,14
7,783,1,14
7,784,1,14
7,785,1,15
7,786,1,15
7,787,1,15
7,788,1,15
7,789,1,15
7,790,1,15
7,791,1,15
7,792,1,15
7,793,1,15
7,794,1,15
7,795,1,15
7,796,1,15
7,797,1,15
7,798,1,15
7,799,1,15
7,800,1,15
7,800,2,15
7,800,3,15
7,800,4,15
7,801,1,15
7,801,2,15
7,802,1,15
7,803,1,15
7,804,1,15
7,805,1,15
7,806,1,15
7,807,1,15
8,1,1,1
8,1,1,7
8,2,1,1
8,2,1,7
8,3,1,1
8,3,1,7
8,4,1,1
8,4,1,14
8,5,1,1
8,5,1,14
8,6,1,1
8,6,1,14
8,6,4,1
8,6,4,14
8,7,1,1
8,7,1,2
8,8,1,1
8,8,1,2
8,9,1,1
8,9,1,2
8,10,1,3
8,11,1,3
8,12,1,3
8,12,2,3
8,25,1,5
8,25,1,6
8,25,8,15
8,25,9,15
8,25,10,15
8,25,11,15
8,25,12,15
8,25,13,15
8,25,14,15
8,25,16,5
8,25,16,6
8,26,1,5
8,26,1,6
8,26,2,5
8,26,2,6
8,35,1,6
8,36,1,6
8,37,1,5
8,37,2,5
8,38,1,5
8,38,2,5
8,43,1,7
8,44,1,7
8,45,1,7
8,50,1,5
8,50,2,5
8,51,1,5
8,51,2,5
8,52,1,5
8,52,2,5
8,52,3,5
8,52,4,5
8,53,1,5
8,53,2,5
8,58,1,5
8,59,1,5
8,66,1,8
8,67,1,8
8,68,1,8
8,68,2,8
8,77,1,5
8,77,2,5
8,78,1,5
8,78,2,5
8,83,1,4
8,83,1,5
8,83,2,4
8,83,2,5
8,90,1,9
8,91,1,9
8,92,1,11
8,93,1,11
8,94,1,11
8,94,3,11
8,95,1,10
8,98,1,9
8,99,1,9
8,99,2,9
8,106,1,8
8,107,1,8
8,109,1,11
8,110,1,11
8,110,2,11
8,111,1,1
8,111,1,5
8,112,1,1
8,112,1,5
8,118,1,12
8,119,1,12
8,122,1,8
8,122,2,8
8,129,1,12
8,129,1,14
8,130,1,12
8,130,1,14
8,131,1,1
8,131,1,2
8,131,2,1
8,131,2,2
8,132,1,13
8,133,1,5
8,133,3,5
8,134,1,5
8,135,1,5
8,136,1,5
8,143,1,1
8,143,2,1
8,150,1,15
8,151,1,15
8,163,1,4
8,164,1,4
8,170,1,12
8,171,1,12
8,172,1,15
8,173,1,15
8,175,1,15
8,176,1,4
8,176,1,6
8,177,1,4
8,178,1,4
8,182,1,7
8,185,1,10
8,194,1,2
8,194,1,5
8,195,1,2
8,195,1,5
8,196,1,5
8,197,1,5
8,202,1,11
8,208,1,10
8,211,1,12
8,213,1,3
8,215,1,5
8,220,1,5
8,221,1,5
8,222,1,2
8,222,1,9
8,222,2,2
8,222,2,9
8,223,1,2
8,223,1,12
8,224,1,2
8,224,1,12
8,225,1,2
8,225,1,5
8,226,1,2
8,236,1,15
8,237,1,8
8,246,1,1
8,247,1,1
8,248,1,1
8,251,1,15
8,263,1,5
8,263,2,5
8,264,1,5
8,264,2,5
8,270,1,2
8,270,1,7
8,271,1,2
8,271,1,7
8,272,1,2
8,272,1,7
8,273,1,5
8,273,1,7
8,274,1,5
8,274,1,7
8,275,1,5
8,275,1,7
8,278,1,2
8,278,1,4
8,279,1,2
8,279,1,4
8,280,1,8
8,280,1,11
8,281,1,8
8,281,1,11
8,282,1,8
8,282,1,11
8,290,1,3
8,291,1,3
8,292,1,10
8,302,1,8
8,303,1,5
8,303,1,6
8,309,1,5
8,310,1,5
8,315,1,6
8,315,1,7
8,320,1,5
8,320,1,12
8,321,1,5
8,321,1,12
8,324,1,5
8,328,1,3
8,328,1,14
8,329,1,3
8,329,1,14
8,330,1,3
8,330,1,14
8,337,1,10
8,338,1,10
8,339,1,12
8,340,1,12
8,341,1,2
8,341,1,9
8,342,1,2
8,342,1,9
8,343,1,10
8,344,1,10
8,349,1,2
8,349,1,14
8,350,1,2
8,350,1,14
8,355,1,11
8,356,1,11
8,360,1,15
8,361,1,6
8,361,1,10
8,362,1,6
8,362,1,10
8,385,1,15
8,406,1,15
8,407,1,6
8,407,1,7
8,415,1,3
8,416,1,3
8,420,1,6
8,420,1,7
8,421,1,6
8,421,1,7
8,421,2,6
8,421,2,7
8,422,1,2
8,422,1,11
8,422,2,2
8,422,2,11
8,423,1,2
8,423,1,11
8,423,2,2
8,423,2,11
8,425,1,11
8,426,1,11
8,434,1,5
8,435,1,5
8,436,1,10
8,437,1,10
8,438,1,15
8,439,1,15
8,446,1,15
8,447,1,15
8,448,1,5
8,448,1,8
8,449,1,5
8,450,1,5
8,451,1,3
8,451,1,9
8,452,1,3
8,452,1,9
8,453,1,8
8,454,1,8
8,458,1,15
8,459,1,1
8,459,1,7
8,460,1,1
8,460,1,7
8,461,1,5
8,464,1,1
8,464,1,5
8,468,1,4
8,468,1,6
8,470,1,5
8,471,1,5
8,473,1,5
8,475,1,8
8,475,1,11
8,477,1,11
8,478,1,6
8,478,1,10
8,479,1,11
8,479,2,11
8,479,3,11
8,479,4,11
8,479,5,11
8,479,6,11
8,509,1,5
8,510,1,5
8,517,1,5
8,518,1,5
8,519,1,4
8,520,1,4
8,521,1,4
8,524,1,10
8,525,1,10
8,526,1,10
8,527,1,4
8,527,1,5
8,528,1,4
8,528,1,5
8,529,1,5
8,530,1,5
8,532,1,8
8,533,1,8
8,534,1,8
8,535,1,2
8,536,1,2
8,537,1,2
8,538,1,8
8,539,1,8
8,546,1,6
8,546,1,7
8,547,1,6
8,547,1,7
8,550,1,12
8,550,2,12
8,554,1,5
8,554,2,5
8,555,1,5
8,555,2,5
8,555,3,5
8,555,4,5
8,556,1,7
8,557,1,3
8,557,1,10
8,558,1,3
8,558,1,10
8,559,1,5
8,559,1,14
8,560,1,5
8,560,1,14
8,561,1,4
8,562,1,10
8,562,1,11
8,562,2,10
8,562,2,11
8,563,1,10
8,563,1,11
8,568,1,10
8,569,1,10
8,569,2,10
8,572,1,5
8,573,1,5
8,574,1,8
8,575,1,8
8,576,1,8
8,577,1,11
8,578,1,11
8,579,1,11
8,582,1,10
8,583,1,10
8,584,1,10
8,588,1,3
8,589,1,3
8,592,1,11
8,593,1,11
8,595,1,3
8,596,1,3
8,597,1,7
8,597,1,10
8,598,1,7
8,598,1,10
8,599,1,10
8,600,1,10
8,601,1,10
8,605,1,8
8,606,1,8
8,607,1,11
8,608,1,11
8,609,1,11
8,610,1,1
8,610,1,14
8,611,1,1
8,611,1,14
8,612,1,1
8,612,1,14
8,613,1,5
8,614,1,5
8,616,1,3
8,617,1,3
8,618,1,2
8,618,1,11
8,618,2,2
8,618,2,11
8,622,1,10
8,623,1,10
8,624,1,8
8,625,1,8
8,627,1,4
8,628,1,4
8,629,1,4
8,630,1,4
8,631,1,5
8,632,1,3
8,633,1,14
8,634,1,14
8,635,1,14
8,638,1,15
8,639,1,15
8,640,1,15
8,643,1,15
8,644,1,15
8,646,1,15
8,646,2,15
8,646,3,15
8,647,1,15
8,647,2,15
8,659,1,5
8,660,1,5
8,674,1,5
8,674,1,8
8,675,1,5
8,675,1,8
8,677,1,5
8,678,1,5
8,678,2,5
8,679,1,10
8,680,1,10
8,681,1,10
8,681,2,10
8,682,1,6
8,683,1,6
8,684,1,6
8,685,1,6
8,686,1,2
8,686,1,12
8,687,1,2
8,687,1,12
8,688,1,9
8,689,1,9
8,694,1,1
8,694,1,14
8,695,1,1
8,695,1,14
8,700,1,5
8,701,1,4
8,701,1,8
8,704,1,14
8,705,1,14
8,706,1,14
8,708,1,7
8,708,1,11
8,709,1,7
8,709,1,11
8,710,1,11
8,710,2,11
8,710,3,11
8,710,4,11
8,711,1,11
8,711,2,11
8,711,3,11
8,711,4,11
8,712,1,1
8,712,1,10
8,713,1,1
8,713,1,10
8,714,1,4
8,714,1,14
8,715,1,4
8,715,1,14
8,722,1,4
8,723,1,4
8,724,1,4
8,725,1,5
8,726,1,5
8,727,1,5
8,728,1,2
8,728,1,5
8,729,1,2
8,729,1,5
8,730,1,2
8,730,1,5
8,736,1,3
8,737,1,3
8,738,1,3
8,742,1,3
8,742,1,6
8,743,1,3
8,743,1,6
8,746,1,12
8,746,2,12
8,747,1,2
8,748,1,2
8,749,1,5
8,750,1,5
8,751,1,2
8,751,1,3
8,752,1,2
8,752,1,3
8,755,1,7
8,756,1,7
8,757,1,1
8,757,1,14
8,758,1,1
8,758,1,14
8,759,1,5
8,760,1,5
8,761,1,7
8,762,1,7
8,763,1,7
8,765,1,5
8,766,1,5
8,767,1,3
8,767,1,9
8,768,1,3
8,768,1,9
8,771,1,2
8,772,1,15
8,773,1,15
8,773,2,15
8,773,3,15
8,773,4,15
8,773,5,15
8,773,6,15
8,773,7,15
8,773,8,15
8,773,9,15
8,773,10,15
8,773,11,15
8,773,12,15
8,773,13,15
8,773,14,15
8,773,15,15
8,773,16,15
8,773,17,15
8,773,18,15
8,776,1,1
8,776,1,14
8,777,1,5
8,777,1,6
8,778,1,11
8,778,2,11
8,780,1,1
8,780,1,14
8,781,1,10
8,782,1,14
8,783,1,14
8,784,1,14
8,789,1,15
8,790,1,15
8,791,1,15
8,792,1,15
8,800,1,15
8,800,2,15
8,800,3,15
8,802,1,15
8,807,1,15
8,808,1,15
8,809,1,15
8,809,2,15
8,810,1,5
8,810,1,7
8,811,1,5
8,811,1,7
8,812,1,5
8,812,1,7
8,813,1,5
8,813,1,8
8,814,1,5
8,814,1,8
8,815,1,5
8,815,1,8
8,816,1,2
8,816,1,5
8,817,1,2
8,817,1,5
8,818,1,2
8,818,1,5
8,819,1,5
8,820,1,5
8,821,1,4
8,822,1,4
8,823,1,4
8,823,2,4
8,824,1,3
8,825,1,3
8,826,1,3
8,826,2,3
8,827,1,5
8,828,1,5
8,829,1,7
8,830,1,7
8,831,1,5
8,832,1,5
8,833,1,1
8,833,1,2
8,834,1,1
8,834,1,2
8,834,2,1
8,834,2,2
8,835,1,5
8,836,1,5
8,837,1,10
8,838,1,10
8,839,1,10
8,839,2,10
8,840,1,7
8,840,1,14
8,841,1,7
8,841,1,14
8,841,2,7
8,841,2,14
8,842,1,7
8,842,1,14
8,842,2,7
8,842,2,14
8,843,1,5
8,843,1,14
8,844,1,5
8,844,1,14
8,844,2,5
8,844,2,14
8,845,1,2
8,845,1,4
8,845,2,2
8,845,2,4
8,845,3,2
8,845,3,4
8,846,1,12
8,847,1,12
8,848,1,15
8,849,1,8
8,849,2,8
8,849,3,8
8,850,1,3
8,851,1,3
8,851,2,3
8,852,1,2
8,852,1,8
8,853,1,2
8,853,1,8
8,854,1,10
8,854,1,11
8,854,2,10
8,854,2,11
8,855,1,10
8,855,1,11
8,855,2,10
8,855,2,11
8,856,1,6
8,857,1,6
8,858,1,6
8,858,2,6
8,859,1,6
8,859,1,8
8,860,1,6
8,860,1,8
8,861,1,6
8,861,1,8
8,861,2,6
8,861,2,8
8,862,1,5
8,863,1,5
8,864,1,2
8,864,1,9
8,865,1,4
8,865,1,5
8,866,1,8
8,867,1,10
8,867,1,11
8,868,1,6
8,868,1,11
8,869,1,6
8,869,1,11
8,869,2,6
8,869,2,11
8,869,3,6
8,869,3,11
8,869,4,6
8,869,4,11
8,869,5,6
8,869,5,11
8,869,6,6
8,869,6,11
8,869,7,6
8,869,7,11
8,869,8,6
8,869,8,11
8,869,9,6
8,869,9,11
8,869,10,6
8,869,10,11
8,870,1,6
8,870,1,10
8,871,1,2
8,871,1,11
8,872,1,3
8,873,1,3
8,874,1,10
8,875,1,2
8,875,1,5
8,875,2,2
8,875,2,5
8,876,1,6
8,876,2,6
8,877,1,5
8,877,1,6
8,877,2,5
8,877,2,6
8,878,1,5
8,878,1,10
8,879,1,5
8,879,1,10
8,879,2,5
8,879,2,10
8,880,1,15
8,881,1,15
8,882,1,15
8,883,1,15
8,884,1,10
8,884,1,14
8,884,2,10
8,884,2,14
8,885,1,11
8,885,1,14
8,886,1,11
8,886,1,14
8,887,1,11
8,887,1,14
8,888,1,15
8,888,2,15
8,889,1,15
8,889,2,15
8,890,1,15
8,890,2,15
