generation_id,pokemon_id,form_id,slot,type_id
1,1,1,1,4
1,1,1,2,8
1,2,1,1,4
1,2,1,2,8
1,3,1,1,4
1,3,1,2,8
1,4,1,1,2
1,5,1,1,2
1,6,1,1,2
1,6,1,2,10
1,7,1,1,3
1,8,1,1,3
1,9,1,1,3
1,10,1,1,12
1,11,1,1,12
1,12,1,1,12
1,12,1,2,10
1,13,1,1,12
1,13,1,2,8
1,14,1,1,12
1,14,1,2,8
1,15,1,1,12
1,15,1,2,8
1,16,1,1,1
1,16,1,2,10
1,17,1,1,1
1,17,1,2,10
1,18,1,1,1
1,18,1,2,10
1,19,1,1,1
1,20,1,1,1
1,21,1,1,1
1,21,1,2,10
1,22,1,1,1
1,22,1,2,10
1,23,1,1,8
1,24,1,1,8
1,25,1,1,5
1,26,1,1,5
1,27,1,1,9
1,28,1,1,9
1,29,1,1,8
1,30,1,1,8
1,31,1,1,8
1,31,1,2,9
1,32,1,1,8
1,33,1,1,8
1,34,1,1,8
1,34,1,2,9
1,35,1,1,1
1,36,1,1,1
1,37,1,1,2
1,38,1,1,2
1,39,1,1,1
1,40,1,1,1
1,41,1,1,8
1,41,1,2,10
1,42,1,1,8
1,42,1,2,10
1,43,1,1,4
1,43,1,2,8
1,44,1,1,4
1,44,1,2,8
1,45,1,1,4
1,45,1,2,8
1,46,1,1,12
1,46,1,2,4
1,47,1,1,12
1,47,1,2,4
1,48,1,1,12
1,48,1,2,8
1,49,1,1,12
1,49,1,2,8
1,50,1,1,9
1,51,1,1,9
1,52,1,1,1
1,53,1,1,1
1,54,1,1,3
1,55,1,1,3
1,56,1,1,7
1,57,1,1,7
1,58,1,1,2
1,59,1,1,2
1,60,1,1,3
1,61,1,1,3
1,62,1,1,3
1,62,1,2,7
1,63,1,1,11
1,64,1,1,11
1,65,1,1,11
1,66,1,1,7
1,67,1,1,7
1,68,1,1,7
1,69,1,1,4
1,69,1,2,8
1,70,1,1,4
1,70,1,2,8
1,71,1,1,4
1,71,1,2,8
1,72,1,1,3
1,72,1,2,8
1,73,1,1,3
1,73,1,2,8
1,74,1,1,13
1,74,1,2,9
1,75,1,1,13
1,75,1,2,9
1,76,1,1,13
1,76,1,2,9
1,77,1,1,2
1,78,1,1,2
1,79,1,1,3
1,79,1,2,11
1,80,1,1,3
1,80,1,2,11
1,81,1,1,5
1,82,1,1,5
1,83,1,1,1
1,83,1,2,10
1,84,1,1,1
1,84,1,2,10
1,85,1,1,1
1,85,1,2,10
1,86,1,1,3
1,87,1,1,3
1,87,1,2,6
1,88,1,1,8
1,89,1,1,8
1,90,1,1,3
1,91,1,1,3
1,91,1,2,6
1,92,1,1,14
1,92,1,2,8
1,93,1,1,14
1,93,1,2,8
1,94,1,1,14
1,94,1,2,8
1,95,1,1,13
1,95,1,2,9
1,96,1,1,11
1,97,1,1,11
1,98,1,1,3
1,99,1,1,3
1,100,1,1,5
1,101,1,1,5
1,102,1,1,4
1,102,1,2,11
1,103,1,1,4
1,103,1,2,11
1,104,1,1,9
1,105,1,1,9
1,106,1,1,7
1,107,1,1,7
1,108,1,1,1
1,109,1,1,8
1,110,1,1,8
1,111,1,1,9
1,111,1,2,13
1,112,1,1,9
1,112,1,2,13
1,113,1,1,1
1,114,1,1,4
1,115,1,1,1
1,116,1,1,3
1,117,1,1,3
1,118,1,1,3
1,119,1,1,3
1,120,1,1,3
1,121,1,1,3
1,121,1,2,11
1,122,1,1,11
1,123,1,1,12
1,123,1,2,10
1,124,1,1,6
1,124,1,2,11
1,125,1,1,5
1,126,1,1,2
1,127,1,1,12
1,128,1,1,1
1,129,1,1,3
1,130,1,1,3
1,130,1,2,10
1,131,1,1,3
1,131,1,2,6
1,132,1,1,1
1,133,1,1,1
1,134,1,1,3
1,135,1,1,5
1,136,1,1,2
1,137,1,1,1
1,138,1,1,13
1,138,1,2,3
1,139,1,1,13
1,139,1,2,3
1,140,1,1,13
1,140,1,2,3
1,141,1,1,13
1,141,1,2,3
1,142,1,1,13
1,142,1,2,10
1,143,1,1,1
1,144,1,1,6
1,144,1,2,10
1,145,1,1,5
1,145,1,2,10
1,146,1,1,2
1,146,1,2,10
1,147,1,1,15
1,148,1,1,15
1,149,1,1,15
1,149,1,2,10
1,150,1,1,11
1,151,1,1,11
2,1,1,1,4
2,1,1,2,8
2,2,1,1,4
2,2,1,2,8
2,3,1,1,4
2,3,1,2,8
2,4,1,1,2
2,5,1,1,2
2,6,1,1,2
2,6,1,2,10
2,7,1,1,3
2,8,1,1,3
2,9,1,1,3
2,10,1,1,12
2,11,1,1,12
2,12,1,1,12
2,12,1,2,10
2,13,1,1,12
2,13,1,2,8
2,14,1,1,12
2,14,1,2,8
2,15,1,1,12
2,15,1,2,8
2,16,1,1,1
2,16,1,2,10
2,17,1,1,1
2,17,1,2,10
2,18,1,1,1
2,18,1,2,10
2,19,1,1,1
2,20,1,1,1
2,21,1,1,1
2,21,1,2,10
2,22,1,1,1
2,22,1,2,10
2,23,1,1,8
2,24,1,1,8
2,25,1,1,5
2,26,1,1,5
2,27,1,1,9
2,28,1,1,9
2,29,1,1,8
2,30,1,1,8
2,31,1,1,8
2,31,1,2,9
2,32,1,1,8
2,33,1,1,8
2,34,1,1,8
2,34,1,2,9
2,35,1,1,1
2,36,1,1,1
2,37,1,1,2
2,38,1,1,2
2,39,1,1,1
2,40,1,1,1
2,41,1,1,8
2,41,1,2,10
2,42,1,1,8
2,42,1,2,10
2,43,1,1,4
2,43,1,2,8
2,44,1,1,4
2,44,1,2,8
2,45,1,1,4
2,45,1,2,8
2,46,1,1,12
2,46,1,2,4
2,47,1,1,12
2,47,1,2,4
2,48,1,1,12
2,48,1,2,8
2,49,1,1,12
2,49,1,2,8
2,50,1,1,9
2,51,1,1,9
2,52,1,1,1
2,53,1,1,1
2,54,1,1,3
2,55,1,1,3
2,56,1,1,7
2,57,1,1,7
2,58,1,1,2
2,59,1,1,2
2,60,1,1,3
2,61,1,1,3
2,62,1,1,3
2,62,1,2,7
2,63,1,1,11
2,64,1,1,11
2,65,1,1,11
2,66,1,1,7
2,67,1,1,7
2,68,1,1,7
2,69,1,1,4
2,69,1,2,8
2,70,1,1,4
2,70,1,2,8
2,71,1,1,4
2,71,1,2,8
2,72,1,1,3
2,72,1,2,8
2,73,1,1,3
2,73,1,2,8
2,74,1,1,13
2,74,1,2,9
2,75,1,1,13
2,75,1,2,9
2,76,1,1,13
2,76,1,2,9
2,77,1,1,2
2,78,1,1,2
2,79,1,1,3
2,79,1,2,11
2,80,1,1,3
2,80,1,2,11
2,81,1,1,5
2,81,1,2,17
2,82,1,1,5
2,82,1,2,17
2,83,1,1,1
2,83,1,2,10
2,84,1,1,1
2,84,1,2,10
2,85,1,1,1
2,85,1,2,10
2,86,1,1,3
2,87,1,1,3
2,87,1,2,6
2,88,1,1,8
2,89,1,1,8
2,90,1,1,3
2,91,1,1,3
2,91,1,2,6
2,92,1,1,14
2,92,1,2,8
2,93,1,1,14
2,93,1,2,8
2,94,1,1,14
2,94,1,2,8
2,95,1,1,13
2,95,1,2,9
2,96,1,1,11
2,97,1,1,11
2,98,1,1,3
2,99,1,1,3
2,100,1,1,5
2,101,1,1,5
2,102,1,1,4
2,102,1,2,11
2,103,1,1,4
2,103,1,2,11
2,104,1,1,9
2,105,1,1,9
2,106,1,1,7
2,107,1,1,7
2,108,1,1,1
2,109,1,1,8
2,110,1,1,8
2,111,1,1,9
2,111,1,2,13
2,112,1,1,9
2,112,1,2,13
2,113,1,1,1
2,114,1,1,4
2,115,1,1,1
2,116,1,1,3
2,117,1,1,3
2,118,1,1,3
2,119,1,1,3
2,120,1,1,3
2,121,1,1,3
2,121,1,2,11
2,122,1,1,11
2,123,1,1,12
2,123,1,2,10
2,124,1,1,6
2,124,1,2,11
2,125,1,1,5
2,126,1,1,2
2,127,1,1,12
2,128,1,1,1
2,129,1,1,3
2,130,1,1,3
2,130,1,2,10
2,131,1,1,3
2,131,1,2,6
2,132,1,1,1
2,133,1,1,1
2,134,1,1,3
2,135,1,1,5
2,136,1,1,2
2,137,1,1,1
2,138,1,1,13
2,138,1,2,3
2,139,1,1,13
2,139,1,2,3
2,140,1,1,13
2,140,1,2,3
2,141,1,1,13
2,141,1,2,3
2,142,1,1,13
2,142,1,2,10
2,143,1,1,1
2,144,1,1,6
2,144,1,2,10
2,145,1,1,5
2,145,1,2,10
2,146,1,1,2
2,146,1,2,10
2,147,1,1,15
2,148,1,1,15
2,149,1,1,15
2,149,1,2,10
2,150,1,1,11
2,151,1,1,11
2,152,1,1,4
2,153,1,1,4
2,154,1,1,4
2,155,1,1,2
2,156,1,1,2
2,157,1,1,2
2,158,1,1,3
2,159,1,1,3
2,160,1,1,3
2,161,1,1,1
2,162,1,1,1
2,163,1,1,1
2,163,1,2,10
2,164,1,1,1
2,164,1,2,10
2,165,1,1,12
2,165,1,2,10
2,166,1,1,12
2,166,1,2,10
2,167,1,1,12
2,167,1,2,8
2,168,1,1,12
2,168,1,2,8
2,169,1,1,8
2,169,1,2,10
2,170,1,1,3
2,170,1,2,5
2,171,1,1,3
2,171,1,2,5
2,172,1,1,5
2,173,1,1,1
2,174,1,1,1
2,175,1,1,1
2,176,1,1,1
2,176,1,2,10
2,177,1,1,11
2,177,1,2,10
2,178,1,1,11
2,178,1,2,10
2,179,1,1,5
2,180,1,1,5
2,181,1,1,5
2,182,1,1,4
2,183,1,1,3
2,184,1,1,3
2,185,1,1,13
2,186,1,1,3
2,187,1,1,4
2,187,1,2,10
2,188,1,1,4
2,188,1,2,10
2,189,1,1,4
2,189,1,2,10
2,190,1,1,1
2,191,1,1,4
2,192,1,1,4
2,193,1,1,12
2,193,1,2,10
2,194,1,1,3
2,194,1,2,9
2,195,1,1,3
2,195,1,2,9
2,196,1,1,11
2,197,1,1,16
2,198,1,1,16
2,198,1,2,10
2,199,1,1,3
2,199,1,2,11
2,200,1,1,14
2,201,1,1,11
2,201,2,1,11
2,201,3,1,11
2,201,4,1,11
2,201,5,1,11
2,201,6,1,11
2,201,7,1,11
2,201,8,1,11
2,201,9,1,11
2,201,10,1,11
2,201,11,1,11
2,201,12,1,11
2,201,13,1,11
2,201,14,1,11
2,201,15,1,11
2,201,16,1,11
2,201,17,1,11
2,201,18,1,11
2,201,19,1,11
2,201,20,1,11
2,201,21,1,11
2,201,22,1,11
2,201,23,1,11
2,201,24,1,11
2,201,25,1,11
2,201,26,1,11
2,202,1,1,11
2,203,1,1,1
2,203,1,2,11
2,204,1,1,12
2,205,1,1,12
2,205,1,2,17
2,206,1,1,1
2,207,1,1,9
2,207,1,2,10
2,208,1,1,17
2,208,1,2,9
2,209,1,1,1
2,210,1,1,1
2,211,1,1,3
2,211,1,2,8
2,212,1,1,12
2,212,1,2,17
2,213,1,1,12
2,213,1,2,13
2,214,1,1,12
2,214,1,2,7
2,215,1,1,16
2,215,1,2,6
2,216,1,1,1
2,217,1,1,1
2,218,1,1,2
2,219,1,1,2
2,219,1,2,13
2,220,1,1,6
2,220,1,2,9
2,221,1,1,6
2,221,1,2,9
2,222,1,1,3
2,222,1,2,13
2,223,1,1,3
2,224,1,1,3
2,225,1,1,6
2,225,1,2,10
2,226,1,1,3
2,226,1,2,10
2,227,1,1,17
2,227,1,2,10
2,228,1,1,16
2,228,1,2,2
2,229,1,1,16
2,229,1,2,2
2,230,1,1,3
2,230,1,2,15
2,231,1,1,9
2,232,1,1,9
2,233,1,1,1
2,234,1,1,1
2,235,1,1,1
2,236,1,1,7
2,237,1,1,7
2,238,1,1,6
2,238,1,2,11
2,239,1,1,5
2,240,1,1,2
2,241,1,1,1
2,242,1,1,1
2,243,1,1,5
2,244,1,1,2
2,245,1,1,3
2,246,1,1,13
2,246,1,2,9
2,247,1,1,13
2,247,1,2,9
2,248,1,1,13
2,248,1,2,16
2,249,1,1,11
2,249,1,2,10
2,250,1,1,2
2,250,1,2,10
2,251,1,1,11
2,251,1,2,4
3,1,1,1,4
3,1,1,2,8
3,2,1,1,4
3,2,1,2,8
3,3,1,1,4
3,3,1,2,8
3,4,1,1,2
3,5,1,1,2
3,6,1,1,2
3,6,1,2,10
3,7,1,1,3
3,8,1,1,3
3,9,1,1,3
3,10,1,1,12
3,11,1,1,12
3,12,1,1,12
3,12,1,2,10
3,13,1,1,12
3,13,1,2,8
3,14,1,1,12
3,14,1,2,8
3,15,1,1,12
3,15,1,2,8
3,16,1,1,1
3,16,1,2,10
3,17,1,1,1
3,17,1,2,10
3,18,1,1,1
3,18,1,2,10
3,19,1,1,1
3,20,1,1,1
3,21,1,1,1
3,21,1,2,10
3,22,1,1,1
3,22,1,2,10
3,23,1,1,8
3,24,1,1,8
3,25,1,1,5
3,26,1,1,5
3,27,1,1,9
3,28,1,1,9
3,29,1,1,8
3,30,1,1,8
3,31,1,1,8
3,31,1,2,9
3,32,1,1,8
3,33,1,1,8
3,34,1,1,8
3,34,1,2,9
3,35,1,1,1
3,36,1,1,1
3,37,1,1,2
3,38,1,1,2
3,39,1,1,1
3,40,1,1,1
3,41,1,1,8
3,41,1,2,10
3,42,1,1,8
3,42,1,2,10
3,43,1,1,4
3,43,1,2,8
3,44,1,1,4
3,44,1,2,8
3,45,1,1,4
3,45,1,2,8
3,46,1,1,12
3,46,1,2,4
3,47,1,1,12
3,47,1,2,4
3,48,1,1,12
3,48,1,2,8
3,49,1,1,12
3,49,1,2,8
3,50,1,1,9
3,51,1,1,9
3,52,1,1,1
3,53,1,1,1
3,54,1,1,3
3,55,1,1,3
3,56,1,1,7
3,57,1,1,7
3,58,1,1,2
3,59,1,1,2
3,60,1,1,3
3,61,1,1,3
3,62,1,1,3
3,62,1,2,7
3,63,1,1,11
3,64,1,1,11
3,65,1,1,11
3,66,1,1,7
3,67,1,1,7
3,68,1,1,7
3,69,1,1,4
3,69,1,2,8
3,70,1,1,4
3,70,1,2,8
3,71,1,1,4
3,71,1,2,8
3,72,1,1,3
3,72,1,2,8
3,73,1,1,3
3,73,1,2,8
3,74,1,1,13
3,74,1,2,9
3,75,1,1,13
3,75,1,2,9
3,76,1,1,13
3,76,1,2,9
3,77,1,1,2
3,78,1,1,2
3,79,1,1,3
3,79,1,2,11
3,80,1,1,3
3,80,1,2,11
3,81,1,1,5
3,81,1,2,17
3,82,1,1,5
3,82,1,2,17
3,83,1,1,1
3,83,1,2,10
3,84,1,1,1
3,84,1,2,10
3,85,1,1,1
3,85,1,2,10
3,86,1,1,3
3,87,1,1,3
3,87,1,2,6
3,88,1,1,8
3,89,1,1,8
3,90,1,1,3
3,91,1,1,3
3,91,1,2,6
3,92,1,1,14
3,92,1,2,8
3,93,1,1,14
3,93,1,2,8
3,94,1,1,14
3,94,1,2,8
3,95,1,1,13
3,95,1,2,9
3,96,1,1,11
3,97,1,1,11
3,98,1,1,3
3,99,1,1,3
3,100,1,1,5
3,101,1,1,5
3,102,1,1,4
3,102,1,2,11
3,103,1,1,4
3,103,1,2,11
3,104,1,1,9
3,105,1,1,9
3,106,1,1,7
3,107,1,1,7
3,108,1,1,1
3,109,1,1,8
3,110,1,1,8
3,111,1,1,9
3,111,1,2,13
3,112,1,1,9
3,112,1,2,13
3,113,1,1,1
3,114,1,1,4
3,115,1,1,1
3,116,1,1,3
3,117,1,1,3
3,118,1,1,3
3,119,1,1,3
3,120,1,1,3
3,121,1,1,3
3,121,1,2,11
3,122,1,1,11
3,123,1,1,12
3,123,1,2,10
3,124,1,1,6
3,124,1,2,11
3,125,1,1,5
3,126,1,1,2
3,127,1,1,12
3,128,1,1,1
3,129,1,1,3
3,130,1,1,3
3,130,1,2,10
3,131,1,1,3
3,131,1,2,6
3,132,1,1,1
3,133,1,1,1
3,134,1,1,3
3,135,1,1,5
3,136,1,1,2
3,137,1,1,1
3,138,1,1,13
3,138,1,2,3
3,139,1,1,13
3,139,1,2,3
3,140,1,1,13
3,140,1,2,3
3,141,1,1,13
3,141,1,2,3
3,142,1,1,13
3,142,1,2,10
3,143,1,1,1
3,144,1,1,6
3,144,1,2,10
3,145,1,1,5
3,145,1,2,10
3,146,1,1,2
3,146,1,2,10
3,147,1,1,15
3,148,1,1,15
3,149,1,1,15
3,149,1,2,10
3,150,1,1,11
3,151,1,1,11
3,152,1,1,4
3,153,1,1,4
3,154,1,1,4
3,155,1,1,2
3,156,1,1,2
3,157,1,1,2
3,158,1,1,3
3,159,1,1,3
3,160,1,1,3
3,161,1,1,1
3,162,1,1,1
3,163,1,1,1
3,163,1,2,10
3,164,1,1,1
3,164,1,2,10
3,165,1,1,12
3,165,1,2,10
3,166,1,1,12
3,166,1,2,10
3,167,1,1,12
3,167,1,2,8
3,168,1,1,12
3,168,1,2,8
3,169,1,1,8
3,169,1,2,10
3,170,1,1,3
3,170,1,2,5
3,171,1,1,3
3,171,1,2,5
3,172,1,1,5
3,173,1,1,1
3,174,1,1,1
3,175,1,1,1
3,176,1,1,1
3,176,1,2,10
3,177,1,1,11
3,177,1,2,10
3,178,1,1,11
3,178,1,2,10
3,179,1,1,5
3,180,1,1,5
3,181,1,1,5
3,182,1,1,4
3,183,1,1,3
3,184,1,1,3
3,185,1,1,13
3,186,1,1,3
3,187,1,1,4
3,187,1,2,10
3,188,1,1,4
3,188,1,2,10
3,189,1,1,4
3,189,1,2,10
3,190,1,1,1
3,191,1,1,4
3,192,1,1,4
3,193,1,1,12
3,193,1,2,10
3,194,1,1,3
3,194,1,2,9
3,195,1,1,3
3,195,1,2,9
3,196,1,1,11
3,197,1,1,16
3,198,1,1,16
3,198,1,2,10
3,199,1,1,3
3,199,1,2,11
3,200,1,1,14
3,201,1,1,11
3,201,2,1,11
3,201,3,1,11
3,201,4,1,11
3,201,5,1,11
3,201,6,1,11
3,201,7,1,11
3,201,8,1,11
3,201,9,1,11
3,201,10,1,11
3,201,11,1,11
3,201,12,1,11
3,201,13,1,11
3,201,14,1,11
3,201,15,1,11
3,201,16,1,11
3,201,17,1,11
3,201,18,1,11
3,201,19,1,11
3,201,20,1,11
3,201,21,1,11
3,201,22,1,11
3,201,23,1,11
3,201,24,1,11
3,201,25,1,11
3,201,26,1,11
3,201,27,1,11
3,201,28,1,11
3,202,1,1,11
3,203,1,1,1
3,203,1,2,11
3,204,1,1,12
3,205,1,1,12
3,205,1,2,17
3,206,1,1,1
3,207,1,1,9
3,207,1,2,10
3,208,1,1,17
3,208,1,2,9
3,209,1,1,1
3,210,1,1,1
3,211,1,1,3
3,211,1,2,8
3,212,1,1,12
3,212,1,2,17
3,213,1,1,12
3,213,1,2,13
3,214,1,1,12
3,214,1,2,7
3,215,1,1,16
3,215,1,2,6
3,216,1,1,1
3,217,1,1,1
3,218,1,1,2
3,219,1,1,2
3,219,1,2,13
3,220,1,1,6
3,220,1,2,9
3,221,1,1,6
3,221,1,2,9
3,222,1,1,3
3,222,1,2,13
3,223,1,1,3
3,224,1,1,3
3,225,1,1,6
3,225,1,2,10
3,226,1,1,3
3,226,1,2,10
3,227,1,1,17
3,227,1,2,10
3,228,1,1,16
3,228,1,2,2
3,229,1,1,16
3,229,1,2,2
3,230,1,1,3
3,230,1,2,15
3,231,1,1,9
3,232,1,1,9
3,233,1,1,1
3,234,1,1,1
3,235,1,1,1
3,236,1,1,7
3,237,1,1,7
3,238,1,1,6
3,238,1,2,11
3,239,1,1,5
3,240,1,1,2
3,241,1,1,1
3,242,1,1,1
3,243,1,1,5
3,244,1,1,2
3,245,1,1,3
3,246,1,1,13
3,246,1,2,9
3,247,1,1,13
3,247,1,2,9
3,248,1,1,13
3,248,1,2,16
3,249,1,1,11
3,249,1,2,10
3,250,1,1,2
3,250,1,2,10
3,251,1,1,11
3,251,1,2,4
3,252,1,1,4
3,253,1,1,4
3,254,1,1,4
3,255,1,1,2
3,256,1,1,2
3,256,1,2,7
3,257,1,1,2
3,257,1,2,7
3,258,1,1,3
3,259,1,1,3
3,259,1,2,9
3,260,1,1,3
3,260,1,2,9
3,261,1,1,16
3,262,1,1,16
3,263,1,1,1
3,264,1,1,1
3,265,1,1,12
3,266,1,1,12
3,267,1,1,12
3,267,1,2,10
3,268,1,1,12
3,269,1,1,12
3,269,1,2,8
3,270,1,1,3
3,270,1,2,4
3,271,1,1,3
3,271,1,2,4
3,272,1,1,3
3,272,1,2,4
3,273,1,1,4
3,274,1,1,4
3,274,1,2,16
3,275,1,1,4
3,275,1,2,16
3,276,1,1,1
3,276,1,2,10
3,277,1,1,1
3,277,1,2,10
3,278,1,1,3
3,278,1,2,10
3,279,1,1,3
3,279,1,2,10
3,280,1,1,11
3,281,1,1,11
3,282,1,1,11
3,283,1,1,12
3,283,1,2,3
3,284,1,1,12
3,284,1,2,10
3,285,1,1,4
3,286,1,1,4
3,286,1,2,7
3,287,1,1,1
3,288,1,1,1
3,289,1,1,1
3,290,1,1,12
3,290,1,2,9
3,291,1,1,12
3,291,1,2,10
3,292,1,1,12
3,292,1,2,14
3,293,1,1,1
3,294,1,1,1
3,295,1,1,1
3,296,1,1,7
3,297,1,1,7
3,298,1,1,1
3,299,1,1,13
3,300,1,1,1
3,301,1,1,1
3,302,1,1,16
3,302,1,2,14
3,303,1,1,17
3,304,1,1,17
3,304,1,2,13
3,305,1,1,17
3,305,1,2,13
3,306,1,1,17
3,306,1,2,13
3,307,1,1,7
3,307,1,2,11
3,308,1,1,7
3,308,1,2,11
3,309,1,1,5
3,310,1,1,5
3,311,1,1,5
3,312,1,1,5
3,313,1,1,12
3,314,1,1,12
3,315,1,1,4
3,315,1,2,8
3,316,1,1,8
3,317,1,1,8
3,318,1,1,3
3,318,1,2,16
3,319,1,1,3
3,319,1,2,16
3,320,1,1,3
3,321,1,1,3
3,322,1,1,2
3,322,1,2,9
3,323,1,1,2
3,323,1,2,9
3,324,1,1,2
3,325,1,1,11
3,326,1,1,11
3,327,1,1,1
3,328,1,1,9
3,329,1,1,9
3,329,1,2,15
3,330,1,1,9
3,330,1,2,15
3,331,1,1,4
3,332,1,1,4
3,332,1,2,16
3,333,1,1,1
3,333,1,2,10
3,334,1,1,15
3,334,1,2,10
3,335,1,1,1
3,336,1,1,8
3,337,1,1,13
3,337,1,2,11
3,338,1,1,13
3,338,1,2,11
3,339,1,1,3
3,339,1,2,9
3,340,1,1,3
3,340,1,2,9
3,341,1,1,3
3,342,1,1,3
3,342,1,2,16
3,343,1,1,9
3,343,1,2,11
3,344,1,1,9
3,344,1,2,11
3,345,1,1,13
3,345,1,2,4
3,346,1,1,13
3,346,1,2,4
3,347,1,1,13
3,347,1,2,12
3,348,1,1,13
3,348,1,2,12
3,349,1,1,3
3,350,1,1,3
3,351,1,1,1
3,351,2,1,2
3,351,3,1,3
3,351,4,1,6
3,352,1,1,1
3,353,1,1,14
3,354,1,1,14
3,355,1,1,14
3,356,1,1,14
3,357,1,1,4
3,357,1,2,10
3,358,1,1,11
3,359,1,1,16
3,360,1,1,11
3,361,1,1,6
3,362,1,1,6
3,363,1,1,6
3,363,1,2,3
3,364,1,1,6
3,364,1,2,3
3,365,1,1,6
3,365,1,2,3
3,366,1,1,3
3,367,1,1,3
3,368,1,1,3
3,369,1,1,3
3,369,1,2,13
3,370,1,1,3
3,371,1,1,15
3,372,1,1,15
3,373,1,1,15
3,373,1,2,10
3,374,1,1,17
3,374,1,2,11
3,375,1,1,17
3,375,1,2,11
3,376,1,1,17
3,376,1,2,11
3,377,1,1,13
3,378,1,1,6
3,379,1,1,17
3,380,1,1,15
3,380,1,2,11
3,381,1,1,15
3,381,1,2,11
3,382,1,1,3
3,383,1,1,9
3,384,1,1,15
3,384,1,2,10
3,385,1,1,17
3,385,1,2,11
3,386,1,1,11
3,386,2,1,11
3,386,3,1,11
3,386,4,1,11
4,1,1,1,4
4,1,1,2,8
4,2,1,1,4
4,2,1,2,8
4,3,1,1,4
4,3,1,2,8
4,4,1,1,2
4,5,1,1,2
4,6,1,1,2
4,6,1,2,10
4,7,1,1,3
4,8,1,1,3
4,9,1,1,3
4,10,1,1,12
4,11,1,1,12
4,12,1,1,12
4,12,1,2,10
4,13,1,1,12
4,13,1,2,8
4,14,1,1,12
4,14,1,2,8
4,15,1,1,12
4,15,1,2,8
4,16,1,1,1
4,16,1,2,10
4,17,1,1,1
4,17,1,2,10
4,18,1,1,1
4,18,1,2,10
4,19,1,1,1
4,20,1,1,1
4,21,1,1,1
4,21,1,2,10
4,22,1,1,1
4,22,1,2,10
4,23,1,1,8
4,24,1,1,8
4,25,1,1,5
4,26,1,1,5
4,27,1,1,9
4,28,1,1,9
4,29,1,1,8
4,30,1,1,8
4,31,1,1,8
4,31,1,2,9
4,32,1,1,8
4,33,1,1,8
4,34,1,1,8
4,34,1,2,9
4,35,1,1,1
4,36,1,1,1
4,37,1,1,2
4,38,1,1,2
4,39,1,1,1
4,40,1,1,1
4,41,1,1,8
4,41,1,2,10
4,42,1,1,8
4,42,1,2,10
4,43,1,1,4
4,43,1,2,8
4,44,1,1,4
4,44,1,2,8
4,45,1,1,4
4,45,1,2,8
4,46,1,1,12
4,46,1,2,4
4,47,1,1,12
4,47,1,2,4
4,48,1,1,12
4,48,1,2,8
4,49,1,1,12
4,49,1,2,8
4,50,1,1,9
4,51,1,1,9
4,52,1,1,1
4,53,1,1,1
4,54,1,1,3
4,55,1,1,3
4,56,1,1,7
4,57,1,1,7
4,58,1,1,2
4,59,1,1,2
4,60,1,1,3
4,61,1,1,3
4,62,1,1,3
4,62,1,2,7
4,63,1,1,11
4,64,1,1,11
4,65,1,1,11
4,66,1,1,7
4,67,1,1,7
4,68,1,1,7
4,69,1,1,4
4,69,1,2,8
4,70,1,1,4
4,70,1,2,8
4,71,1,1,4
4,71,1,2,8
4,72,1,1,3
4,72,1,2,8
4,73,1,1,3
4,73,1,2,8
4,74,1,1,13
4,74,1,2,9
4,75,1,1,13
4,75,1,2,9
4,76,1,1,13
4,76,1,2,9
4,77,1,1,2
4,78,1,1,2
4,79,1,1,3
4,79,1,2,11
4,80,1,1,3
4,80,1,2,11
4,81,1,1,5
4,81,1,2,17
4,82,1,1,5
4,82,1,2,17
4,83,1,1,1
4,83,1,2,10
4,84,1,1,1
4,84,1,2,10
4,85,1,1,1
4,85,1,2,10
4,86,1,1,3
4,87,1,1,3
4,87,1,2,6
4,88,1,1,8
4,89,1,1,8
4,90,1,1,3
4,91,1,1,3
4,91,1,2,6
4,92,1,1,14
4,92,1,2,8
4,93,1,1,14
4,93,1,2,8
4,94,1,1,14
4,94,1,2,8
4,95,1,1,13
4,95,1,2,9
4,96,1,1,11
4,97,1,1,11
4,98,1,1,3
4,99,1,1,3
4,100,1,1,5
4,101,1,1,5
4,102,1,1,4
4,102,1,2,11
4,103,1,1,4
4,103,1,2,11
4,104,1,1,9
4,105,1,1,9
4,106,1,1,7
4,107,1,1,7
4,108,1,1,1
4,109,1,1,8
4,110,1,1,8
4,111,1,1,9
4,111,1,2,13
4,112,1,1,9
4,112,1,2,13
4,113,1,1,1
4,114,1,1,4
4,115,1,1,1
4,116,1,1,3
4,117,1,1,3
4,118,1,1,3
4,119,1,1,3
4,120,1,1,3
4,121,1,1,3
4,121,1,2,11
4,122,1,1,11
4,123,1,1,12
4,123,1,2,10
4,124,1,1,6
4,124,1,2,11
4,125,1,1,5
4,126,1,1,2
4,127,1,1,12
4,128,1,1,1
4,129,1,1,3
4,130,1,1,3
4,130,1,2,10
4,131,1,1,3
4,131,1,2,6
4,132,1,1,1
4,133,1,1,1
4,134,1,1,3
4,135,1,1,5
4,136,1,1,2
4,137,1,1,1
4,138,1,1,13
4,138,1,2,3
4,139,1,1,13
4,139,1,2,3
4,140,1,1,13
4,140,1,2,3
4,141,1,1,13
4,141,1,2,3
4,142,1,1,13
4,142,1,2,10
4,143,1,1,1
4,144,1,1,6
4,144,1,2,10
4,145,1,1,5
4,145,1,2,10
4,146,1,1,2
4,146,1,2,10
4,147,1,1,15
4,148,1,1,15
4,149,1,1,15
4,149,1,2,10
4,150,1,1,11
4,151,1,1,11
4,152,1,1,4
4,153,1,1,4
4,154,1,1,4
4,155,1,1,2
4,156,1,1,2
4,157,1,1,2
4,158,1,1,3
4,159,1,1,3
4,160,1,1,3
4,161,1,1,1
4,162,1,1,1
4,163,1,1,1
4,163,1,2,10
4,164,1,1,1
4,164,1,2,10
4,165,1,1,12
4,165,1,2,10
4,166,1,1,12
4,166,1,2,10
4,167,1,1,12
4,167,1,2,8
4,168,1,1,12
4,168,1,2,8
4,169,1,1,8
4,169,1,2,10
4,170,1,1,3
4,170,1,2,5
4,171,1,1,3
4,171,1,2,5
4,172,1,1,5
4,173,1,1,1
4,174,1,1,1
4,175,1,1,1
4,176,1,1,1
4,176,1,2,10
4,177,1,1,11
4,177,1,2,10
4,178,1,1,11
4,178,1,2,10
4,179,1,1,5
4,180,1,1,5
4,181,1,1,5
4,182,1,1,4
4,183,1,1,3
4,184,1,1,3
4,185,1,1,13
4,186,1,1,3
4,187,1,1,4
4,187,1,2,10
4,188,1,1,4
4,188,1,2,10
4,189,1,1,4
4,189,1,2,10
4,190,1,1,1
4,191,1,1,4
4,192,1,1,4
4,193,1,1,12
4,193,1,2,10
4,194,1,1,3
4,194,1,2,9
4,195,1,1,3
4,195,1,2,9
4,196,1,1,11
4,197,1,1,16
4,198,1,1,16
4,198,1,2,10
4,199,1,1,3
4,199,1,2,11
4,200,1,1,14
4,201,1,1,11
4,201,2,1,11
4,201,3,1,11
4,201,4,1,11
4,201,5,1,11
4,201,6,1,11
4,201,7,1,11
4,201,8,1,11
4,201,9,1,11
4,201,10,1,11
4,201,11,1,11
4,201,12,1,11
4,201,13,1,11
4,201,14,1,11
4,201,15,1,11
4,201,16,1,11
4,201,17,1,11
4,201,18,1,11
4,201,19,1,11
4,201,20,1,11
4,201,21,1,11
4,201,22,1,11
4,201,23,1,11
4,201,24,1,11
4,201,25,1,11
4,201,26,1,11
4,201,27,1,11
4,201,28,1,11
4,202,1,1,11
4,203,1,1,1
4,203,1,2,11
4,204,1,1,12
4,205,1,1,12
4,205,1,2,17
4,206,1,1,1
4,207,1,1,9
4,207,1,2,10
4,208,1,1,17
4,208,1,2,9
4,209,1,1,1
4,210,1,1,1
4,211,1,1,3
4,211,1,2,8
4,212,1,1,12
4,212,1,2,17
4,213,1,1,12
4,213,1,2,13
4,214,1,1,12
4,214,1,2,7
4,215,1,1,16
4,215,1,2,6
4,216,1,1,1
4,217,1,1,1
4,218,1,1,2
4,219,1,1,2
4,219,1,2,13
4,220,1,1,6
4,220,1,2,9
4,221,1,1,6
4,221,1,2,9
4,222,1,1,3
4,222,1,2,13
4,223,1,1,3
4,224,1,1,3
4,225,1,1,6
4,225,1,2,10
4,226,1,1,3
4,226,1,2,10
4,227,1,1,17
4,227,1,2,10
4,228,1,1,16
4,228,1,2,2
4,229,1,1,16
4,229,1,2,2
4,230,1,1,3
4,230,1,2,15
4,231,1,1,9
4,232,1,1,9
4,233,1,1,1
4,234,1,1,1
4,235,1,1,1
4,236,1,1,7
4,237,1,1,7
4,238,1,1,6
4,238,1,2,11
4,239,1,1,5
4,240,1,1,2
4,241,1,1,1
4,242,1,1,1
4,243,1,1,5
4,244,1,1,2
4,245,1,1,3
4,246,1,1,13
4,246,1,2,9
4,247,1,1,13
4,247,1,2,9
4,248,1,1,13
4,248,1,2,16
4,249,1,1,11
4,249,1,2,10
4,250,1,1,2
4,250,1,2,10
4,251,1,1,11
4,251,1,2,4
4,252,1,1,4
4,253,1,1,4
4,254,1,1,4
4,255,1,1,2
4,256,1,1,2
4,256,1,2,7
4,257,1,1,2
4,257,1,2,7
4,258,1,1,3
4,259,1,1,3
4,259,1,2,9
4,260,1,1,3
4,260,1,2,9
4,261,1,1,16
4,262,1,1,16
4,263,1,1,1
4,264,1,1,1
4,265,1,1,12
4,266,1,1,12
4,267,1,1,12
4,267,1,2,10
4,268,1,1,12
4,269,1,1,12
4,269,1,2,8
4,270,1,1,3
4,270,1,2,4
4,271,1,1,3
4,271,1,2,4
4,272,1,1,3
4,272,1,2,4
4,273,1,1,4
4,274,1,1,4
4,274,1,2,16
4,275,1,1,4
4,275,1,2,16
4,276,1,1,1
4,276,1,2,10
4,277,1,1,1
4,277,1,2,10
4,278,1,1,3
4,278,1,2,10
4,279,1,1,3
4,279,1,2,10
4,280,1,1,11
4,281,1,1,11
4,282,1,1,11
4,283,1,1,12
4,283,1,2,3
4,284,1,1,12
4,284,1,2,10
4,285,1,1,4
4,286,1,1,4
4,286,1,2,7
4,287,1,1,1
4,288,1,1,1
4,289,1,1,1
4,290,1,1,12
4,290,1,2,9
4,291,1,1,12
4,291,1,2,10
4,292,1,1,12
4,292,1,2,14
4,293,1,1,1
4,294,1,1,1
4,295,1,1,1
4,296,1,1,7
4,297,1,1,7
4,298,1,1,1
4,299,1,1,13
4,300,1,1,1
4,301,1,1,1
4,302,1,1,16
4,302,1,2,14
4,303,1,1,17
4,304,1,1,17
4,304,1,2,13
4,305,1,1,17
4,305,1,2,13
4,306,1,1,17
4,306,1,2,13
4,307,1,1,7
4,307,1,2,11
4,308,1,1,7
4,308,1,2,11
4,309,1,1,5
4,310,1,1,5
4,311,1,1,5
4,312,1,1,5
4,313,1,1,12
4,314,1,1,12
4,315,1,1,4
4,315,1,2,8
4,316,1,1,8
4,317,1,1,8
4,318,1,1,3
4,318,1,2,16
4,319,1,1,3
4,319,1,2,16
4,320,1,1,3
4,321,1,1,3
4,322,1,1,2
4,322,1,2,9
4,323,1,1,2
4,323,1,2,9
4,324,1,1,2
4,325,1,1,11
4,326,1,1,11
4,327,1,1,1
4,328,1,1,9
4,329,1,1,9
4,329,1,2,15
4,330,1,1,9
4,330,1,2,15
4,331,1,1,4
4,332,1,1,4
4,332,1,2,16
4,333,1,1,1
4,333,1,2,10
4,334,1,1,15
4,334,1,2,10
4,335,1,1,1
4,336,1,1,8
4,337,1,1,13
4,337,1,2,11
4,338,1,1,13
4,338,1,2,11
4,339,1,1,3
4,339,1,2,9
4,340,1,1,3
4,340,1,2,9
4,341,1,1,3
4,342,1,1,3
4,342,1,2,16
4,343,1,1,9
4,343,1,2,11
4,344,1,1,9
4,344,1,2,11
4,345,1,1,13
4,345,1,2,4
4,346,1,1,13
4,346,1,2,4
4,347,1,1,13
4,347,1,2,12
4,348,1,1,13
4,348,1,2,12
4,349,1,1,3
4,350,1,1,3
4,351,1,1,1
4,351,2,1,2
4,351,3,1,3
4,351,4,1,6
4,352,1,1,1
4,353,1,1,14
4,354,1,1,14
4,355,1,1,14
4,356,1,1,14
4,357,1,1,4
4,357,1,2,10
4,358,1,1,11
4,359,1,1,16
4,360,1,1,11
4,361,1,1,6
4,362,1,1,6
4,363,1,1,6
4,363,1,2,3
4,364,1,1,6
4,364,1,2,3
4,365,1,1,6
4,365,1,2,3
4,366,1,1,3
4,367,1,1,3
4,368,1,1,3
4,369,1,1,3
4,369,1,2,13
4,370,1,1,3
4,371,1,1,15
4,372,1,1,15
4,373,1,1,15
4,373,1,2,10
4,374,1,1,17
4,374,1,2,11
4,375,1,1,17
4,375,1,2,11
4,376,1,1,17
4,376,1,2,11
4,377,1,1,13
4,378,1,1,6
4,379,1,1,17
4,380,1,1,15
4,380,1,2,11
4,381,1,1,15
4,381,1,2,11
4,382,1,1,3
4,383,1,1,9
4,384,1,1,15
4,384,1,2,10
4,385,1,1,17
4,385,1,2,11
4,386,1,1,11
4,386,2,1,11
4,386,3,1,11
4,386,4,1,11
4,387,1,1,4
4,388,1,1,4
4,389,1,1,4
4,389,1,2,9
4,390,1,1,2
4,391,1,1,2
4,391,1,2,7
4,392,1,1,2
4,392,1,2,7
4,393,1,1,3
4,394,1,1,3
4,395,1,1,3
4,395,1,2,17
4,396,1,1,1
4,396,1,2,10
4,397,1,1,1
4,397,1,2,10
4,398,1,1,1
4,398,1,2,10
4,399,1,1,1
4,400,1,1,1
4,400,1,2,3
4,401,1,1,12
4,402,1,1,12
4,403,1,1,5
4,404,1,1,5
4,405,1,1,5
4,406,1,1,4
4,406,1,2,8
4,407,1,1,4
4,407,1,2,8
4,408,1,1,13
4,409,1,1,13
4,410,1,1,13
4,410,1,2,17
4,411,1,1,13
4,411,1,2,17
4,412,1,1,12
4,412,2,1,12
4,412,3,1,12
4,413,1,1,12
4,413,1,2,4
4,413,2,1,12
4,413,2,2,9
4,413,3,1,12
4,413,3,2,17
4,414,1,1,12
4,414,1,2,10
4,415,1,1,12
4,415,1,2,10
4,416,1,1,12
4,416,1,2,10
4,417,1,1,5
4,418,1,1,3
4,419,1,1,3
4,420,1,1,4
4,421,1,1,4
4,421,2,1,4
4,422,1,1,3
4,422,2,1,3
4,423,1,1,3
4,423,1,2,9
4,423,2,1,3
4,423,2,2,9
4,424,1,1,1
4,425,1,1,14
4,425,1,2,10
4,426,1,1,14
4,426,1,2,10
4,427,1,1,1
4,428,1,1,1
4,429,1,1,14
4,430,1,1,16
4,430,1,2,10
4,431,1,1,1
4,432,1,1,1
4,433,1,1,11
4,434,1,1,8
4,434,1,2,16
4,435,1,1,8
4,435,1,2,16
4,436,1,1,17
4,436,1,2,11
4,437,1,1,17
4,437,1,2,11
4,438,1,1,13
4,439,1,1,11
4,440,1,1,1
4,441,1,1,1
4,441,1,2,10
4,442,1,1,14
4,442,1,2,16
4,443,1,1,15
4,443,1,2,9
4,444,1,1,15
4,444,1,2,9
4,445,1,1,15
4,445,1,2,9
4,446,1,1,1
4,447,1,1,7
4,448,1,1,7
4,448,1,2,17
4,449,1,1,9
4,450,1,1,9
4,451,1,1,8
4,451,1,2,12
4,452,1,1,8
4,452,1,2,16
4,453,1,1,8
4,453,1,2,7
4,454,1,1,8
4,454,1,2,7
4,455,1,1,4
4,456,1,1,3
4,457,1,1,3
4,458,1,1,3
4,458,1,2,10
4,459,1,1,4
4,459,1,2,6
4,460,1,1,4
4,460,1,2,6
4,461,1,1,16
4,461,1,2,6
4,462,1,1,5
4,462,1,2,17
4,463,1,1,1
4,464,1,1,9
4,464,1,2,13
4,465,1,1,4
4,466,1,1,5
4,467,1,1,2
4,468,1,1,1
4,468,1,2,10
4,469,1,1,12
4,469,1,2,10
4,470,1,1,4
4,471,1,1,6
4,472,1,1,9
4,472,1,2,10
4,473,1,1,6
4,473,1,2,9
4,474,1,1,1
4,475,1,1,11
4,475,1,2,7
4,476,1,1,13
4,476,1,2,17
4,477,1,1,14
4,478,1,1,6
4,478,1,2,14
4,479,1,1,5
4,479,1,2,14
4,479,2,1,5
4,479,2,2,14
4,479,3,1,5
4,479,3,2,14
4,479,4,1,5
4,479,4,2,14
4,479,5,1,5
4,479,5,2,14
4,479,6,1,5
4,479,6,2,14
4,480,1,1,11
4,481,1,1,11
4,482,1,1,11
4,483,1,1,17
4,483,1,2,15
4,484,1,1,3
4,484,1,2,15
4,485,1,1,2
4,485,1,2,17
4,486,1,1,1
4,487,1,1,14
4,487,1,2,15
4,487,2,1,14
4,487,2,2,15
4,488,1,1,11
4,489,1,1,3
4,490,1,1,3
4,491,1,1,16
4,492,1,1,4
4,492,2,1,4
4,492,2,2,10
4,493,1,1,1
4,493,2,1,2
4,493,3,1,3
4,493,4,1,4
4,493,5,1,5
4,493,6,1,6
4,493,7,1,7
4,493,8,1,8
4,493,9,1,9
4,493,10,1,10
4,493,11,1,11
4,493,12,1,12
4,493,13,1,13
4,493,14,1,14
4,493,15,1,15
4,493,16,1,16
4,493,17,1,17
5,1,1,1,4
5,1,1,2,8
5,2,1,1,4
5,2,1,2,8
5,3,1,1,4
5,3,1,2,8
5,4,1,1,2
5,5,1,1,2
5,6,1,1,2
5,6,1,2,10
5,7,1,1,3
5,8,1,1,3
5,9,1,1,3
5,10,1,1,12
5,11,1,1,12
5,12,1,1,12
5,12,1,2,10
5,13,1,1,12
5,13,1,2,8
5,14,1,1,12
5,14,1,2,8
5,15,1,1,12
5,15,1,2,8
5,16,1,1,1
5,16,1,2,10
5,17,1,1,1
5,17,1,2,10
5,18,1,1,1
5,18,1,2,10
5,19,1,1,1
5,20,1,1,1
5,21,1,1,1
5,21,1,2,10
5,22,1,1,1
5,22,1,2,10
5,23,1,1,8
5,24,1,1,8
5,25,1,1,5
5,26,1,1,5
5,27,1,1,9
5,28,1,1,9
5,29,1,1,8
5,30,1,1,8
5,31,1,1,8
5,31,1,2,9
5,32,1,1,8
5,33,1,1,8
5,34,1,1,8
5,34,1,2,9
5,35,1,1,1
5,36,1,1,1
5,37,1,1,2
5,38,1,1,2
5,39,1,1,1
5,40,1,1,1
5,41,1,1,8
5,41,1,2,10
5,42,1,1,8
5,42,1,2,10
5,43,1,1,4
5,43,1,2,8
5,44,1,1,4
5,44,1,2,8
5,45,1,1,4
5,45,1,2,8
5,46,1,1,12
5,46,1,2,4
5,47,1,1,12
5,47,1,2,4
5,48,1,1,12
5,48,1,2,8
5,49,1,1,12
5,49,1,2,8
5,50,1,1,9
5,51,1,1,9
5,52,1,1,1
5,53,1,1,1
5,54,1,1,3
5,55,1,1,3
5,56,1,1,7
5,57,1,1,7
5,58,1,1,2
5,59,1,1,2
5,60,1,1,3
5,61,1,1,3
5,62,1,1,3
5,62,1,2,7
5,63,1,1,11
5,64,1,1,11
5,65,1,1,11
5,66,1,1,7
5,67,1,1,7
5,68,1,1,7
5,69,1,1,4
5,69,1,2,8
5,70,1,1,4
5,70,1,2,8
5,71,1,1,4
5,71,1,2,8
5,72,1,1,3
5,72,1,2,8
5,73,1,1,3
5,73,1,2,8
5,74,1,1,13
5,74,1,2,9
5,75,1,1,13
5,75,1,2,9
5,76,1,1,13
5,76,1,2,9
5,77,1,1,2
5,78,1,1,2
5,79,1,1,3
5,79,1,2,11
5,80,1,1,3
5,80,1,2,11
5,81,1,1,5
5,81,1,2,17
5,82,1,1,5
5,82,1,2,17
5,83,1,1,1
5,83,1,2,10
5,84,1,1,1
5,84,1,2,10
5,85,1,1,1
5,85,1,2,10
5,86,1,1,3
5,87,1,1,3
5,87,1,2,6
5,88,1,1,8
5,89,1,1,8
5,90,1,1,3
5,91,1,1,3
5,91,1,2,6
5,92,1,1,14
5,92,1,2,8
5,93,1,1,14
5,93,1,2,8
5,94,1,1,14
5,94,1,2,8
5,95,1,1,13
5,95,1,2,9
5,96,1,1,11
5,97,1,1,11
5,98,1,1,3
5,99,1,1,3
5,100,1,1,5
5,101,1,1,5
5,102,1,1,4
5,102,1,2,11
5,103,1,1,4
5,103,1,2,11
5,104,1,1,9
5,105,1,1,9
5,106,1,1,7
5,107,1,1,7
5,108,1,1,1
5,109,1,1,8
5,110,1,1,8
5,111,1,1,9
5,111,1,2,13
5,112,1,1,9
5,112,1,2,13
5,113,1,1,1
5,114,1,1,4
5,115,1,1,1
5,116,1,1,3
5,117,1,1,3
5,118,1,1,3
5,119,1,1,3
5,120,1,1,3
5,121,1,1,3
5,121,1,2,11
5,122,1,1,11
5,123,1,1,12
5,123,1,2,10
5,124,1,1,6
5,124,1,2,11
5,125,1,1,5
5,126,1,1,2
5,127,1,1,12
5,128,1,1,1
5,129,1,1,3
5,130,1,1,3
5,130,1,2,10
5,131,1,1,3
5,131,1,2,6
5,132,1,1,1
5,133,1,1,1
5,134,1,1,3
5,135,1,1,5
5,136,1,1,2
5,137,1,1,1
5,138,1,1,13
5,138,1,2,3
5,139,1,1,13
5,139,1,2,3
5,140,1,1,13
5,140,1,2,3
5,141,1,1,13
5,141,1,2,3
5,142,1,1,13
5,142,1,2,10
5,143,1,1,1
5,144,1,1,6
5,144,1,2,10
5,145,1,1,5
5,145,1,2,10
5,146,1,1,2
5,146,1,2,10
5,147,1,1,15
5,148,1,1,15
5,149,1,1,15
5,149,1,2,10
5,150,1,1,11
5,151,1,1,11
5,152,1,1,4
5,153,1,1,4
5,154,1,1,4
5,155,1,1,2
5,156,1,1,2
5,157,1,1,2
5,158,1,1,3
5,159,1,1,3
5,160,1,1,3
5,161,1,1,1
5,162,1,1,1
5,163,1,1,1
5,163,1,2,10
5,164,1,1,1
5,164,1,2,10
5,165,1,1,12
5,165,1,2,10
5,166,1,1,12
5,166,1,2,10
5,167,1,1,12
5,167,1,2,8
5,168,1,1,12
5,168,1,2,8
5,169,1,1,8
5,169,1,2,10
5,170,1,1,3
5,170,1,2,5
5,171,1,1,3
5,171,1,2,5
5,172,1,1,5
5,173,1,1,1
5,174,1,1,1
5,175,1,1,1
5,176,1,1,1
5,176,1,2,10
5,177,1,1,11
5,177,1,2,10
5,178,1,1,11
5,178,1,2,10
5,179,1,1,5
5,180,1,1,5
5,181,1,1,5
5,182,1,1,4
5,183,1,1,3
5,184,1,1,3
5,185,1,1,13
5,186,1,1,3
5,187,1,1,4
5,187,1,2,10
5,188,1,1,4
5,188,1,2,10
5,189,1,1,4
5,189,1,2,10
5,190,1,1,1
5,191,1,1,4
5,192,1,1,4
5,193,1,1,12
5,193,1,2,10
5,194,1,1,3
5,194,1,2,9
5,195,1,1,3
5,195,1,2,9
5,196,1,1,11
5,197,1,1,16
5,198,1,1,16
5,198,1,2,10
5,199,1,1,3
5,199,1,2,11
5,200,1,1,14
5,201,1,1,11
5,201,2,1,11
5,201,3,1,11
5,201,4,1,11
5,201,5,1,11
5,201,6,1,11
5,201,7,1,11
5,201,8,1,11
5,201,9,1,11
5,201,10,1,11
5,201,11,1,11
5,201,12,1,11
5,201,13,1,11
5,201,14,1,11
5,201,15,1,11
5,201,16,1,11
5,201,17,1,11
5,201,18,1,11
5,201,19,1,11
5,201,20,1,11
5,201,21,1,11
5,201,22,1,11
5,201,23,1,11
5,201,24,1,11
5,201,25,1,11
5,201,26,1,11
5,201,27,1,11
5,201,28,1,11
5,202,1,1,11
5,203,1,1,1
5,203,1,2,11
5,204,1,1,12
5,205,1,1,12
5,205,1,2,17
5,206,1,1,1
5,207,1,1,9
5,207,1,2,10
5,208,1,1,17
5,208,1,2,9
5,209,1,1,1
5,210,1,1,1
5,211,1,1,3
5,211,1,2,8
5,212,1,1,12
5,212,1,2,17
5,213,1,1,12
5,213,1,2,13
5,214,1,1,12
5,214,1,2,7
5,215,1,1,16
5,215,1,2,6
5,216,1,1,1
5,217,1,1,1
5,218,1,1,2
5,219,1,1,2
5,219,1,2,13
5,220,1,1,6
5,220,1,2,9
5,221,1,1,6
5,221,1,2,9
5,222,1,1,3
5,222,1,2,13
5,223,1,1,3
5,224,1,1,3
5,225,1,1,6
5,225,1,2,10
5,226,1,1,3
5,226,1,2,10
5,227,1,1,17
5,227,1,2,10
5,228,1,1,16
5,228,1,2,2
5,229,1,1,16
5,229,1,2,2
5,230,1,1,3
5,230,1,2,15
5,231,1,1,9
5,232,1,1,9
5,233,1,1,1
5,234,1,1,1
5,235,1,1,1
5,236,1,1,7
5,237,1,1,7
5,238,1,1,6
5,238,1,2,11
5,239,1,1,5
5,240,1,1,2
5,241,1,1,1
5,242,1,1,1
5,243,1,1,5
5,244,1,1,2
5,245,1,1,3
5,246,1,1,13
5,246,1,2,9
5,247,1,1,13
5,247,1,2,9
5,248,1,1,13
5,248,1,2,16
5,249,1,1,11
5,249,1,2,10
5,250,1,1,2
5,250,1,2,10
5,251,1,1,11
5,251,1,2,4
5,252,1,1,4
5,253,1,1,4
5,254,1,1,4
5,255,1,1,2
5,256,1,1,2
5,256,1,2,7
5,257,1,1,2
5,257,1,2,7
5,258,1,1,3
5,259,1,1,3
5,259,1,2,9
5,260,1,1,3
5,260,1,2,9
5,261,1,1,16
5,262,1,1,16
5,263,1,1,1
5,264,1,1,1
5,265,1,1,12
5,266,1,1,12
5,267,1,1,12
5,267,1,2,10
5,268,1,1,12
5,269,1,1,12
5,269,1,2,8
5,270,1,1,3
5,270,1,2,4
5,271,1,1,3
5,271,1,2,4
5,272,1,1,3
5,272,1,2,4
5,273,1,1,4
5,274,1,1,4
5,274,1,2,16
5,275,1,1,4
5,275,1,2,16
5,276,1,1,1
5,276,1,2,10
5,277,1,1,1
5,277,1,2,10
5,278,1,1,3
5,278,1,2,10
5,279,1,1,3
5,279,1,2,10
5,280,1,1,11
5,281,1,1,11
5,282,1,1,11
5,283,1,1,12
5,283,1,2,3
5,284,1,1,12
5,284,1,2,10
5,285,1,1,4
5,286,1,1,4
5,286,1,2,7
5,287,1,1,1
5,288,1,1,1
5,289,1,1,1
5,290,1,1,12
5,290,1,2,9
5,291,1,1,12
5,291,1,2,10
5,292,1,1,12
5,292,1,2,14
5,293,1,1,1
5,294,1,1,1
5,295,1,1,1
5,296,1,1,7
5,297,1,1,7
5,298,1,1,1
5,299,1,1,13
5,300,1,1,1
5,301,1,1,1
5,302,1,1,16
5,302,1,2,14
5,303,1,1,17
5,304,1,1,17
5,304,1,2,13
5,305,1,1,17
5,305,1,2,13
5,306,1,1,17
5,306,1,2,13
5,307,1,1,7
5,307,1,2,11
5,308,1,1,7
5,308,1,2,11
5,309,1,1,5
5,310,1,1,5
5,311,1,1,5
5,312,1,1,5
5,313,1,1,12
5,314,1,1,12
5,315,1,1,4
5,315,1,2,8
5,316,1,1,8
5,317,1,1,8
5,318,1,1,3
5,318,1,2,16
5,319,1,1,3
5,319,1,2,16
5,320,1,1,3
5,321,1,1,3
5,322,1,1,2
5,322,1,2,9
5,323,1,1,2
5,323,1,2,9
5,324,1,1,2
5,325,1,1,11
5,326,1,1,11
5,327,1,1,1
5,328,1,1,9
5,329,1,1,9
5,329,1,2,15
5,330,1,1,9
5,330,1,2,15
5,331,1,1,4
5,332,1,1,4
5,332,1,2,16
5,333,1,1,1
5,333,1,2,10
5,334,1,1,15
5,334,1,2,10
5,335,1,1,1
5,336,1,1,8
5,337,1,1,13
5,337,1,2,11
5,338,1,1,13
5,338,1,2,11
5,339,1,1,3
5,339,1,2,9
5,340,1,1,3
5,340,1,2,9
5,341,1,1,3
5,342,1,1,3
5,342,1,2,16
5,343,1,1,9
5,343,1,2,11
5,344,1,1,9
5,344,1,2,11
5,345,1,1,13
5,345,1,2,4
5,346,1,1,13
5,346,1,2,4
5,347,1,1,13
5,347,1,2,12
5,348,1,1,13
5,348,1,2,12
5,349,1,1,3
5,350,1,1,3
5,351,1,1,1
5,351,2,1,2
5,351,3,1,3
5,351,4,1,6
5,352,1,1,1
5,353,1,1,14
5,354,1,1,14
5,355,1,1,14
5,356,1,1,14
5,357,1,1,4
5,357,1,2,10
5,358,1,1,11
5,359,1,1,16
5,360,1,1,11
5,361,1,1,6
5,362,1,1,6
5,363,1,1,6
5,363,1,2,3
5,364,1,1,6
5,364,1,2,3
5,365,1,1,6
5,365,1,2,3
5,366,1,1,3
5,367,1,1,3
5,368,1,1,3
5,369,1,1,3
5,369,1,2,13
5,370,1,1,3
5,371,1,1,15
5,372,1,1,15
5,373,1,1,15
5,373,1,2,10
5,374,1,1,17
5,374,1,2,11
5,375,1,1,17
5,375,1,2,11
5,376,1,1,17
5,376,1,2,11
5,377,1,1,13
5,378,1,1,6
5,379,1,1,17
5,380,1,1,15
5,380,1,2,11
5,381,1,1,15
5,381,1,2,11
5,382,1,1,3
5,383,1,1,9
5,384,1,1,15
5,384,1,2,10
5,385,1,1,17
5,385,1,2,11
5,386,1,1,11
5,386,2,1,11
5,386,3,1,11
5,386,4,1,11
5,387,1,1,4
5,388,1,1,4
5,389,1,1,4
5,389,1,2,9
5,390,1,1,2
5,391,1,1,2
5,391,1,2,7
5,392,1,1,2
5,392,1,2,7
5,393,1,1,3
5,394,1,1,3
5,395,1,1,3
5,395,1,2,17
5,396,1,1,1
5,396,1,2,10
5,397,1,1,1
5,397,1,2,10
5,398,1,1,1
5,398,1,2,10
5,399,1,1,1
5,400,1,1,1
5,400,1,2,3
5,401,1,1,12
5,402,1,1,12
5,403,1,1,5
5,404,1,1,5
5,405,1,1,5
5,406,1,1,4
5,406,1,2,8
5,407,1,1,4
5,407,1,2,8
5,408,1,1,13
5,409,1,1,13
5,410,1,1,13
5,410,1,2,17
5,411,1,1,13
5,411,1,2,17
5,412,1,1,12
5,412,2,1,12
5,412,3,1,12
5,413,1,1,12
5,413,1,2,4
5,413,2,1,12
5,413,2,2,9
5,413,3,1,12
5,413,3,2,17
5,414,1,1,12
5,414,1,2,10
5,415,1,1,12
5,415,1,2,10
5,416,1,1,12
5,416,1,2,10
5,417,1,1,5
5,418,1,1,3
5,419,1,1,3
5,420,1,1,4
5,421,1,1,4
5,421,2,1,4
5,422,1,1,3
5,422,2,1,3
5,423,1,1,3
5,423,1,2,9
5,423,2,1,3
5,423,2,2,9
5,424,1,1,1
5,425,1,1,14
5,425,1,2,10
5,426,1,1,14
5,426,1,2,10
5,427,1,1,1
5,428,1,1,1
5,429,1,1,14
5,430,1,1,16
5,430,1,2,10
5,431,1,1,1
5,432,1,1,1
5,433,1,1,11
5,434,1,1,8
5,434,1,2,16
5,435,1,1,8
5,435,1,2,16
5,436,1,1,17
5,436,1,2,11
5,437,1,1,17
5,437,1,2,11
5,438,1,1,13
5,439,1,1,11
5,440,1,1,1
5,441,1,1,1
5,441,1,2,10
5,442,1,1,14
5,442,1,2,16
5,443,1,1,15
5,443,1,2,9
5,444,1,1,15
5,444,1,2,9
5,445,1,1,15
5,445,1,2,9
5,446,1,1,1
5,447,1,1,7
5,448,1,1,7
5,448,1,2,17
5,449,1,1,9
5,450,1,1,9
5,451,1,1,8
5,451,1,2,12
5,452,1,1,8
5,452,1,2,16
5,453,1,1,8
5,453,1,2,7
5,454,1,1,8
5,454,1,2,7
5,455,1,1,4
5,456,1,1,3
5,457,1,1,3
5,458,1,1,3
5,458,1,2,10
5,459,1,1,4
5,459,1,2,6
5,460,1,1,4
5,460,1,2,6
5,461,1,1,16
5,461,1,2,6
5,462,1,1,5
5,462,1,2,17
5,463,1,1,1
5,464,1,1,9
5,464,1,2,13
5,465,1,1,4
5,466,1,1,5
5,467,1,1,2
5,468,1,1,1
5,468,1,2,10
5,469,1,1,12
5,469,1,2,10
5,470,1,1,4
5,471,1,1,6
5,472,1,1,9
5,472,1,2,10
5,473,1,1,6
5,473,1,2,9
5,474,1,1,1
5,475,1,1,11
5,475,1,2,7
5,476,1,1,13
5,476,1,2,17
5,477,1,1,14
5,478,1,1,6
5,478,1,2,14
5,479,1,1,5
5,479,1,2,14
5,479,2,1,5
5,479,2,2,2
5,479,3,1,5
5,479,3,2,3
5,479,4,1,5
5,479,4,2,6
5,479,5,1,5
5,479,5,2,10
5,479,6,1,5
5,479,6,2,4
5,480,1,1,11
5,481,1,1,11
5,482,1,1,11
5,483,1,1,17
5,483,1,2,15
5,484,1,1,3
5,484,1,2,15
5,485,1,1,2
5,485,1,2,17
5,486,1,1,1
5,487,1,1,14
5,487,1,2,15
5,487,2,1,14
5,487,2,2,15
5,488,1,1,11
5,489,1,1,3
5,490,1,1,3
5,491,1,1,16
5,492,1,1,4
5,492,2,1,4
5,492,2,2,10
5,493,1,1,1
5,493,2,1,2
5,493,3,1,3
5,493,4,1,4
5,493,5,1,5
5,493,6,1,6
5,493,7,1,7
5,493,8,1,8
5,493,9,1,9
5,493,10,1,10
5,493,11,1,11
5,493,12,1,12
5,493,13,1,13
5,493,14,1,14
5,493,15,1,15
5,493,16,1,16
5,493,17,1,17
5,494,1,1,11
5,494,1,2,2
5,495,1,1,4
5,496,1,1,4
5,497,1,1,4
5,498,1,1,2
5,499,1,1,2
5,499,1,2,7
5,500,1,1,2
5,500,1,2,7
5,501,1,1,3
5,502,1,1,3
5,503,1,1,3
5,504,1,1,1
5,505,1,1,1
5,506,1,1,1
5,507,1,1,1
5,508,1,1,1
5,509,1,1,16
5,510,1,1,16
5,511,1,1,4
5,512,1,1,4
5,513,1,1,2
5,514,1,1,2
5,515,1,1,3
5,516,1,1,3
5,517,1,1,11
5,518,1,1,11
5,519,1,1,1
5,519,1,2,10
5,520,1,1,1
5,520,1,2,10
5,521,1,1,1
5,521,1,2,10
5,522,1,1,5
5,523,1,1,5
5,524,1,1,13
5,525,1,1,13
5,526,1,1,13
5,527,1,1,11
5,527,1,2,10
5,528,1,1,11
5,528,1,2,10
5,529,1,1,9
5,530,1,1,9
5,530,1,2,17
5,531,1,1,1
5,532,1,1,7
5,533,1,1,7
5,534,1,1,7
5,535,1,1,3
5,536,1,1,3
5,536,1,2,9
5,537,1,1,3
5,537,1,2,9
5,538,1,1,7
5,539,1,1,7
5,540,1,1,12
5,540,1,2,4
5,541,1,1,12
5,541,1,2,4
5,542,1,1,12
5,542,1,2,4
5,543,1,1,12
5,543,1,2,8
5,544,1,1,12
5,544,1,2,8
5,545,1,1,12
5,545,1,2,8
5,546,1,1,4
5,547,1,1,4
5,548,1,1,4
5,549,1,1,4
5,550,1,1,3
5,550,2,1,3
5,551,1,1,9
5,551,1,2,16
5,552,1,1,9
5,552,1,2,16
5,553,1,1,9
5,553,1,2,16
5,554,1,1,2
5,555,1,1,2
5,555,2,1,2
5,555,2,2,11
5,556,1,1,4
5,557,1,1,12
5,557,1,2,13
5,558,1,1,12
5,558,1,2,13
5,559,1,1,16
5,559,1,2,7
5,560,1,1,16
5,560,1,2,7
5,561,1,1,11
5,561,1,2,10
5,562,1,1,14
5,563,1,1,14
5,564,1,1,3
5,564,1,2,13
5,565,1,1,3
5,565,1,2,13
5,566,1,1,13
5,566,1,2,10
5,567,1,1,13
5,567,1,2,10
5,568,1,1,8
5,569,1,1,8
5,570,1,1,16
5,571,1,1,16
5,572,1,1,1
5,573,1,1,1
5,574,1,1,11
5,575,1,1,11
5,576,1,1,11
5,577,1,1,11
5,578,1,1,11
5,579,1,1,11
5,580,1,1,3
5,580,1,2,10
5,581,1,1,3
5,581,1,2,10
5,582,1,1,6
5,583,1,1,6
5,584,1,1,6
5,585,1,1,1
5,585,1,2,4
5,585,2,1,1
5,585,2,2,4
5,585,3,1,1
5,585,3,2,4
5,585,4,1,1
5,585,4,2,4
5,586,1,1,1
5,586,1,2,4
5,586,2,1,1
5,586,2,2,4
5,586,3,1,1
5,586,3,2,4
5,586,4,1,1
5,586,4,2,4
5,587,1,1,5
5,587,1,2,10
5,588,1,1,12
5,589,1,1,12
5,589,1,2,17
5,590,1,1,4
5,590,1,2,8
5,591,1,1,4
5,591,1,2,8
5,592,1,1,3
5,592,1,2,14
5,593,1,1,3
5,593,1,2,14
5,594,1,1,3
5,595,1,1,12
5,595,1,2,5
5,596,1,1,12
5,596,1,2,5
5,597,1,1,4
5,597,1,2,17
5,598,1,1,4
5,598,1,2,17
5,599,1,1,17
5,600,1,1,17
5,601,1,1,17
5,602,1,1,5
5,603,1,1,5
5,604,1,1,5
5,605,1,1,11
5,606,1,1,11
5,607,1,1,14
5,607,1,2,2
5,608,1,1,14
5,608,1,2,2
5,609,1,1,14
5,609,1,2,2
5,610,1,1,15
5,611,1,1,15
5,612,1,1,15
5,613,1,1,6
5,614,1,1,6
5,615,1,1,6
5,616,1,1,12
5,617,1,1,12
5,618,1,1,9
5,618,1,2,5
5,619,1,1,7
5,620,1,1,7
5,621,1,1,15
5,622,1,1,9
5,622,1,2,14
5,623,1,1,9
5,623,1,2,14
5,624,1,1,16
5,624,1,2,17
5,625,1,1,16
5,625,1,2,17
5,626,1,1,1
5,627,1,1,1
5,627,1,2,10
5,628,1,1,1
5,628,1,2,10
5,629,1,1,16
5,629,1,2,10
5,630,1,1,16
5,630,1,2,10
5,631,1,1,2
5,632,1,1,12
5,632,1,2,17
5,633,1,1,16
5,633,1,2,15
5,634,1,1,16
5,634,1,2,15
5,635,1,1,16
5,635,1,2,15
5,636,1,1,12
5,636,1,2,2
5,637,1,1,12
5,637,1,2,2
5,638,1,1,17
5,638,1,2,7
5,639,1,1,13
5,639,1,2,7
5,640,1,1,4
5,640,1,2,7
5,641,1,1,10
5,641,2,1,10
5,642,1,1,5
5,642,1,2,10
5,642,2,1,5
5,642,2,2,10
5,643,1,1,15
5,643,1,2,2
5,644,1,1,15
5,644,1,2,5
5,645,1,1,9
5,645,1,2,10
5,645,2,1,9
5,645,2,2,10
5,646,1,1,15
5,646,1,2,6
5,646,2,1,15
5,646,2,2,6
5,646,3,1,15
5,646,3,2,6
5,647,1,1,3
5,647,1,2,7
5,647,2,1,3
5,647,2,2,7
5,648,1,1,1
5,648,1,2,11
5,648,2,1,1
5,648,2,2,7
5,649,1,1,12
5,649,1,2,17
5,649,2,1,12
5,649,2,2,17
5,649,3,1,12
5,649,3,2,17
5,649,4,1,12
5,649,4,2,17
5,649,5,1,12
5,649,5,2,17
6,1,1,1,4
6,1,1,2,8
6,2,1,1,4
6,2,1,2,8
6,3,1,1,4
6,3,1,2,8
6,3,2,1,4
6,3,2,2,8
6,4,1,1,2
6,5,1,1,2
6,6,1,1,2
6,6,1,2,10
6,6,2,1,2
6,6,2,2,15
6,6,3,1,2
6,6,3,2,10
6,7,1,1,3
6,8,1,1,3
6,9,1,1,3
6,9,2,1,3
6,10,1,1,12
6,11,1,1,12
6,12,1,1,12
6,12,1,2,10
6,13,1,1,12
6,13,1,2,8
6,14,1,1,12
6,14,1,2,8
6,15,1,1,12
6,15,1,2,8
6,15,2,1,12
6,15,2,2,8
6,16,1,1,1
6,16,1,2,10
6,17,1,1,1
6,17,1,2,10
6,18,1,1,1
6,18,1,2,10
6,18,2,1,1
6,18,2,2,10
6,19,1,1,1
6,20,1,1,1
6,21,1,1,1
6,21,1,2,10
6,22,1,1,1
6,22,1,2,10
6,23,1,1,8
6,24,1,1,8
6,25,1,1,5
6,25,2,1,5
6,25,3,1,5
6,25,4,1,5
6,25,5,1,5
6,25,6,1,5
6,25,7,1,5
6,26,1,1,5
6,27,1,1,9
6,28,1,1,9
6,29,1,1,8
6,30,1,1,8
6,31,1,1,8
6,31,1,2,9
6,32,1,1,8
6,33,1,1,8
6,34,1,1,8
6,34,1,2,9
6,35,1,1,18
6,36,1,1,18
6,37,1,1,2
6,38,1,1,2
6,39,1,1,1
6,39,1,2,18
6,40,1,1,1
6,40,1,2,18
6,41,1,1,8
6,41,1,2,10
6,42,1,1,8
6,42,1,2,10
6,43,1,1,4
6,43,1,2,8
6,44,1,1,4
6,44,1,2,8
6,45,1,1,4
6,45,1,2,8
6,46,1,1,12
6,46,1,2,4
6,47,1,1,12
6,47,1,2,4
6,48,1,1,12
6,48,1,2,8
6,49,1,1,12
6,49,1,2,8
6,50,1,1,9
6,51,1,1,9
6,52,1,1,1
6,53,1,1,1
6,54,1,1,3
6,55,1,1,3
6,56,1,1,7
6,57,1,1,7
6,58,1,1,2
6,59,1,1,2
6,60,1,1,3
6,61,1,1,3
6,62,1,1,3
6,62,1,2,7
6,63,1,1,11
6,64,1,1,11
6,65,1,1,11
6,65,2,1,11
6,66,1,1,7
6,67,1,1,7
6,68,1,1,7
6,69,1,1,4
6,69,1,2,8
6,70,1,1,4
6,70,1,2,8
6,71,1,1,4
6,71,1,2,8
6,72,1,1,3
6,72,1,2,8
6,73,1,1,3
6,73,1,2,8
6,74,1,1,13
6,74,1,2,9
6,75,1,1,13
6,75,1,2,9
6,76,1,1,13
6,76,1,2,9
6,77,1,1,2
6,78,1,1,2
6,79,1,1,3
6,79,1,2,11
6,80,1,1,3
6,80,1,2,11
6,80,2,1,3
6,80,2,2,11
6,81,1,1,5
6,81,1,2,17
6,82,1,1,5
6,82,1,2,17
6,83,1,1,1
6,83,1,2,10
6,84,1,1,1
6,84,1,2,10
6,85,1,1,1
6,85,1,2,10
6,86,1,1,3
6,87,1,1,3
6,87,1,2,6
6,88,1,1,8
6,89,1,1,8
6,90,1,1,3
6,91,1,1,3
6,91,1,2,6
6,92,1,1,14
6,92,1,2,8
6,93,1,1,14
6,93,1,2,8
6,94,1,1,14
6,94,1,2,8
6,94,2,1,14
6,94,2,2,8
6,95,1,1,13
6,95,1,2,9
6,96,1,1,11
6,97,1,1,11
6,98,1,1,3
6,99,1,1,3
6,100,1,1,5
6,101,1,1,5
6,102,1,1,4
6,102,1,2,11
6,103,1,1,4
6,103,1,2,11
6,104,1,1,9
6,105,1,1,9
6,106,1,1,7
6,107,1,1,7
6,108,1,1,1
6,109,1,1,8
6,110,1,1,8
6,111,1,1,9
6,111,1,2,13
6,112,1,1,9
6,112,1,2,13
6,113,1,1,1
6,114,1,1,4
6,115,1,1,1
6,115,2,1,1
6,116,1,1,3
6,117,1,1,3
6,118,1,1,3
6,119,1,1,3
6,120,1,1,3
6,121,1,1,3
6,121,1,2,11
6,122,1,1,11
6,122,1,2,18
6,123,1,1,12
6,123,1,2,10
6,124,1,1,6
6,124,1,2,11
6,125,1,1,5
6,126,1,1,2
6,127,1,1,12
6,127,2,1,12
6,127,2,2,10
6,128,1,1,1
6,129,1,1,3
6,130,1,1,3
6,130,1,2,10
6,130,2,1,3
6,130,2,2,16
6,131,1,1,3
6,131,1,2,6
6,132,1,1,1
6,133,1,1,1
6,134,1,1,3
6,135,1,1,5
6,136,1,1,2
6,137,1,1,1
6,138,1,1,13
6,138,1,2,3
6,139,1,1,13
6,139,1,2,3
6,140,1,1,13
6,140,1,2,3
6,141,1,1,13
6,141,1,2,3
6,142,1,1,13
6,142,1,2,10
6,142,2,1,13
6,142,2,2,10
6,143,1,1,1
6,144,1,1,6
6,144,1,2,10
6,145,1,1,5
6,145,1,2,10
6,146,1,1,2
6,146,1,2,10
6,147,1,1,15
6,148,1,1,15
6,149,1,1,15
6,149,1,2,10
6,150,1,1,11
6,150,2,1,11
6,150,2,2,7
6,150,3,1,11
6,151,1,1,11
6,152,1,1,4
6,153,1,1,4
6,154,1,1,4
6,155,1,1,2
6,156,1,1,2
6,157,1,1,2
6,158,1,1,3
6,159,1,1,3
6,160,1,1,3
6,161,1,1,1
6,162,1,1,1
6,163,1,1,1
6,163,1,2,10
6,164,1,1,1
6,164,1,2,10
6,165,1,1,12
6,165,1,2,10
6,166,1,1,12
6,166,1,2,10
6,167,1,1,12
6,167,1,2,8
6,168,1,1,12
6,168,1,2,8
6,169,1,1,8
6,169,1,2,10
6,170,1,1,3
6,170,1,2,5
6,171,1,1,3
6,171,1,2,5
6,172,1,1,5
6,173,1,1,18
6,174,1,1,1
6,174,1,2,18
6,175,1,1,18
6,176,1,1,18
6,176,1,2,10
6,177,1,1,11
6,177,1,2,10
6,178,1,1,11
6,178,1,2,10
6,179,1,1,5
6,180,1,1,5
6,181,1,1,5
6,181,2,1,5
6,181,2,2,15
6,182,1,1,4
6,183,1,1,3
6,183,1,2,18
6,184,1,1,3
6,184,1,2,18
6,185,1,1,13
6,186,1,1,3
6,187,1,1,4
6,187,1,2,10
6,188,1,1,4
6,188,1,2,10
6,189,1,1,4
6,189,1,2,10
6,190,1,1,1
6,191,1,1,4
6,192,1,1,4
6,193,1,1,12
6,193,1,2,10
6,194,1,1,3
6,194,1,2,9
6,195,1,1,3
6,195,1,2,9
6,196,1,1,11
6,197,1,1,16
6,198,1,1,16
6,198,1,2,10
6,199,1,1,3
6,199,1,2,11
6,200,1,1,14
6,201,1,1,11
6,201,2,1,11
6,201,3,1,11
6,201,4,1,11
6,201,5,1,11
6,201,6,1,11
6,201,7,1,11
6,201,8,1,11
6,201,9,1,11
6,201,10,1,11
6,201,11,1,11
6,201,12,1,11
6,201,13,1,11
6,201,14,1,11
6,201,15,1,11
6,201,16,1,11
6,201,17,1,11
6,201,18,1,11
6,201,19,1,11
6,201,20,1,11
6,201,21,1,11
6,201,22,1,11
6,201,23,1,11
6,201,24,1,11
6,201,25,1,11
6,201,26,1,11
6,201,27,1,11
6,201,28,1,11
6,202,1,1,11
6,203,1,1,1
6,203,1,2,11
6,204,1,1,12
6,205,1,1,12
6,205,1,2,17
6,206,1,1,1
6,207,1,1,9
6,207,1,2,10
6,208,1,1,17
6,208,1,2,9
6,208,2,1,17
6,208,2,2,9
6,209,1,1,18
6,210,1,1,18
6,211,1,1,3
6,211,1,2,8
6,212,1,1,12
6,212,1,2,17
6,212,2,1,12
6,212,2,2,17
6,213,1,1,12
6,213,1,2,13
6,214,1,1,12
6,214,1,2,7
6,214,2,1,12
6,214,2,2,7
6,215,1,1,16
6,215,1,2,6
6,216,1,1,1
6,217,1,1,1
6,218,1,1,2
6,219,1,1,2
6,219,1,2,13
6,220,1,1,6
6,220,1,2,9
6,221,1,1,6
6,221,1,2,9
6,222,1,1,3
6,222,1,2,13
6,223,1,1,3
6,224,1,1,3
6,225,1,1,6
6,225,1,2,10
6,226,1,1,3
6,226,1,2,10
6,227,1,1,17
6,227,1,2,10
6,228,1,1,16
6,228,1,2,2
6,229,1,1,16
6,229,1,2,2
6,229,2,1,16
6,229,2,2,2
6,230,1,1,3
6,230,1,2,15
6,231,1,1,9
6,232,1,1,9
6,233,1,1,1
6,234,1,1,1
6,235,1,1,1
6,236,1,1,7
6,237,1,1,7
6,238,1,1,6
6,238,1,2,11
6,239,1,1,5
6,240,1,1,2
6,241,1,1,1
6,242,1,1,1
6,243,1,1,5
6,244,1,1,2
6,245,1,1,3
6,246,1,1,13
6,246,1,2,9
6,247,1,1,13
6,247,1,2,9
6,248,1,1,13
6,248,1,2,16
6,248,2,1,13
6,248,2,2,16
6,249,1,1,11
6,249,1,2,10
6,250,1,1,2
6,250,1,2,10
6,251,1,1,11
6,251,1,2,4
6,252,1,1,4
6,253,1,1,4
6,254,1,1,4
6,254,2,1,4
6,254,2,2,15
6,255,1,1,2
6,256,1,1,2
6,256,1,2,7
6,257,1,1,2
6,257,1,2,7
6,257,2,1,2
6,257,2,2,7
6,258,1,1,3
6,259,1,1,3
6,259,1,2,9
6,260,1,1,3
6,260,1,2,9
6,260,2,1,3
6,260,2,2,9
6,261,1,1,16
6,262,1,1,16
6,263,1,1,1
6,264,1,1,1
6,265,1,1,12
6,266,1,1,12
6,267,1,1,12
6,267,1,2,10
6,268,1,1,12
6,269,1,1,12
6,269,1,2,8
6,270,1,1,3
6,270,1,2,4
6,271,1,1,3
6,271,1,2,4
6,272,1,1,3
6,272,1,2,4
6,273,1,1,4
6,274,1,1,4
6,274,1,2,16
6,275,1,1,4
6,275,1,2,16
6,276,1,1,1
6,276,1,2,10
6,277,1,1,1
6,277,1,2,10
6,278,1,1,3
6,278,1,2,10
6,279,1,1,3
6,279,1,2,10
6,280,1,1,11
6,280,1,2,18
6,281,1,1,11
6,281,1,2,18
6,282,1,1,11
6,282,1,2,18
6,282,2,1,11
6,282,2,2,18
6,283,1,1,12
6,283,1,2,3
6,284,1,1,12
6,284,1,2,10
6,285,1,1,4
6,286,1,1,4
6,286,1,2,7
6,287,1,1,1
6,288,1,1,1
6,289,1,1,1
6,290,1,1,12
6,290,1,2,9
6,291,1,1,12
6,291,1,2,10
6,292,1,1,12
6,292,1,2,14
6,293,1,1,1
6,294,1,1,1
6,295,1,1,1
6,296,1,1,7
6,297,1,1,7
6,298,1,1,1
6,298,1,2,18
6,299,1,1,13
6,300,1,1,1
6,301,1,1,1
6,302,1,1,16
6,302,1,2,14
6,302,2,1,16
6,302,2,2,14
6,303,1,1,17
6,303,1,2,18
6,303,2,1,17
6,303,2,2,18
6,304,1,1,17
6,304,1,2,13
6,305,1,1,17
6,305,1,2,13
6,306,1,1,17
6,306,1,2,13
6,306,2,1,17
6,307,1,1,7
6,307,1,2,11
6,308,1,1,7
6,308,1,2,11
6,308,2,1,7
6,308,2,2,11
6,309,1,1,5
6,310,1,1,5
6,310,2,1,5
6,311,1,1,5
6,312,1,1,5
6,313,1,1,12
6,314,1,1,12
6,315,1,1,4
6,315,1,2,8
6,316,1,1,8
6,317,1,1,8
6,318,1,1,3
6,318,1,2,16
6,319,1,1,3
6,319,1,2,16
6,319,2,1,3
6,319,2,2,16
6,320,1,1,3
6,321,1,1,3
6,322,1,1,2
6,322,1,2,9
6,323,1,1,2
6,323,1,2,9
6,323,2,1,2
6,323,2,2,9
6,324,1,1,2
6,325,1,1,11
6,326,1,1,11
6,327,1,1,1
6,328,1,1,9
6,329,1,1,9
6,329,1,2,15
6,330,1,1,9
6,330,1,2,15
6,331,1,1,4
6,332,1,1,4
6,332,1,2,16
6,333,1,1,1
6,333,1,2,10
6,334,1,1,15
6,334,1,2,10
6,334,2,1,15
6,334,2,2,18
6,335,1,1,1
6,336,1,1,8
6,337,1,1,13
6,337,1,2,11
6,338,1,1,13
6,338,1,2,11
6,339,1,1,3
6,339,1,2,9
6,340,1,1,3
6,340,1,2,9
6,341,1,1,3
6,342,1,1,3
6,342,1,2,16
6,343,1,1,9
6,343,1,2,11
6,344,1,1,9
6,344,1,2,11
6,345,1,1,13
6,345,1,2,4
6,346,1,1,13
6,346,1,2,4
6,347,1,1,13
6,347,1,2,12
6,348,1,1,13
6,348,1,2,12
6,349,1,1,3
6,350,1,1,3
6,351,1,1,1
6,351,2,1,2
6,351,3,1,3
6,351,4,1,6
6,352,1,1,1
6,353,1,1,14
6,354,1,1,14
6,354,2,1,14
6,355,1,1,14
6,356,1,1,14
6,357,1,1,4
6,357,1,2,10
6,358,1,1,11
6,359,1,1,16
6,359,2,1,16
6,360,1,1,11
6,361,1,1,6
6,362,1,1,6
6,362,2,1,6
6,363,1,1,6
6,363,1,2,3
6,364,1,1,6
6,364,1,2,3
6,365,1,1,6
6,365,1,2,3
6,366,1,1,3
6,367,1,1,3
6,368,1,1,3
6,369,1,1,3
6,369,1,2,13
6,370,1,1,3
6,371,1,1,15
6,372,1,1,15
6,373,1,1,15
6,373,1,2,10
6,373,2,1,15
6,373,2,2,10
6,374,1,1,17
6,374,1,2,11
6,375,1,1,17
6,375,1,2,11
6,376,1,1,17
6,376,1,2,11
6,376,2,1,17
6,376,2,2,11
6,377,1,1,13
6,378,1,1,6
6,379,1,1,17
6,380,1,1,15
6,380,1,2,11
6,380,2,1,15
6,380,2,2,11
6,381,1,1,15
6,381,1,2,11
6,381,2,1,15
6,381,2,2,11
6,382,1,1,3
6,382,2,1,3
6,383,1,1,9
6,383,2,1,9
6,383,2,2,2
6,384,1,1,15
6,384,1,2,10
6,384,2,1,15
6,384,2,2,10
6,385,1,1,17
6,385,1,2,11
6,386,1,1,11
6,386,2,1,11
6,386,3,1,11
6,386,4,1,11
6,387,1,1,4
6,388,1,1,4
6,389,1,1,4
6,389,1,2,9
6,390,1,1,2
6,391,1,1,2
6,391,1,2,7
6,392,1,1,2
6,392,1,2,7
6,393,1,1,3
6,394,1,1,3
6,395,1,1,3
6,395,1,2,17
6,396,1,1,1
6,396,1,2,10
6,397,1,1,1
6,397,1,2,10
6,398,1,1,1
6,398,1,2,10
6,399,1,1,1
6,400,1,1,1
6,400,1,2,3
6,401,1,1,12
6,402,1,1,12
6,403,1,1,5
6,404,1,1,5
6,405,1,1,5
6,406,1,1,4
6,406,1,2,8
6,407,1,1,4
6,407,1,2,8
6,408,1,1,13
6,409,1,1,13
6,410,1,1,13
6,410,1,2,17
6,411,1,1,13
6,411,1,2,17
6,412,1,1,12
6,412,2,1,12
6,412,3,1,12
6,413,1,1,12
6,413,1,2,4
6,413,2,1,12
6,413,2,2,9
6,413,3,1,12
6,413,3,2,17
6,414,1,1,12
6,414,1,2,10
6,415,1,1,12
6,415,1,2,10
6,416,1,1,12
6,416,1,2,10
6,417,1,1,5
6,418,1,1,3
6,419,1,1,3
6,420,1,1,4
6,421,1,1,4
6,421,2,1,4
6,422,1,1,3
6,422,2,1,3
6,423,1,1,3
6,423,1,2,9
6,423,2,1,3
6,423,2,2,9
6,424,1,1,1
6,425,1,1,14
6,425,1,2,10
6,426,1,1,14
6,426,1,2,10
6,427,1,1,1
6,428,1,1,1
6,428,2,1,1
6,428,2,2,7
6,429,1,1,14
6,430,1,1,16
6,430,1,2,10
6,431,1,1,1
6,432,1,1,1
6,433,1,1,11
6,434,1,1,8
6,434,1,2,16
6,435,1,1,8
6,435,1,2,16
6,436,1,1,17
6,436,1,2,11
6,437,1,1,17
6,437,1,2,11
6,438,1,1,13
6,439,1,1,11
6,439,1,2,18
6,440,1,1,1
6,441,1,1,1
6,441,1,2,10
6,442,1,1,14
6,442,1,2,16
6,443,1,1,15
6,443,1,2,9
6,444,1,1,15
6,444,1,2,9
6,445,1,1,15
6,445,1,2,9
6,445,2,1,15
6,445,2,2,9
6,446,1,1,1
6,447,1,1,7
6,448,1,1,7
6,448,1,2,17
6,448,2,1,7
6,448,2,2,17
6,449,1,1,9
6,450,1,1,9
6,451,1,1,8
6,451,1,2,12
6,452,1,1,8
6,452,1,2,16
6,453,1,1,8
6,453,1,2,7
6,454,1,1,8
6,454,1,2,7
6,455,1,1,4
6,456,1,1,3
6,457,1,1,3
6,458,1,1,3
6,458,1,2,10
6,459,1,1,4
6,459,1,2,6
6,460,1,1,4
6,460,1,2,6
6,460,2,1,4
6,460,2,2,6
6,461,1,1,16
6,461,1,2,6
6,462,1,1,5
6,462,1,2,17
6,463,1,1,1
6,464,1,1,9
6,464,1,2,13
6,465,1,1,4
6,466,1,1,5
6,467,1,1,2
6,468,1,1,18
6,468,1,2,10
6,469,1,1,12
6,469,1,2,10
6,470,1,1,4
6,471,1,1,6
6,472,1,1,9
6,472,1,2,10
6,473,1,1,6
6,473,1,2,9
6,474,1,1,1
6,475,1,1,11
6,475,1,2,7
6,475,2,1,11
6,475,2,2,7
6,476,1,1,13
6,476,1,2,17
6,477,1,1,14
6,478,1,1,6
6,478,1,2,14
6,479,1,1,5
6,479,1,2,14
6,479,2,1,5
6,479,2,2,2
6,479,3,1,5
6,479,3,2,3
6,479,4,1,5
6,479,4,2,6
6,479,5,1,5
6,479,5,2,10
6,479,6,1,5
6,479,6,2,4
6,480,1,1,11
6,481,1,1,11
6,482,1,1,11
6,483,1,1,17
6,483,1,2,15
6,484,1,1,3
6,484,1,2,15
6,485,1,1,2
6,485,1,2,17
6,486,1,1,1
6,487,1,1,14
6,487,1,2,15
6,487,2,1,14
6,487,2,2,15
6,488,1,1,11
6,489,1,1,3
6,490,1,1,3
6,491,1,1,16
6,492,1,1,4
6,492,2,1,4
6,492,2,2,10
6,493,1,1,1
6,493,2,1,2
6,493,3,1,3
6,493,4,1,4
6,493,5,1,5
6,493,6,1,6
6,493,7,1,7
6,493,8,1,8
6,493,9,1,9
6,493,10,1,10
6,493,11,1,11
6,493,12,1,12
6,493,13,1,13
6,493,14,1,14
6,493,15,1,15
6,493,16,1,16
6,493,17,1,17
6,493,18,1,18
6,494,1,1,11
6,494,1,2,2
6,495,1,1,4
6,496,1,1,4
6,497,1,1,4
6,498,1,1,2
6,499,1,1,2
6,499,1,2,7
6,500,1,1,2
6,500,1,2,7
6,501,1,1,3
6,502,1,1,3
6,503,1,1,3
6,504,1,1,1
6,505,1,1,1
6,506,1,1,1
6,507,1,1,1
6,508,1,1,1
6,509,1,1,16
6,510,1,1,16
6,511,1,1,4
6,512,1,1,4
6,513,1,1,2
6,514,1,1,2
6,515,1,1,3
6,516,1,1,3
6,517,1,1,11
6,518,1,1,11
6,519,1,1,1
6,519,1,2,10
6,520,1,1,1
6,520,1,2,10
6,521,1,1,1
6,521,1,2,10
6,522,1,1,5
6,523,1,1,5
6,524,1,1,13
6,525,1,1,13
6,526,1,1,13
6,527,1,1,11
6,527,1,2,10
6,528,1,1,11
6,528,1,2,10
6,529,1,1,9
6,530,1,1,9
6,530,1,2,17
6,531,1,1,1
6,531,2,1,1
6,531,2,2,18
6,532,1,1,7
6,533,1,1,7
6,534,1,1,7
6,535,1,1,3
6,536,1,1,3
6,536,1,2,9
6,537,1,1,3
6,537,1,2,9
6,538,1,1,7
6,539,1,1,7
6,540,1,1,12
6,540,1,2,4
6,541,1,1,12
6,541,1,2,4
6,542,1,1,12
6,542,1,2,4
6,543,1,1,12
6,543,1,2,8
6,544,1,1,12
6,544,1,2,8
6,545,1,1,12
6,545,1,2,8
6,546,1,1,4
6,546,1,2,18
6,547,1,1,4
6,547,1,2,18
6,548,1,1,4
6,549,1,1,4
6,550,1,1,3
6,550,2,1,3
6,551,1,1,9
6,551,1,2,16
6,552,1,1,9
6,552,1,2,16
6,553,1,1,9
6,553,1,2,16
6,554,1,1,2
6,555,1,1,2
6,555,2,1,2
6,555,2,2,11
6,556,1,1,4
6,557,1,1,12
6,557,1,2,13
6,558,1,1,12
6,558,1,2,13
6,559,1,1,16
6,559,1,2,7
6,560,1,1,16
6,560,1,2,7
6,561,1,1,11
6,561,1,2,10
6,562,1,1,14
6,563,1,1,14
6,564,1,1,3
6,564,1,2,13
6,565,1,1,3
6,565,1,2,13
6,566,1,1,13
6,566,1,2,10
6,567,1,1,13
6,567,1,2,10
6,568,1,1,8
6,569,1,1,8
6,570,1,1,16
6,571,1,1,16
6,572,1,1,1
6,573,1,1,1
6,574,1,1,11
6,575,1,1,11
6,576,1,1,11
6,577,1,1,11
6,578,1,1,11
6,579,1,1,11
6,580,1,1,3
6,580,1,2,10
6,581,1,1,3
6,581,1,2,10
6,582,1,1,6
6,583,1,1,6
6,584,1,1,6
6,585,1,1,1
6,585,1,2,4
6,585,2,1,1
6,585,2,2,4
6,585,3,1,1
6,585,3,2,4
6,585,4,1,1
6,585,4,2,4
6,586,1,1,1
6,586,1,2,4
6,586,2,1,1
6,586,2,2,4
6,586,3,1,1
6,586,3,2,4
6,586,4,1,1
6,586,4,2,4
6,587,1,1,5
6,587,1,2,10
6,588,1,1,12
6,589,1,1,12
6,589,1,2,17
6,590,1,1,4
6,590,1,2,8
6,591,1,1,4
6,591,1,2,8
6,592,1,1,3
6,592,1,2,14
6,593,1,1,3
6,593,1,2,14
6,594,1,1,3
6,595,1,1,12
6,595,1,2,5
6,596,1,1,12
6,596,1,2,5
6,597,1,1,4
6,597,1,2,17
6,598,1,1,4
6,598,1,2,17
6,599,1,1,17
6,600,1,1,17
6,601,1,1,17
6,602,1,1,5
6,603,1,1,5
6,604,1,1,5
6,605,1,1,11
6,606,1,1,11
6,607,1,1,14
6,607,1,2,2
6,608,1,1,14
6,608,1,2,2
6,609,1,1,14
6,609,1,2,2
6,610,1,1,15
6,611,1,1,15
6,612,1,1,15
6,613,1,1,6
6,614,1,1,6
6,615,1,1,6
6,616,1,1,12
6,617,1,1,12
6,618,1,1,9
6,618,1,2,5
6,619,1,1,7
6,620,1,1,7
6,621,1,1,15
6,622,1,1,9
6,622,1,2,14
6,623,1,1,9
6,623,1,2,14
6,624,1,1,16
6,624,1,2,17
6,625,1,1,16
6,625,1,2,17
6,626,1,1,1
6,627,1,1,1
6,627,1,2,10
6,628,1,1,1
6,628,1,2,10
6,629,1,1,16
6,629,1,2,10
6,630,1,1,16
6,630,1,2,10
6,631,1,1,2
6,632,1,1,12
6,632,1,2,17
6,633,1,1,16
6,633,1,2,15
6,634,1,1,16
6,634,1,2,15
6,635,1,1,16
6,635,1,2,15
6,636,1,1,12
6,636,1,2,2
6,637,1,1,12
6,637,1,2,2
6,638,1,1,17
6,638,1,2,7
6,639,1,1,13
6,639,1,2,7
6,640,1,1,4
6,640,1,2,7
6,641,1,1,10
6,641,2,1,10
6,642,1,1,5
6,642,1,2,10
6,642,2,1,5
6,642,2,2,10
6,643,1,1,15
6,643,1,2,2
6,644,1,1,15
6,644,1,2,5
6,645,1,1,9
6,645,1,2,10
6,645,2,1,9
6,645,2,2,10
6,646,1,1,15
6,646,1,2,6
6,646,2,1,15
6,646,2,2,6
6,646,3,1,15
6,646,3,2,6
6,647,1,1,3
6,647,1,2,7
6,647,2,1,3
6,647,2,2,7
6,648,1,1,1
6,648,1,2,11
6,648,2,1,1
6,648,2,2,7
6,649,1,1,12
6,649,1,2,17
6,649,2,1,12
6,649,2,2,17
6,649,3,1,12
6,649,3,2,17
6,649,4,1,12
6,649,4,2,17
6,649,5,1,12
6,649,5,2,17
6,650,1,1,4
6,651,1,1,4
6,652,1,1,4
6,652,1,2,7
6,653,1,1,2
6,654,1,1,2
6,655,1,1,2
6,655,1,2,11
6,656,1,1,3
6,657,1,1,3
6,658,1,1,3
6,658,1,2,16
6,659,1,1,1
6,660,1,1,1
6,660,1,2,9
6,661,1,1,1
6,661,1,2,10
6,662,1,1,2
6,662,1,2,10
6,663,1,1,2
6,663,1,2,10
6,664,1,1,12
6,665,1,1,12
6,666,1,1,12
6,666,1,2,10
6,666,2,1,12
6,666,2,2,10
6,666,3,1,12
6,666,3,2,10
6,666,4,1,12
6,666,4,2,10
6,666,5,1,12
6,666,5,2,10
6,666,6,1,12
6,666,6,2,10
6,666,7,1,12
6,666,7,2,10
6,666,8,1,12
6,666,8,2,10
6,666,9,1,12
6,666,9,2,10
6,666,10,1,12
6,666,10,2,10
6,666,11,1,12
6,666,11,2,10
6,666,12,1,12
6,666,12,2,10
6,666,13,1,12
6,666,13,2,10
6,666,14,1,12
6,666,14,2,10
6,666,15,1,12
6,666,15,2,10
6,666,16,1,12
6,666,16,2,10
6,666,17,1,12
6,666,17,2,10
6,666,18,1,12
6,666,18,2,10
6,666,19,1,12
6,666,19,2,10
6,666,20,1,12
6,666,20,2,10
6,667,1,1,2
6,667,1,2,1
6,668,1,1,2
6,668,1,2,1
6,669,1,1,18
6,669,2,1,18
6,669,3,1,18
6,669,4,1,18
6,669,5,1,18
6,670,1,1,18
6,670,2,1,18
6,670,3,1,18
6,670,4,1,18
6,670,5,1,18
6,670,6,1,18
6,671,1,1,18
6,671,2,1,18
6,671,3,1,18
6,671,4,1,18
6,671,5,1,18
6,672,1,1,4
6,673,1,1,4
6,674,1,1,7
6,675,1,1,7
6,675,1,2,16
6,676,1,1,1
6,676,2,1,1
6,676,3,1,1
6,676,4,1,1
6,676,5,1,1
6,676,6,1,1
6,676,7,1,1
6,676,8,1,1
6,676,9,1,1
6,676,10,1,1
6,677,1,1,11
6,678,1,1,11
6,678,2,1,11
6,679,1,1,17
6,679,1,2,14
6,680,1,1,17
6,680,1,2,14
6,681,1,1,17
6,681,1,2,14
6,681,2,1,17
6,681,2,2,14
6,682,1,1,18
6,683,1,1,18
6,684,1,1,18
6,685,1,1,18
6,686,1,1,16
6,686,1,2,11
6,687,1,1,16
6,687,1,2,11
6,688,1,1,13
6,688,1,2,3
6,689,1,1,13
6,689,1,2,3
6,690,1,1,8
6,690,1,2,3
6,691,1,1,8
6,691,1,2,15
6,692,1,1,3
6,693,1,1,3
6,694,1,1,5
6,694,1,2,1
6,695,1,1,5
6,695,1,2,1
6,696,1,1,13
6,696,1,2,15
6,697,1,1,13
6,697,1,2,15
6,698,1,1,13
6,698,1,2,6
6,699,1,1,13
6,699,1,2,6
6,700,1,1,18
6,701,1,1,7
6,701,1,2,10
6,702,1,1,5
6,702,1,2,18
6,703,1,1,13
6,703,1,2,18
6,704,1,1,15
6,705,1,1,15
6,706,1,1,15
6,707,1,1,17
6,707,1,2,18
6,708,1,1,14
6,708,1,2,4
6,709,1,1,14
6,709,1,2,4
6,710,1,1,14
6,710,1,2,4
6,710,2,1,14
6,710,2,2,4
6,710,3,1,14
6,710,3,2,4
6,710,4,1,14
6,710,4,2,4
6,711,1,1,14
6,711,1,2,4
6,711,2,1,14
6,711,2,2,4
6,711,3,1,14
6,711,3,2,4
6,711,4,1,14
6,711,4,2,4
6,712,1,1,6
6,713,1,1,6
6,714,1,1,10
6,714,1,2,15
6,715,1,1,10
6,715,1,2,15
6,716,1,1,18
6,716,2,1,18
6,717,1,1,16
6,717,1,2,10
6,718,2,1,15
6,718,2,2,9
6,719,1,1,13
6,719,1,2,18
6,719,2,1,13
6,719,2,2,18
6,720,1,1,11
6,720,1,2,14
6,720,2,1,11
6,720,2,2,16
6,721,1,1,2
6,721,1,2,3
7,1,1,1,4
7,1,1,2,8
7,2,1,1,4
7,2,1,2,8
7,3,1,1,4
7,3,1,2,8
7,3,2,1,4
7,3,2,2,8
7,4,1,1,2
7,5,1,1,2
7,6,1,1,2
7,6,1,2,10
7,6,2,1,2
7,6,2,2,15
7,6,3,1,2
7,6,3,2,10
7,7,1,1,3
7,8,1,1,3
7,9,1,1,3
7,9,2,1,3
7,10,1,1,12
7,11,1,1,12
7,12,1,1,12
7,12,1,2,10
7,13,1,1,12
7,13,1,2,8
7,14,1,1,12
7,14,1,2,8
7,15,1,1,12
7,15,1,2,8
7,15,2,1,12
7,15,2,2,8
7,16,1,1,1
7,16,1,2,10
7,17,1,1,1
7,17,1,2,10
7,18,1,1,1
7,18,1,2,10
7,18,2,1,1
7,18,2,2,10
7,19,1,1,1
7,19,2,1,16
7,19,2,2,1
7,20,1,1,1
7,20,2,1,16
7,20,2,2,1
7,21,1,1,1
7,21,1,2,10
7,22,1,1,1
7,22,1,2,10
7,23,1,1,8
7,24,1,1,8
7,25,1,1,5
7,25,8,1,5
7,25,9,1,5
7,25,10,1,5
7,25,11,1,5
7,25,12,1,5
7,25,13,1,5
7,26,1,1,5
7,26,2,1,5
7,26,2,2,11
7,27,1,1,9
7,27,2,1,6
7,27,2,2,17
7,28,1,1,9
7,28,2,1,6
7,28,2,2,17
7,29,1,1,8
7,30,1,1,8
7,31,1,1,8
7,31,1,2,9
7,32,1,1,8
7,33,1,1,8
7,34,1,1,8
7,34,1,2,9
7,35,1,1,18
7,36,1,1,18
7,37,1,1,2
7,37,2,1,6
7,38,1,1,2
7,38,2,1,6
7,38,2,2,18
7,39,1,1,1
7,39,1,2,18
7,40,1,1,1
7,40,1,2,18
7,41,1,1,8
7,41,1,2,10
7,42,1,1,8
7,42,1,2,10
7,43,1,1,4
7,43,1,2,8
7,44,1,1,4
7,44,1,2,8
7,45,1,1,4
7,45,1,2,8
7,46,1,1,12
7,46,1,2,4
7,47,1,1,12
7,47,1,2,4
7,48,1,1,12
7,48,1,2,8
7,49,1,1,12
7,49,1,2,8
7,50,1,1,9
7,50,2,1,9
7,50,2,2,17
7,51,1,1,9
7,51,2,1,9
7,51,2,2,17
7,52,1,1,1
7,52,2,1,16
7,53,1,1,1
7,53,2,1,16
7,54,1,1,3
7,55,1,1,3
7,56,1,1,7
7,57,1,1,7
7,58,1,1,2
7,59,1,1,2
7,60,1,1,3
7,61,1,1,3
7,62,1,1,3
7,62,1,2,7
7,63,1,1,11
7,64,1,1,11
7,65,1,1,11
7,65,2,1,11
7,66,1,1,7
7,67,1,1,7
7,68,1,1,7
7,69,1,1,4
7,69,1,2,8
7,70,1,1,4
7,70,1,2,8
7,71,1,1,4
7,71,1,2,8
7,72,1,1,3
7,72,1,2,8
7,73,1,1,3
7,73,1,2,8
7,74,1,1,13
7,74,1,2,9
7,74,2,1,13
7,74,2,2,5
7,75,1,1,13
7,75,1,2,9
7,75,2,1,13
7,75,2,2,5
7,76,1,1,13
7,76,1,2,9
7,76,2,1,13
7,76,2,2,5
7,77,1,1,2
7,78,1,1,2
7,79,1,1,3
7,79,1,2,11
7,80,1,1,3
7,80,1,2,11
7,80,2,1,3
7,80,2,2,11
7,81,1,1,5
7,81,1,2,17
7,82,1,1,5
7,82,1,2,17
7,83,1,1,1
7,83,1,2,10
7,84,1,1,1
7,84,1,2,10
7,85,1,1,1
7,85,1,2,10
7,86,1,1,3
7,87,1,1,3
7,87,1,2,6
7,88,1,1,8
7,88,2,1,8
7,88,2,2,16
7,89,1,1,8
7,89,2,1,8
7,89,2,2,16
7,90,1,1,3
7,91,1,1,3
7,91,1,2,6
7,92,1,1,14
7,92,1,2,8
7,93,1,1,14
7,93,1,2,8
7,94,1,1,14
7,94,1,2,8
7,94,2,1,14
7,94,2,2,8
7,95,1,1,13
7,95,1,2,9
7,96,1,1,11
7,97,1,1,11
7,98,1,1,3
7,99,1,1,3
7,100,1,1,5
7,101,1,1,5
7,102,1,1,4
7,102,1,2,11
7,103,1,1,4
7,103,1,2,11
7,103,2,1,4
7,103,2,2,15
7,104,1,1,9
7,105,1,1,9
7,105,2,1,2
7,105,2,2,14
7,106,1,1,7
7,107,1,1,7
7,108,1,1,1
7,109,1,1,8
7,110,1,1,8
7,111,1,1,9
7,111,1,2,13
7,112,1,1,9
7,112,1,2,13
7,113,1,1,1
7,114,1,1,4
7,115,1,1,1
7,115,2,1,1
7,116,1,1,3
7,117,1,1,3
7,118,1,1,3
7,119,1,1,3
7,120,1,1,3
7,121,1,1,3
7,121,1,2,11
7,122,1,1,11
7,122,1,2,18
7,123,1,1,12
7,123,1,2,10
7,124,1,1,6
7,124,1,2,11
7,125,1,1,5
7,126,1,1,2
7,127,1,1,12
7,127,2,1,12
7,127,2,2,10
7,128,1,1,1
7,129,1,1,3
7,130,1,1,3
7,130,1,2,10
7,130,2,1,3
7,130,2,2,16
7,131,1,1,3
7,131,1,2,6
7,132,1,1,1
7,133,1,1,1
7,134,1,1,3
7,135,1,1,5
7,136,1,1,2
7,137,1,1,1
7,138,1,1,13
7,138,1,2,3
7,139,1,1,13
7,139,1,2,3
7,140,1,1,13
7,140,1,2,3
7,141,1,1,13
7,141,1,2,3
7,142,1,1,13
7,142,1,2,10
7,142,2,1,13
7,142,2,2,10
7,143,1,1,1
7,144,1,1,6
7,144,1,2,10
7,145,1,1,5
7,145,1,2,10
7,146,1,1,2
7,146,1,2,10
7,147,1,1,15
7,148,1,1,15
7,149,1,1,15
7,149,1,2,10
7,150,1,1,11
7,150,2,1,11
7,150,2,2,7
7,150,3,1,11
7,151,1,1,11
7,152,1,1,4
7,153,1,1,4
7,154,1,1,4
7,155,1,1,2
7,156,1,1,2
7,157,1,1,2
7,158,1,1,3
7,159,1,1,3
7,160,1,1,3
7,161,1,1,1
7,162,1,1,1
7,163,1,1,1
7,163,1,2,10
7,164,1,1,1
7,164,1,2,10
7,165,1,1,12
7,165,1,2,10
7,166,1,1,12
7,166,1,2,10
7,167,1,1,12
7,167,1,2,8
7,168,1,1,12
7,168,1,2,8
7,169,1,1,8
7,169,1,2,10
7,170,1,1,3
7,170,1,2,5
7,171,1,1,3
7,171,1,2,5
7,172,1,1,5
7,173,1,1,18
7,174,1,1,1
7,174,1,2,18
7,175,1,1,18
7,176,1,1,18
7,176,1,2,10
7,177,1,1,11
7,177,1,2,10
7,178,1,1,11
7,178,1,2,10
7,179,1,1,5
7,180,1,1,5
7,181,1,1,5
7,181,2,1,5
7,181,2,2,15
7,182,1,1,4
7,183,1,1,3
7,183,1,2,18
7,184,1,1,3
7,184,1,2,18
7,185,1,1,13
7,186,1,1,3
7,187,1,1,4
7,187,1,2,10
7,188,1,1,4
7,188,1,2,10
7,189,1,1,4
7,189,1,2,10
7,190,1,1,1
7,191,1,1,4
7,192,1,1,4
7,193,1,1,12
7,193,1,2,10
7,194,1,1,3
7,194,1,2,9
7,195,1,1,3
7,195,1,2,9
7,196,1,1,11
7,197,1,1,16
7,198,1,1,16
7,198,1,2,10
7,199,1,1,3
7,199,1,2,11
7,200,1,1,14
7,201,1,1,11
7,201,2,1,11
7,201,3,1,11
7,201,4,1,11
7,201,5,1,11
7,201,6,1,11
7,201,7,1,11
7,201,8,1,11
7,201,9,1,11
7,201,10,1,11
7,201,11,1,11
7,201,12,1,11
7,201,13,1,11
7,201,14,1,11
7,201,15,1,11
7,201,16,1,11
7,201,17,1,11
7,201,18,1,11
7,201,19,1,11
7,201,20,1,11
7,201,21,1,11
7,201,22,1,11
7,201,23,1,11
7,201,24,1,11
7,201,25,1,11
7,201,26,1,11
7,201,27,1,11
7,201,28,1,11
7,202,1,1,11
7,203,1,1,1
7,203,1,2,11
7,204,1,1,12
7,205,1,1,12
7,205,1,2,17
7,206,1,1,1
7,207,1,1,9
7,207,1,2,10
7,208,1,1,17
7,208,1,2,9
7,208,2,1,17
7,208,2,2,9
7,209,1,1,18
7,210,1,1,18
7,211,1,1,3
7,211,1,2,8
7,212,1,1,12
7,212,1,2,17
7,212,2,1,12
7,212,2,2,17
7,213,1,1,12
7,213,1,2,13
7,214,1,1,12
7,214,1,2,7
7,214,2,1,12
7,214,2,2,7
7,215,1,1,16
7,215,1,2,6
7,216,1,1,1
7,217,1,1,1
7,218,1,1,2
7,219,1,1,2
7,219,1,2,13
7,220,1,1,6
7,220,1,2,9
7,221,1,1,6
7,221,1,2,9
7,222,1,1,3
7,222,1,2,13
7,223,1,1,3
7,224,1,1,3
7,225,1,1,6
7,225,1,2,10
7,226,1,1,3
7,226,1,2,10
7,227,1,1,17
7,227,1,2,10
7,228,1,1,16
7,228,1,2,2
7,229,1,1,16
7,229,1,2,2
7,229,2,1,16
7,229,2,2,2
7,230,1,1,3
7,230,1,2,15
7,231,1,1,9
7,232,1,1,9
7,233,1,1,1
7,234,1,1,1
7,235,1,1,1
7,236,1,1,7
7,237,1,1,7
7,238,1,1,6
7,238,1,2,11
7,239,1,1,5
7,240,1,1,2
7,241,1,1,1
7,242,1,1,1
7,243,1,1,5
7,244,1,1,2
7,245,1,1,3
7,246,1,1,13
7,246,1,2,9
7,247,1,1,13
7,247,1,2,9
7,248,1,1,13
7,248,1,2,16
7,248,2,1,13
7,248,2,2,16
7,249,1,1,11
7,249,1,2,10
7,250,1,1,2
7,250,1,2,10
7,251,1,1,11
7,251,1,2,4
7,252,1,1,4
7,253,1,1,4
7,254,1,1,4
7,254,2,1,4
7,254,2,2,15
7,255,1,1,2
7,256,1,1,2
7,256,1,2,7
7,257,1,1,2
7,257,1,2,7
7,257,2,1,2
7,257,2,2,7
7,258,1,1,3
7,259,1,1,3
7,259,1,2,9
7,260,1,1,3
7,260,1,2,9
7,260,2,1,3
7,260,2,2,9
7,261,1,1,16
7,262,1,1,16
7,263,1,1,1
7,264,1,1,1
7,265,1,1,12
7,266,1,1,12
7,267,1,1,12
7,267,1,2,10
7,268,1,1,12
7,269,1,1,12
7,269,1,2,8
7,270,1,1,3
7,270,1,2,4
7,271,1,1,3
7,271,1,2,4
7,272,1,1,3
7,272,1,2,4
7,273,1,1,4
7,274,1,1,4
7,274,1,2,16
7,275,1,1,4
7,275,1,2,16
7,276,1,1,1
7,276,1,2,10
7,277,1,1,1
7,277,1,2,10
7,278,1,1,3
7,278,1,2,10
7,279,1,1,3
7,279,1,2,10
7,280,1,1,11
7,280,1,2,18
7,281,1,1,11
7,281,1,2,18
7,282,1,1,11
7,282,1,2,18
7,282,2,1,11
7,282,2,2,18
7,283,1,1,12
7,283,1,2,3
7,284,1,1,12
7,284,1,2,10
7,285,1,1,4
7,286,1,1,4
7,286,1,2,7
7,287,1,1,1
7,288,1,1,1
7,289,1,1,1
7,290,1,1,12
7,290,1,2,9
7,291,1,1,12
7,291,1,2,10
7,292,1,1,12
7,292,1,2,14
7,293,1,1,1
7,294,1,1,1
7,295,1,1,1
7,296,1,1,7
7,297,1,1,7
7,298,1,1,1
7,298,1,2,18
7,299,1,1,13
7,300,1,1,1
7,301,1,1,1
7,302,1,1,16
7,302,1,2,14
7,302,2,1,16
7,302,2,2,14
7,303,1,1,17
7,303,1,2,18
7,303,2,1,17
7,303,2,2,18
7,304,1,1,17
7,304,1,2,13
7,305,1,1,17
7,305,1,2,13
7,306,1,1,17
7,306,1,2,13
7,306,2,1,17
7,307,1,1,7
7,307,1,2,11
7,308,1,1,7
7,308,1,2,11
7,308,2,1,7
7,308,2,2,11
7,309,1,1,5
7,310,1,1,5
7,310,2,1,5
7,311,1,1,5
7,312,1,1,5
7,313,1,1,12
7,314,1,1,12
7,315,1,1,4
7,315,1,2,8
7,316,1,1,8
7,317,1,1,8
7,318,1,1,3
7,318,1,2,16
7,319,1,1,3
7,319,1,2,16
7,319,2,1,3
7,319,2,2,16
7,320,1,1,3
7,321,1,1,3
7,322,1,1,2
7,322,1,2,9
7,323,1,1,2
7,323,1,2,9
7,323,2,1,2
7,323,2,2,9
7,324,1,1,2
7,325,1,1,11
7,326,1,1,11
7,327,1,1,1
7,328,1,1,9
7,329,1,1,9
7,329,1,2,15
7,330,1,1,9
7,330,1,2,15
7,331,1,1,4
7,332,1,1,4
7,332,1,2,16
7,333,1,1,1
7,333,1,2,10
7,334,1,1,15
7,334,1,2,10
7,334,2,1,15
7,334,2,2,18
7,335,1,1,1
7,336,1,1,8
7,337,1,1,13
7,337,1,2,11
7,338,1,1,13
7,338,1,2,11
7,339,1,1,3
7,339,1,2,9
7,340,1,1,3
7,340,1,2,9
7,341,1,1,3
7,342,1,1,3
7,342,1,2,16
7,343,1,1,9
7,343,1,2,11
7,344,1,1,9
7,344,1,2,11
7,345,1,1,13
7,345,1,2,4
7,346,1,1,13
7,346,1,2,4
7,347,1,1,13
7,347,1,2,12
7,348,1,1,13
7,348,1,2,12
7,349,1,1,3
7,350,1,1,3
7,351,1,1,1
7,351,2,1,2
7,351,3,1,3
7,351,4,1,6
7,352,1,1,1
7,353,1,1,14
7,354,1,1,14
7,354,2,1,14
7,355,1,1,14
7,356,1,1,14
7,357,1,1,4
7,357,1,2,10
7,358,1,1,11
7,359,1,1,16
7,359,2,1,16
7,360,1,1,11
7,361,1,1,6
7,362,1,1,6
7,362,2,1,6
7,363,1,1,6
7,363,1,2,3
7,364,1,1,6
7,364,1,2,3
7,365,1,1,6
7,365,1,2,3
7,366,1,1,3
7,367,1,1,3
7,368,1,1,3
7,369,1,1,3
7,369,1,2,13
7,370,1,1,3
7,371,1,1,15
7,372,1,1,15
7,373,1,1,15
7,373,1,2,10
7,373,2,1,15
7,373,2,2,10
7,374,1,1,17
7,374,1,2,11
7,375,1,1,17
7,375,1,2,11
7,376,1,1,17
7,376,1,2,11
7,376,2,1,17
7,376,2,2,11
7,377,1,1,13
7,378,1,1,6
7,379,1,1,17
7,380,1,1,15
7,380,1,2,11
7,380,2,1,15
7,380,2,2,11
7,381,1,1,15
7,381,1,2,11
7,381,2,1,15
7,381,2,2,11
7,382,1,1,3
7,382,2,1,3
7,383,1,1,9
7,383,2,1,9
7,383,2,2,2
7,384,1,1,15
7,384,1,2,10
7,384,2,1,15
7,384,2,2,10
7,385,1,1,17
7,385,1,2,11
7,386,1,1,11
7,386,2,1,11
7,386,3,1,11
7,386,4,1,11
7,387,1,1,4
7,388,1,1,4
7,389,1,1,4
7,389,1,2,9
7,390,1,1,2
7,391,1,1,2
7,391,1,2,7
7,392,1,1,2
7,392,1,2,7
7,393,1,1,3
7,394,1,1,3
7,395,1,1,3
7,395,1,2,17
7,396,1,1,1
7,396,1,2,10
7,397,1,1,1
7,397,1,2,10
7,398,1,1,1
7,398,1,2,10
7,399,1,1,1
7,400,1,1,1
7,400,1,2,3
7,401,1,1,12
7,402,1,1,12
7,403,1,1,5
7,404,1,1,5
7,405,1,1,5
7,406,1,1,4
7,406,1,2,8
7,407,1,1,4
7,407,1,2,8
7,408,1,1,13
7,409,1,1,13
7,410,1,1,13
7,410,1,2,17
7,411,1,1,13
7,411,1,2,17
7,412,1,1,12
7,412,2,1,12
7,412,3,1,12
7,413,1,1,12
7,413,1,2,4
7,413,2,1,12
7,413,2,2,9
7,413,3,1,12
7,413,3,2,17
7,414,1,1,12
7,414,1,2,10
7,415,1,1,12
7,415,1,2,10
7,416,1,1,12
7,416,1,2,10
7,417,1,1,5
7,418,1,1,3
7,419,1,1,3
7,420,1,1,4
7,421,1,1,4
7,421,2,1,4
7,422,1,1,3
7,422,2,1,3
7,423,1,1,3
7,423,1,2,9
7,423,2,1,3
7,423,2,2,9
7,424,1,1,1
7,425,1,1,14
7,425,1,2,10
7,426,1,1,14
7,426,1,2,10
7,427,1,1,1
7,428,1,1,1
7,428,2,1,1
7,428,2,2,7
7,429,1,1,14
7,430,1,1,16
7,430,1,2,10
7,431,1,1,1
7,432,1,1,1
7,433,1,1,11
7,434,1,1,8
7,434,1,2,16
7,435,1,1,8
7,435,1,2,16
7,436,1,1,17
7,436,1,2,11
7,437,1,1,17
7,437,1,2,11
7,438,1,1,13
7,439,1,1,11
7,439,1,2,18
7,440,1,1,1
7,441,1,1,1
7,441,1,2,10
7,442,1,1,14
7,442,1,2,16
7,443,1,1,15
7,443,1,2,9
7,444,1,1,15
7,444,1,2,9
7,445,1,1,15
7,445,1,2,9
7,445,2,1,15
7,445,2,2,9
7,446,1,1,1
7,447,1,1,7
7,448,1,1,7
7,448,1,2,17
7,448,2,1,7
7,448,2,2,17
7,449,1,1,9
7,450,1,1,9
7,451,1,1,8
7,451,1,2,12
7,452,1,1,8
7,452,1,2,16
7,453,1,1,8
7,453,1,2,7
7,454,1,1,8
7,454,1,2,7
7,455,1,1,4
7,456,1,1,3
7,457,1,1,3
7,458,1,1,3
7,458,1,2,10
7,459,1,1,4
7,459,1,2,6
7,460,1,1,4
7,460,1,2,6
7,460,2,1,4
7,460,2,2,6
7,461,1,1,16
7,461,1,2,6
7,462,1,1,5
7,462,1,2,17
7,463,1,1,1
7,464,1,1,9
7,464,1,2,13
7,465,1,1,4
7,466,1,1,5
7,467,1,1,2
7,468,1,1,18
7,468,1,2,10
7,469,1,1,12
7,469,1,2,10
7,470,1,1,4
7,471,1,1,6
7,472,1,1,9
7,472,1,2,10
7,473,1,1,6
7,473,1,2,9
7,474,1,1,1
7,475,1,1,11
7,475,1,2,7
7,475,2,1,11
7,475,2,2,7
7,476,1,1,13
7,476,1,2,17
7,477,1,1,14
7,478,1,1,6
7,478,1,2,14
7,479,1,1,5
7,479,1,2,14
7,479,2,1,5
7,479,2,2,2
7,479,3,1,5
7,479,3,2,3
7,479,4,1,5
7,479,4,2,6
7,479,5,1,5
7,479,5,2,10
7,479,6,1,5
7,479,6,2,4
7,480,1,1,11
7,481,1,1,11
7,482,1,1,11
7,483,1,1,17
7,483,1,2,15
7,484,1,1,3
7,484,1,2,15
7,485,1,1,2
7,485,1,2,17
7,486,1,1,1
7,487,1,1,14
7,487,1,2,15
7,487,2,1,14
7,487,2,2,15
7,488,1,1,11
7,489,1,1,3
7,490,1,1,3
7,491,1,1,16
7,492,1,1,4
7,492,2,1,4
7,492,2,2,10
7,493,1,1,1
7,493,2,1,2
7,493,3,1,3
7,493,4,1,4
7,493,5,1,5
7,493,6,1,6
7,493,7,1,7
7,493,8,1,8
7,493,9,1,9
7,493,10,1,10
7,493,11,1,11
7,493,12,1,12
7,493,13,1,13
7,493,14,1,14
7,493,15,1,15
7,493,16,1,16
7,493,17,1,17
7,493,18,1,18
7,494,1,1,11
7,494,1,2,2
7,495,1,1,4
7,496,1,1,4
7,497,1,1,4
7,498,1,1,2
7,499,1,1,2
7,499,1,2,7
7,500,1,1,2
7,500,1,2,7
7,501,1,1,3
7,502,1,1,3
7,503,1,1,3
7,504,1,1,1
7,505,1,1,1
7,506,1,1,1
7,507,1,1,1
7,508,1,1,1
7,509,1,1,16
7,510,1,1,16
7,511,1,1,4
7,512,1,1,4
7,513,1,1,2
7,514,1,1,2
7,515,1,1,3
7,516,1,1,3
7,517,1,1,11
7,518,1,1,11
7,519,1,1,1
7,519,1,2,10
7,520,1,1,1
7,520,1,2,10
7,521,1,1,1
7,521,1,2,10
7,522,1,1,5
7,523,1,1,5
7,524,1,1,13
7,525,1,1,13
7,526,1,1,13
7,527,1,1,11
7,527,1,2,10
7,528,1,1,11
7,528,1,2,10
7,529,1,1,9
7,530,1,1,9
7,530,1,2,17
7,531,1,1,1
7,531,2,1,1
7,531,2,2,18
7,532,1,1,7
7,533,1,1,7
7,534,1,1,7
7,535,1,1,3
7,536,1,1,3
7,536,1,2,9
7,537,1,1,3
7,537,1,2,9
7,538,1,1,7
7,539,1,1,7
7,540,1,1,12
7,540,1,2,4
7,541,1,1,12
7,541,1,2,4
7,542,1,1,12
7,542,1,2,4
7,543,1,1,12
7,543,1,2,8
7,544,1,1,12
7,544,1,2,8
7,545,1,1,12
7,545,1,2,8
7,546,1,1,4
7,546,1,2,18
7,547,1,1,4
7,547,1,2,18
7,548,1,1,4
7,549,1,1,4
7,550,1,1,3
7,550,2,1,3
7,551,1,1,9
7,551,1,2,16
7,552,1,1,9
7,552,1,2,16
7,553,1,1,9
7,553,1,2,16
7,554,1,1,2
7,555,1,1,2
7,555,2,1,2
7,555,2,2,11
7,556,1,1,4
7,557,1,1,12
7,557,1,2,13
7,558,1,1,12
7,558,1,2,13
7,559,1,1,16
7,559,1,2,7
7,560,1,1,16
7,560,1,2,7
7,561,1,1,11
7,561,1,2,10
7,562,1,1,14
7,563,1,1,14
7,564,1,1,3
7,564,1,2,13
7,565,1,1,3
7,565,1,2,13
7,566,1,1,13
7,566,1,2,10
7,567,1,1,13
7,567,1,2,10
7,568,1,1,8
7,569,1,1,8
7,570,1,1,16
7,571,1,1,16
7,572,1,1,1
7,573,1,1,1
7,574,1,1,11
7,575,1,1,11
7,576,1,1,11
7,577,1,1,11
7,578,1,1,11
7,579,1,1,11
7,580,1,1,3
7,580,1,2,10
7,581,1,1,3
7,581,1,2,10
7,582,1,1,6
7,583,1,1,6
7,584,1,1,6
7,585,1,1,1
7,585,1,2,4
7,585,2,1,1
7,585,2,2,4
7,585,3,1,1
7,585,3,2,4
7,585,4,1,1
7,585,4,2,4
7,586,1,1,1
7,586,1,2,4
7,586,2,1,1
7,586,2,2,4
7,586,3,1,1
7,586,3,2,4
7,586,4,1,1
7,586,4,2,4
7,587,1,1,5
7,587,1,2,10
7,588,1,1,12
7,589,1,1,12
7,589,1,2,17
7,590,1,1,4
7,590,1,2,8
7,591,1,1,4
7,591,1,2,8
7,592,1,1,3
7,592,1,2,14
7,593,1,1,3
7,593,1,2,14
7,594,1,1,3
7,595,1,1,12
7,595,1,2,5
7,596,1,1,12
7,596,1,2,5
7,597,1,1,4
7,597,1,2,17
7,598,1,1,4
7,598,1,2,17
7,599,1,1,17
7,600,1,1,17
7,601,1,1,17
7,602,1,1,5
7,603,1,1,5
7,604,1,1,5
7,605,1,1,11
7,606,1,1,11
7,607,1,1,14
7,607,1,2,2
7,608,1,1,14
7,608,1,2,2
7,609,1,1,14
7,609,1,2,2
7,610,1,1,15
7,611,1,1,15
7,612,1,1,15
7,613,1,1,6
7,614,1,1,6
7,615,1,1,6
7,616,1,1,12
7,617,1,1,12
7,618,1,1,9
7,618,1,2,5
7,619,1,1,7
7,620,1,1,7
7,621,1,1,15
7,622,1,1,9
7,622,1,2,14
7,623,1,1,9
7,623,1,2,14
7,624,1,1,16
7,624,1,2,17
7,625,1,1,16
7,625,1,2,17
7,626,1,1,1
7,627,1,1,1
7,627,1,2,10
7,628,1,1,1
7,628,1,2,10
7,629,1,1,16
7,629,1,2,10
7,630,1,1,16
7,630,1,2,10
7,631,1,1,2
7,632,1,1,12
7,632,1,2,17
7,633,1,1,16
7,633,1,2,15
7,634,1,1,16
7,634,1,2,15
7,635,1,1,16
7,635,1,2,15
7,636,1,1,12
7,636,1,2,2
7,637,1,1,12
7,637,1,2,2
7,638,1,1,17
7,638,1,2,7
7,639,1,1,13
7,639,1,2,7
7,640,1,1,4
7,640,1,2,7
7,641,1,1,10
7,641,2,1,10
7,642,1,1,5
7,642,1,2,10
7,642,2,1,5
7,642,2,2,10
7,643,1,1,15
7,643,1,2,2
7,644,1,1,15
7,644,1,2,5
7,645,1,1,9
7,645,1,2,10
7,645,2,1,9
7,645,2,2,10
7,646,1,1,15
7,646,1,2,6
7,646,2,1,15
7,646,2,2,6
7,646,3,1,15
7,646,3,2,6
7,647,1,1,3
7,647,1,2,7
7,647,2,1,3
7,647,2,2,7
7,648,1,1,1
7,648,1,2,11
7,648,2,1,1
7,648,2,2,7
7,649,1,1,12
7,649,1,2,17
7,649,2,1,12
7,649,2,2,17
7,649,3,1,12
7,649,3,2,17
7,649,4,1,12
7,649,4,2,17
7,649,5,1,12
7,649,5,2,17
7,650,1,1,4
7,651,1,1,4
7,652,1,1,4
7,652,1,2,7
7,653,1,1,2
7,654,1,1,2
7,655,1,1,2
7,655,1,2,11
7,656,1,1,3
7,657,1,1,3
7,658,1,1,3
7,658,1,2,16
7,658,2,1,3
7,658,2,2,16
7,659,1,1,1
7,660,1,1,1
7,660,1,2,9
7,661,1,1,1
7,661,1,2,10
7,662,1,1,2
7,662,1,2,10
7,663,1,1,2
7,663,1,2,10
7,664,1,1,12
7,665,1,1,12
7,666,1,1,12
7,666,1,2,10
7,666,2,1,12
7,666,2,2,10
7,666,3,1,12
7,666,3,2,10
7,666,4,1,12
7,666,4,2,10
7,666,5,1,12
7,666,5,2,10
7,666,6,1,12
7,666,6,2,10
7,666,7,1,12
7,666,7,2,10
7,666,8,1,12
7,666,8,2,10
7,666,9,1,12
7,666,9,2,10
7,666,10,1,12
7,666,10,2,10
7,666,11,1,12
7,666,11,2,10
7,666,12,1,12
7,666,12,2,10
7,666,13,1,12
7,666,13,2,10
7,666,14,1,12
7,666,14,2,10
7,666,15,1,12
7,666,15,2,10
7,666,16,1,12
7,666,16,2,10
7,666,17,1,12
7,666,17,2,10
7,666,18,1,12
7,666,18,2,10
7,666,19,1,12
7,666,19,2,10
7,666,20,1,12
7,666,20,2,10
7,667,1,1,2
7,667,1,2,1
7,668,1,1,2
7,668,1,2,1
7,669,1,1,18
7,669,2,1,18
7,669,3,1,18
7,669,4,1,18
7,669,5,1,18
7,670,1,1,18
7,670,2,1,18
7,670,3,1,18
7,670,4,1,18
7,670,5,1,18
7,670,6,1,18
7,671,1,1,18
7,671,2,1,18
7,671,3,1,18
7,671,4,1,18
7,671,5,1,18
7,672,1,1,4
7,673,1,1,4
7,674,1,1,7
7,675,1,1,7
7,675,1,2,16
7,676,1,1,1
7,676,2,1,1
7,676,3,1,1
7,676,4,1,1
7,676,5,1,1
7,676,6,1,1
7,676,7,1,1
7,676,8,1,1
7,676,9,1,1
7,676,10,1,1
7,677,1,1,11
7,678,1,1,11
7,678,2,1,11
7,679,1,1,17
7,679,1,2,14
7,680,1,1,17
7,680,1,2,14
7,681,1,1,17
7,681,1,2,14
7,681,2,1,17
7,681,2,2,14
7,682,1,1,18
7,683,1,1,18
7,684,1,1,18
7,685,1,1,18
7,686,1,1,16
7,686,1,2,11
7,687,1,1,16
7,687,1,2,11
7,688,1,1,13
7,688,1,2,3
7,689,1,1,13
7,689,1,2,3
7,690,1,1,8
7,690,1,2,3
7,691,1,1,8
7,691,1,2,15
7,692,1,1,3
7,693,1,1,3
7,694,1,1,5
7,694,1,2,1
7,695,1,1,5
7,695,1,2,1
7,696,1,1,13
7,696,1,2,15
7,697,1,1,13
7,697,1,2,15
7,698,1,1,13
7,698,1,2,6
7,699,1,1,13
7,699,1,2,6
7,700,1,1,18
7,701,1,1,7
7,701,1,2,10
7,702,1,1,5
7,702,1,2,18
7,703,1,1,13
7,703,1,2,18
7,704,1,1,15
7,705,1,1,15
7,706,1,1,15
7,707,1,1,17
7,707,1,2,18
7,708,1,1,14
7,708,1,2,4
7,709,1,1,14
7,709,1,2,4
7,710,1,1,14
7,710,1,2,4
7,710,2,1,14
7,710,2,2,4
7,710,3,1,14
7,710,3,2,4
7,710,4,1,14
7,710,4,2,4
7,711,1,1,14
7,711,1,2,4
7,711,2,1,14
7,711,2,2,4
7,711,3,1,14
7,711,3,2,4
7,711,4,1,14
7,711,4,2,4
7,712,1,1,6
7,713,1,1,6
7,714,1,1,10
7,714,1,2,15
7,715,1,1,10
7,715,1,2,15
7,716,1,1,18
7,716,2,1,18
7,717,1,1,16
7,717,1,2,10
7,718,1,1,15
7,718,1,2,9
7,718,2,1,15
7,718,2,2,9
7,718,3,1,15
7,718,3,2,9
7,719,1,1,13
7,719,1,2,18
7,719,2,1,13
7,719,2,2,18
7,720,1,1,11
7,720,1,2,14
7,720,2,1,11
7,720,2,2,16
7,721,1,1,2
7,721,1,2,3
7,722,1,1,4
7,722,1,2,10
7,723,1,1,4
7,723,1,2,10
7,724,1,1,4
7,724,1,2,14
7,725,1,1,2
7,726,1,1,2
7,727,1,1,2
7,727,1,2,16
7,728,1,1,3
7,729,1,1,3
7,730,1,1,3
7,730,1,2,18
7,731,1,1,1
7,731,1,2,10
7,732,1,1,1
7,732,1,2,10
7,733,1,1,1
7,733,1,2,10
7,734,1,1,1
7,735,1,1,1
7,736,1,1,12
7,737,1,1,12
7,737,1,2,5
7,738,1,1,12
7,738,1,2,5
7,739,1,1,7
7,740,1,1,7
7,740,1,2,6
7,741,1,1,2
7,741,1,2,10
7,741,2,1,5
7,741,2,2,10
7,741,3,1,11
7,741,3,2,10
7,741,4,1,14
7,741,4,2,10
7,742,1,1,12
7,742,1,2,18
7,743,1,1,12
7,743,1,2,18
7,744,1,1,13
7,745,1,1,13
7,745,2,1,13
7,746,1,1,3
7,746,2,1,3
7,747,1,1,8
7,747,1,2,3
7,748,1,1,8
7,748,1,2,3
7,749,1,1,9
7,750,1,1,9
7,751,1,1,3
7,751,1,2,12
7,752,1,1,3
7,752,1,2,12
7,753,1,1,4
7,754,1,1,4
7,755,1,1,4
7,755,1,2,18
7,756,1,1,4
7,756,1,2,18
7,757,1,1,8
7,757,1,2,2
7,758,1,1,8
7,758,1,2,2
7,759,1,1,1
7,759,1,2,7
7,760,1,1,1
7,760,1,2,7
7,761,1,1,4
7,762,1,1,4
7,763,1,1,4
7,764,1,1,18
7,765,1,1,1
7,765,1,2,11
7,766,1,1,7
7,767,1,1,12
7,767,1,2,3
7,768,1,1,12
7,768,1,2,3
7,769,1,1,14
7,769,1,2,9
7,770,1,1,14
7,770,1,2,9
7,771,1,1,3
7,772,1,1,1
7,773,1,1,1
7,773,2,1,2
7,773,3,1,3
7,773,4,1,4
7,773,5,1,5
7,773,6,1,6
7,773,7,1,7
7,773,8,1,8
7,773,9,1,9
7,773,10,1,10
7,773,11,1,11
7,773,12,1,12
7,773,13,1,13
7,773,14,1,14
7,773,15,1,15
7,773,16,1,16
7,773,17,1,17
7,773,18,1,18
7,774,1,1,13
7,774,1,2,10
7,774,2,1,13
7,774,2,2,10
7,774,3,1,13
7,774,3,2,10
7,774,4,1,13
7,774,4,2,10
7,774,5,1,13
7,774,5,2,10
7,774,6,1,13
7,774,6,2,10
7,774,7,1,13
7,774,7,2,10
7,774,8,1,13
7,774,8,2,10
7,775,1,1,1
7,776,1,1,2
7,776,1,2,15
7,777,1,1,5
7,777,1,2,17
7,778,1,1,14
7,778,1,2,18
7,778,2,1,14
7,778,2,2,18
7,779,1,1,3
7,779,1,2,11
7,780,1,1,1
7,780,1,2,15
7,781,1,1,14
7,781,1,2,4
7,782,1,1,15
7,783,1,1,15
7,783,1,2,7
7,784,1,1,15
7,784,1,2,7
7,785,1,1,5
7,785,1,2,18
7,786,1,1,11
7,786,1,2,18
7,787,1,1,4
7,787,1,2,18
7,788,1,1,3
7,788,1,2,18
7,789,1,1,11
7,790,1,1,11
7,791,1,1,11
7,791,1,2,17
7,792,1,1,11
7,792,1,2,14
7,793,1,1,13
7,793,1,2,8
7,794,1,1,12
7,794,1,2,7
7,795,1,1,12
7,795,1,2,7
7,796,1,1,5
7,797,1,1,17
7,797,1,2,10
7,798,1,1,4
7,798,1,2,17
7,799,1,1,16
7,799,1,2,15
7,800,1,1,11
7,801,1,1,17
7,801,1,2,18
7,801,2,1,17
7,801,2,2,18
7,802,1,1,7
7,802,1,2,14
