game_id,pokemon_id,form_id,index
21,1,1,1
21,2,1,2
21,3,1,3
21,3,2,760
21,4,1,4
21,5,1,5
21,6,1,6
21,6,2,761
21,6,3,762
21,7,1,7
21,8,1,8
21,9,1,9
21,9,2,777
21,10,1,10
21,11,1,11
21,12,1,12
21,13,1,13
21,14,1,14
21,15,1,15
21,16,1,16
21,17,1,17
21,18,1,18
21,19,1,19
21,20,1,20
21,21,1,21
21,22,1,22
21,23,1,23
21,24,1,24
21,25,1,25
21,26,1,26
21,27,1,27
21,28,1,28
21,29,1,29
21,30,1,30
21,31,1,31
21,32,1,32
21,33,1,33
21,34,1,34
21,35,1,35
21,36,1,36
21,37,1,37
21,38,1,38
21,39,1,39
21,40,1,40
21,41,1,41
21,42,1,42
21,43,1,43
21,44,1,44
21,45,1,45
21,46,1,46
21,47,1,47
21,48,1,48
21,49,1,49
21,50,1,50
21,51,1,51
21,52,1,52
21,53,1,53
21,54,1,54
21,55,1,55
21,56,1,56
21,57,1,57
21,58,1,58
21,59,1,59
21,60,1,60
21,61,1,61
21,62,1,62
21,63,1,63
21,64,1,64
21,65,1,65
21,65,2,781
21,66,1,66
21,67,1,67
21,68,1,68
21,69,1,69
21,70,1,70
21,71,1,71
21,72,1,72
21,73,1,73
21,74,1,74
21,75,1,75
21,76,1,76
21,77,1,77
21,78,1,78
21,79,1,79
21,80,1,80
21,81,1,81
21,82,1,82
21,83,1,83
21,84,1,84
21,85,1,85
21,86,1,86
21,87,1,87
21,88,1,88
21,89,1,89
21,90,1,90
21,91,1,91
21,92,1,92
21,93,1,93
21,94,1,94
21,94,2,747
21,95,1,95
21,96,1,96
21,97,1,97
21,98,1,98
21,99,1,99
21,100,1,100
21,101,1,101
21,102,1,102
21,103,1,103
21,104,1,104
21,105,1,105
21,106,1,106
21,107,1,107
21,108,1,108
21,109,1,109
21,110,1,110
21,111,1,111
21,112,1,112
21,113,1,113
21,114,1,114
21,115,1,115
21,115,2,778
21,116,1,116
21,117,1,117
21,118,1,118
21,119,1,119
21,120,1,120
21,121,1,121
21,122,1,122
21,123,1,123
21,124,1,124
21,125,1,125
21,126,1,126
21,127,1,127
21,127,2,772
21,128,1,128
21,129,1,129
21,130,1,130
21,130,2,779
21,131,1,131
21,132,1,132
21,133,1,133
21,134,1,134
21,135,1,135
21,136,1,136
21,137,1,137
21,138,1,138
21,139,1,139
21,140,1,140
21,141,1,141
21,142,1,142
21,142,2,773
21,143,1,143
21,144,1,144
21,145,1,145
21,146,1,146
21,147,1,147
21,148,1,148
21,149,1,149
21,150,1,150
21,150,2,763
21,150,3,764
21,151,1,151
21,152,1,152
21,153,1,153
21,154,1,154
21,155,1,155
21,156,1,156
21,157,1,157
21,158,1,158
21,159,1,159
21,160,1,160
21,161,1,161
21,162,1,162
21,163,1,163
21,164,1,164
21,165,1,165
21,166,1,166
21,167,1,167
21,168,1,168
21,169,1,169
21,170,1,170
21,171,1,171
21,172,1,172
21,173,1,173
21,174,1,174
21,175,1,175
21,176,1,176
21,177,1,177
21,178,1,178
21,179,1,179
21,180,1,180
21,181,1,181
21,181,2,759
21,182,1,182
21,183,1,183
21,184,1,184
21,185,1,185
21,186,1,186
21,187,1,187
21,188,1,188
21,189,1,189
21,190,1,190
21,191,1,191
21,192,1,192
21,193,1,193
21,194,1,194
21,195,1,195
21,196,1,196
21,197,1,197
21,198,1,198
21,199,1,199
21,200,1,200
21,201,1,201
21,201,2,201
21,201,3,201
21,201,4,201
21,201,5,201
21,201,6,201
21,201,7,201
21,201,8,201
21,201,9,201
21,201,10,201
21,201,11,201
21,201,12,201
21,201,13,201
21,201,14,201
21,201,15,201
21,201,16,201
21,201,17,201
21,201,18,201
21,201,19,201
21,201,20,201
21,201,21,201
21,201,22,201
21,201,23,201
21,201,24,201
21,201,25,201
21,201,26,201
21,201,27,201
21,201,28,201
21,202,1,202
21,203,1,203
21,204,1,204
21,205,1,205
21,206,1,206
21,207,1,207
21,208,1,208
21,209,1,209
21,210,1,210
21,211,1,211
21,212,1,212
21,212,2,771
21,213,1,213
21,214,1,214
21,214,2,782
21,215,1,215
21,216,1,216
21,217,1,217
21,218,1,218
21,219,1,219
21,220,1,220
21,221,1,221
21,222,1,222
21,223,1,223
21,224,1,224
21,225,1,225
21,226,1,226
21,227,1,227
21,228,1,228
21,229,1,229
21,229,2,767
21,230,1,230
21,231,1,231
21,232,1,232
21,233,1,233
21,234,1,234
21,235,1,235
21,236,1,236
21,237,1,237
21,238,1,238
21,239,1,239
21,240,1,240
21,241,1,241
21,242,1,242
21,243,1,243
21,244,1,244
21,245,1,245
21,246,1,246
21,247,1,247
21,248,1,248
21,248,2,770
21,249,1,249
21,250,1,250
21,251,1,251
21,252,1,252
21,253,1,253
21,254,1,254
21,255,1,255
21,256,1,256
21,257,1,257
21,257,2,765
21,258,1,258
21,259,1,259
21,260,1,260
21,261,1,261
21,262,1,262
21,263,1,263
21,264,1,264
21,265,1,265
21,266,1,266
21,267,1,267
21,268,1,268
21,269,1,269
21,270,1,270
21,271,1,271
21,272,1,272
21,273,1,273
21,274,1,274
21,275,1,275
21,276,1,276
21,277,1,277
21,278,1,278
21,279,1,279
21,280,1,280
21,281,1,281
21,282,1,282
21,282,2,758
21,283,1,283
21,284,1,284
21,285,1,285
21,286,1,286
21,287,1,287
21,288,1,288
21,289,1,289
21,290,1,290
21,291,1,291
21,292,1,292
21,293,1,293
21,294,1,294
21,295,1,295
21,296,1,296
21,297,1,297
21,298,1,298
21,299,1,299
21,300,1,300
21,301,1,301
21,302,1,302
21,303,1,303
21,303,2,783
21,304,1,304
21,305,1,305
21,306,1,306
21,306,2,768
21,307,1,307
21,308,1,308
21,308,2,766
21,309,1,309
21,310,1,310
21,310,2,784
21,311,1,311
21,312,1,312
21,313,1,313
21,314,1,314
21,315,1,315
21,316,1,316
21,317,1,317
21,318,1,318
21,319,1,319
21,320,1,320
21,321,1,321
21,322,1,322
21,323,1,323
21,324,1,324
21,325,1,325
21,326,1,326
21,327,1,327
21,328,1,328
21,329,1,329
21,330,1,330
21,331,1,331
21,332,1,332
21,333,1,333
21,334,1,334
21,335,1,335
21,336,1,336
21,337,1,337
21,338,1,338
21,339,1,339
21,340,1,340
21,341,1,341
21,342,1,342
21,343,1,343
21,344,1,344
21,345,1,345
21,346,1,346
21,347,1,347
21,348,1,348
21,349,1,349
21,350,1,350
21,351,1,351
21,351,2,734
21,351,3,735
21,351,4,736
21,352,1,352
21,353,1,353
21,354,1,354
21,354,2,769
21,355,1,355
21,356,1,356
21,357,1,357
21,358,1,358
21,359,1,359
21,359,2,780
21,360,1,360
21,361,1,361
21,362,1,362
21,363,1,363
21,364,1,364
21,365,1,365
21,366,1,366
21,367,1,367
21,368,1,368
21,369,1,369
21,370,1,370
21,371,1,371
21,372,1,372
21,373,1,373
21,374,1,374
21,375,1,375
21,376,1,376
21,377,1,377
21,378,1,378
21,379,1,379
21,380,1,380
21,380,2,787
21,381,1,381
21,381,2,786
21,382,1,382
21,383,1,383
21,384,1,384
21,385,1,385
21,386,1,386
21,386,2,722
21,386,3,723
21,386,4,724
21,387,1,387
21,388,1,388
21,389,1,389
21,390,1,390
21,391,1,391
21,392,1,392
21,393,1,393
21,394,1,394
21,395,1,395
21,396,1,396
21,397,1,397
21,398,1,398
21,399,1,399
21,400,1,400
21,401,1,401
21,402,1,402
21,403,1,403
21,404,1,404
21,405,1,405
21,406,1,406
21,407,1,407
21,408,1,408
21,409,1,409
21,410,1,410
21,411,1,411
21,412,1,412
21,412,2,412
21,412,3,412
21,413,1,413
21,413,2,725
21,413,3,726
21,414,1,414
21,415,1,415
21,416,1,416
21,417,1,417
21,418,1,418
21,419,1,419
21,420,1,420
21,421,1,421
21,421,2,737
21,422,1,422
21,422,2,422
21,423,1,423
21,423,2,423
21,424,1,424
21,425,1,425
21,426,1,426
21,427,1,427
21,428,1,428
21,429,1,429
21,430,1,430
21,431,1,431
21,432,1,432
21,433,1,433
21,434,1,434
21,435,1,435
21,436,1,436
21,437,1,437
21,438,1,438
21,439,1,439
21,440,1,440
21,441,1,441
21,442,1,442
21,443,1,443
21,444,1,444
21,445,1,445
21,445,2,785
21,446,1,446
21,447,1,447
21,448,1,448
21,448,2,774
21,449,1,449
21,450,1,450
21,451,1,451
21,452,1,452
21,453,1,453
21,454,1,454
21,455,1,455
21,456,1,456
21,457,1,457
21,458,1,458
21,459,1,459
21,460,1,460
21,460,2,775
21,461,1,461
21,462,1,462
21,463,1,463
21,464,1,464
21,465,1,465
21,466,1,466
21,467,1,467
21,468,1,468
21,469,1,469
21,470,1,470
21,471,1,471
21,472,1,472
21,473,1,473
21,474,1,474
21,475,1,475
21,476,1,476
21,477,1,477
21,478,1,478
21,479,1,479
21,479,2,729
21,479,3,730
21,479,4,731
21,479,5,732
21,479,6,733
21,480,1,480
21,481,1,481
21,482,1,482
21,483,1,483
21,484,1,484
21,485,1,485
21,486,1,486
21,487,1,487
21,487,2,728
21,488,1,488
21,489,1,489
21,490,1,490
21,491,1,491
21,492,1,492
21,492,2,727
21,493,1,493
21,493,2,493
21,493,3,493
21,493,4,493
21,493,5,493
21,493,6,493
21,493,7,493
21,493,8,493
21,493,9,493
21,493,10,493
21,493,11,493
21,493,12,493
21,493,13,493
21,493,14,493
21,493,15,493
21,493,16,493
21,493,17,493
21,493,18,493
21,494,1,494
21,495,1,495
21,496,1,496
21,497,1,497
21,498,1,498
21,499,1,499
21,500,1,500
21,501,1,501
21,502,1,502
21,503,1,503
21,504,1,504
21,505,1,505
21,506,1,506
21,507,1,507
21,508,1,508
21,509,1,509
21,510,1,510
21,511,1,511
21,512,1,512
21,513,1,513
21,514,1,514
21,515,1,515
21,516,1,516
21,517,1,517
21,518,1,518
21,519,1,519
21,520,1,520
21,521,1,521
21,522,1,522
21,523,1,523
21,524,1,524
21,525,1,525
21,526,1,526
21,527,1,527
21,528,1,528
21,529,1,529
21,530,1,530
21,531,1,531
21,532,1,532
21,533,1,533
21,534,1,534
21,535,1,535
21,536,1,536
21,537,1,537
21,538,1,538
21,539,1,539
21,540,1,540
21,541,1,541
21,542,1,542
21,543,1,543
21,544,1,544
21,545,1,545
21,546,1,546
21,547,1,547
21,548,1,548
21,549,1,549
21,550,1,550
21,550,2,738
21,551,1,551
21,552,1,552
21,553,1,553
21,554,1,554
21,555,1,555
21,555,2,739
21,556,1,556
21,557,1,557
21,558,1,558
21,559,1,559
21,560,1,560
21,561,1,561
21,562,1,562
21,563,1,563
21,564,1,564
21,565,1,565
21,566,1,566
21,567,1,567
21,568,1,568
21,569,1,569
21,570,1,570
21,571,1,571
21,572,1,572
21,573,1,573
21,574,1,574
21,575,1,575
21,576,1,576
21,577,1,577
21,578,1,578
21,579,1,579
21,580,1,580
21,581,1,581
21,582,1,582
21,583,1,583
21,584,1,584
21,585,1,585
21,585,2,585
21,585,3,585
21,585,4,585
21,586,1,586
21,586,2,586
21,586,3,586
21,586,4,586
21,587,1,587
21,588,1,588
21,589,1,589
21,590,1,590
21,591,1,591
21,592,1,592
21,593,1,593
21,594,1,594
21,595,1,595
21,596,1,596
21,597,1,597
21,598,1,598
21,599,1,599
21,600,1,600
21,601,1,601
21,602,1,602
21,603,1,603
21,604,1,604
21,605,1,605
21,606,1,606
21,607,1,607
21,608,1,608
21,609,1,609
21,610,1,610
21,611,1,611
21,612,1,612
21,613,1,613
21,614,1,614
21,615,1,615
21,616,1,616
21,617,1,617
21,618,1,618
21,619,1,619
21,620,1,620
21,621,1,621
21,622,1,622
21,623,1,623
21,624,1,624
21,625,1,625
21,626,1,626
21,627,1,627
21,628,1,628
21,629,1,629
21,630,1,630
21,631,1,631
21,632,1,632
21,633,1,633
21,634,1,634
21,635,1,635
21,636,1,636
21,637,1,637
21,638,1,638
21,639,1,639
21,640,1,640
21,641,1,641
21,641,2,744
21,642,1,642
21,642,2,745
21,643,1,643
21,644,1,644
21,645,1,645
21,645,2,746
21,646,1,646
21,646,2,741
21,646,3,742
21,647,1,647
21,647,2,743
21,648,1,648
21,648,2,740
21,649,1,649
21,649,2,649
21,649,3,649
21,649,4,649
21,649,5,649
21,650,1,650
21,651,1,651
21,652,1,652
21,653,1,653
21,654,1,654
21,655,1,655
21,656,1,656
21,657,1,657
21,658,1,658
21,659,1,659
21,660,1,660
21,661,1,661
21,662,1,662
21,663,1,663
21,664,1,664
21,665,1,665
21,666,1,666
21,666,2,666
21,666,3,666
21,666,4,666
21,666,5,666
21,666,6,666
21,666,7,666
21,666,8,666
21,666,9,666
21,666,10,666
21,666,11,666
21,666,12,666
21,666,13,666
21,666,14,666
21,666,15,666
21,666,16,666
21,666,17,666
21,666,18,666
21,666,19,666
21,666,20,666
21,667,1,667
21,668,1,668
21,669,1,669
21,669,2,669
21,669,3,669
21,669,4,669
21,669,5,669
21,670,1,670
21,670,2,794
21,670,3,795
21,670,4,796
21,670,5,797
21,670,6,798
21,671,1,671
21,671,2,671
21,671,3,671
21,671,4,671
21,671,5,671
21,672,1,672
21,673,1,673
21,674,1,674
21,675,1,675
21,676,1,676
21,676,2,749
21,676,3,750
21,676,4,751
21,676,5,755
21,676,6,756
21,676,7,757
21,676,8,752
21,676,9,753
21,676,10,754
21,677,1,677
21,678,1,748
21,678,2,678
21,679,1,679
21,680,1,680
21,681,1,681
21,681,2,776
21,682,1,682
21,683,1,683
21,684,1,684
21,685,1,685
21,686,1,686
21,687,1,687
21,688,1,688
21,689,1,689
21,690,1,690
21,691,1,691
21,692,1,692
21,693,1,693
21,694,1,694
21,695,1,695
21,696,1,696
21,697,1,697
21,698,1,698
21,699,1,699
21,700,1,700
21,701,1,701
21,702,1,702
21,703,1,703
21,704,1,704
21,705,1,705
21,706,1,706
21,707,1,707
21,708,1,708
21,709,1,709
21,710,1,788
21,710,2,710
21,710,3,789
21,710,4,790
21,711,1,791
21,711,2,711
21,711,3,792
21,711,4,793
21,712,1,712
21,713,1,713
21,714,1,714
21,715,1,715
21,716,1,716
21,716,2,716
21,717,1,717
21,718,1,718
21,719,1,719
21,720,1,720
21,721,1,721
22,1,1,1
22,2,1,2
22,3,1,3
22,3,2,760
22,4,1,4
22,5,1,5
22,6,1,6
22,6,2,761
22,6,3,762
22,7,1,7
22,8,1,8
22,9,1,9
22,9,2,777
22,10,1,10
22,11,1,11
22,12,1,12
22,13,1,13
22,14,1,14
22,15,1,15
22,16,1,16
22,17,1,17
22,18,1,18
22,19,1,19
22,20,1,20
22,21,1,21
22,22,1,22
22,23,1,23
22,24,1,24
22,25,1,25
22,26,1,26
22,27,1,27
22,28,1,28
22,29,1,29
22,30,1,30
22,31,1,31
22,32,1,32
22,33,1,33
22,34,1,34
22,35,1,35
22,36,1,36
22,37,1,37
22,38,1,38
22,39,1,39
22,40,1,40
22,41,1,41
22,42,1,42
22,43,1,43
22,44,1,44
22,45,1,45
22,46,1,46
22,47,1,47
22,48,1,48
22,49,1,49
22,50,1,50
22,51,1,51
22,52,1,52
22,53,1,53
22,54,1,54
22,55,1,55
22,56,1,56
22,57,1,57
22,58,1,58
22,59,1,59
22,60,1,60
22,61,1,61
22,62,1,62
22,63,1,63
22,64,1,64
22,65,1,65
22,65,2,781
22,66,1,66
22,67,1,67
22,68,1,68
22,69,1,69
22,70,1,70
22,71,1,71
22,72,1,72
22,73,1,73
22,74,1,74
22,75,1,75
22,76,1,76
22,77,1,77
22,78,1,78
22,79,1,79
22,80,1,80
22,81,1,81
22,82,1,82
22,83,1,83
22,84,1,84
22,85,1,85
22,86,1,86
22,87,1,87
22,88,1,88
22,89,1,89
22,90,1,90
22,91,1,91
22,92,1,92
22,93,1,93
22,94,1,94
22,94,2,747
22,95,1,95
22,96,1,96
22,97,1,97
22,98,1,98
22,99,1,99
22,100,1,100
22,101,1,101
22,102,1,102
22,103,1,103
22,104,1,104
22,105,1,105
22,106,1,106
22,107,1,107
22,108,1,108
22,109,1,109
22,110,1,110
22,111,1,111
22,112,1,112
22,113,1,113
22,114,1,114
22,115,1,115
22,115,2,778
22,116,1,116
22,117,1,117
22,118,1,118
22,119,1,119
22,120,1,120
22,121,1,121
22,122,1,122
22,123,1,123
22,124,1,124
22,125,1,125
22,126,1,126
22,127,1,127
22,127,2,772
22,128,1,128
22,129,1,129
22,130,1,130
22,130,2,779
22,131,1,131
22,132,1,132
22,133,1,133
22,134,1,134
22,135,1,135
22,136,1,136
22,137,1,137
22,138,1,138
22,139,1,139
22,140,1,140
22,141,1,141
22,142,1,142
22,142,2,773
22,143,1,143
22,144,1,144
22,145,1,145
22,146,1,146
22,147,1,147
22,148,1,148
22,149,1,149
22,150,1,150
22,150,2,763
22,150,3,764
22,151,1,151
22,152,1,152
22,153,1,153
22,154,1,154
22,155,1,155
22,156,1,156
22,157,1,157
22,158,1,158
22,159,1,159
22,160,1,160
22,161,1,161
22,162,1,162
22,163,1,163
22,164,1,164
22,165,1,165
22,166,1,166
22,167,1,167
22,168,1,168
22,169,1,169
22,170,1,170
22,171,1,171
22,172,1,172
22,173,1,173
22,174,1,174
22,175,1,175
22,176,1,176
22,177,1,177
22,178,1,178
22,179,1,179
22,180,1,180
22,181,1,181
22,181,2,759
22,182,1,182
22,183,1,183
22,184,1,184
22,185,1,185
22,186,1,186
22,187,1,187
22,188,1,188
22,189,1,189
22,190,1,190
22,191,1,191
22,192,1,192
22,193,1,193
22,194,1,194
22,195,1,195
22,196,1,196
22,197,1,197
22,198,1,198
22,199,1,199
22,200,1,200
22,201,1,201
22,201,2,201
22,201,3,201
22,201,4,201
22,201,5,201
22,201,6,201
22,201,7,201
22,201,8,201
22,201,9,201
22,201,10,201
22,201,11,201
22,201,12,201
22,201,13,201
22,201,14,201
22,201,15,201
22,201,16,201
22,201,17,201
22,201,18,201
22,201,19,201
22,201,20,201
22,201,21,201
22,201,22,201
22,201,23,201
22,201,24,201
22,201,25,201
22,201,26,201
22,201,27,201
22,201,28,201
22,202,1,202
22,203,1,203
22,204,1,204
22,205,1,205
22,206,1,206
22,207,1,207
22,208,1,208
22,209,1,209
22,210,1,210
22,211,1,211
22,212,1,212
22,212,2,771
22,213,1,213
22,214,1,214
22,214,2,782
22,215,1,215
22,216,1,216
22,217,1,217
22,218,1,218
22,219,1,219
22,220,1,220
22,221,1,221
22,222,1,222
22,223,1,223
22,224,1,224
22,225,1,225
22,226,1,226
22,227,1,227
22,228,1,228
22,229,1,229
22,229,2,767
22,230,1,230
22,231,1,231
22,232,1,232
22,233,1,233
22,234,1,234
22,235,1,235
22,236,1,236
22,237,1,237
22,238,1,238
22,239,1,239
22,240,1,240
22,241,1,241
22,242,1,242
22,243,1,243
22,244,1,244
22,245,1,245
22,246,1,246
22,247,1,247
22,248,1,248
22,248,2,770
22,249,1,249
22,250,1,250
22,251,1,251
22,252,1,252
22,253,1,253
22,254,1,254
22,255,1,255
22,256,1,256
22,257,1,257
22,257,2,765
22,258,1,258
22,259,1,259
22,260,1,260
22,261,1,261
22,262,1,262
22,263,1,263
22,264,1,264
22,265,1,265
22,266,1,266
22,267,1,267
22,268,1,268
22,269,1,269
22,270,1,270
22,271,1,271
22,272,1,272
22,273,1,273
22,274,1,274
22,275,1,275
22,276,1,276
22,277,1,277
22,278,1,278
22,279,1,279
22,280,1,280
22,281,1,281
22,282,1,282
22,282,2,758
22,283,1,283
22,284,1,284
22,285,1,285
22,286,1,286
22,287,1,287
22,288,1,288
22,289,1,289
22,290,1,290
22,291,1,291
22,292,1,292
22,293,1,293
22,294,1,294
22,295,1,295
22,296,1,296
22,297,1,297
22,298,1,298
22,299,1,299
22,300,1,300
22,301,1,301
22,302,1,302
22,303,1,303
22,303,2,783
22,304,1,304
22,305,1,305
22,306,1,306
22,306,2,768
22,307,1,307
22,308,1,308
22,308,2,766
22,309,1,309
22,310,1,310
22,310,2,784
22,311,1,311
22,312,1,312
22,313,1,313
22,314,1,314
22,315,1,315
22,316,1,316
22,317,1,317
22,318,1,318
22,319,1,319
22,320,1,320
22,321,1,321
22,322,1,322
22,323,1,323
22,324,1,324
22,325,1,325
22,326,1,326
22,327,1,327
22,328,1,328
22,329,1,329
22,330,1,330
22,331,1,331
22,332,1,332
22,333,1,333
22,334,1,334
22,335,1,335
22,336,1,336
22,337,1,337
22,338,1,338
22,339,1,339
22,340,1,340
22,341,1,341
22,342,1,342
22,343,1,343
22,344,1,344
22,345,1,345
22,346,1,346
22,347,1,347
22,348,1,348
22,349,1,349
22,350,1,350
22,351,1,351
22,351,2,734
22,351,3,735
22,351,4,736
22,352,1,352
22,353,1,353
22,354,1,354
22,354,2,769
22,355,1,355
22,356,1,356
22,357,1,357
22,358,1,358
22,359,1,359
22,359,2,780
22,360,1,360
22,361,1,361
22,362,1,362
22,363,1,363
22,364,1,364
22,365,1,365
22,366,1,366
22,367,1,367
22,368,1,368
22,369,1,369
22,370,1,370
22,371,1,371
22,372,1,372
22,373,1,373
22,374,1,374
22,375,1,375
22,376,1,376
22,377,1,377
22,378,1,378
22,379,1,379
22,380,1,380
22,380,2,787
22,381,1,381
22,381,2,786
22,382,1,382
22,383,1,383
22,384,1,384
22,385,1,385
22,386,1,386
22,386,2,722
22,386,3,723
22,386,4,724
22,387,1,387
22,388,1,388
22,389,1,389
22,390,1,390
22,391,1,391
22,392,1,392
22,393,1,393
22,394,1,394
22,395,1,395
22,396,1,396
22,397,1,397
22,398,1,398
22,399,1,399
22,400,1,400
22,401,1,401
22,402,1,402
22,403,1,403
22,404,1,404
22,405,1,405
22,406,1,406
22,407,1,407
22,408,1,408
22,409,1,409
22,410,1,410
22,411,1,411
22,412,1,412
22,412,2,412
22,412,3,412
22,413,1,413
22,413,2,725
22,413,3,726
22,414,1,414
22,415,1,415
22,416,1,416
22,417,1,417
22,418,1,418
22,419,1,419
22,420,1,420
22,421,1,421
22,421,2,737
22,422,1,422
22,422,2,422
22,423,1,423
22,423,2,423
22,424,1,424
22,425,1,425
22,426,1,426
22,427,1,427
22,428,1,428
22,429,1,429
22,430,1,430
22,431,1,431
22,432,1,432
22,433,1,433
22,434,1,434
22,435,1,435
22,436,1,436
22,437,1,437
22,438,1,438
22,439,1,439
22,440,1,440
22,441,1,441
22,442,1,442
22,443,1,443
22,444,1,444
22,445,1,445
22,445,2,785
22,446,1,446
22,447,1,447
22,448,1,448
22,448,2,774
22,449,1,449
22,450,1,450
22,451,1,451
22,452,1,452
22,453,1,453
22,454,1,454
22,455,1,455
22,456,1,456
22,457,1,457
22,458,1,458
22,459,1,459
22,460,1,460
22,460,2,775
22,461,1,461
22,462,1,462
22,463,1,463
22,464,1,464
22,465,1,465
22,466,1,466
22,467,1,467
22,468,1,468
22,469,1,469
22,470,1,470
22,471,1,471
22,472,1,472
22,473,1,473
22,474,1,474
22,475,1,475
22,476,1,476
22,477,1,477
22,478,1,478
22,479,1,479
22,479,2,729
22,479,3,730
22,479,4,731
22,479,5,732
22,479,6,733
22,480,1,480
22,481,1,481
22,482,1,482
22,483,1,483
22,484,1,484
22,485,1,485
22,486,1,486
22,487,1,487
22,487,2,728
22,488,1,488
22,489,1,489
22,490,1,490
22,491,1,491
22,492,1,492
22,492,2,727
22,493,1,493
22,493,2,493
22,493,3,493
22,493,4,493
22,493,5,493
22,493,6,493
22,493,7,493
22,493,8,493
22,493,9,493
22,493,10,493
22,493,11,493
22,493,12,493
22,493,13,493
22,493,14,493
22,493,15,493
22,493,16,493
22,493,17,493
22,493,18,493
22,494,1,494
22,495,1,495
22,496,1,496
22,497,1,497
22,498,1,498
22,499,1,499
22,500,1,500
22,501,1,501
22,502,1,502
22,503,1,503
22,504,1,504
22,505,1,505
22,506,1,506
22,507,1,507
22,508,1,508
22,509,1,509
22,510,1,510
22,511,1,511
22,512,1,512
22,513,1,513
22,514,1,514
22,515,1,515
22,516,1,516
22,517,1,517
22,518,1,518
22,519,1,519
22,520,1,520
22,521,1,521
22,522,1,522
22,523,1,523
22,524,1,524
22,525,1,525
22,526,1,526
22,527,1,527
22,528,1,528
22,529,1,529
22,530,1,530
22,531,1,531
22,532,1,532
22,533,1,533
22,534,1,534
22,535,1,535
22,536,1,536
22,537,1,537
22,538,1,538
22,539,1,539
22,540,1,540
22,541,1,541
22,542,1,542
22,543,1,543
22,544,1,544
22,545,1,545
22,546,1,546
22,547,1,547
22,548,1,548
22,549,1,549
22,550,1,550
22,550,2,738
22,551,1,551
22,552,1,552
22,553,1,553
22,554,1,554
22,555,1,555
22,555,2,739
22,556,1,556
22,557,1,557
22,558,1,558
22,559,1,559
22,560,1,560
22,561,1,561
22,562,1,562
22,563,1,563
22,564,1,564
22,565,1,565
22,566,1,566
22,567,1,567
22,568,1,568
22,569,1,569
22,570,1,570
22,571,1,571
22,572,1,572
22,573,1,573
22,574,1,574
22,575,1,575
22,576,1,576
22,577,1,577
22,578,1,578
22,579,1,579
22,580,1,580
22,581,1,581
22,582,1,582
22,583,1,583
22,584,1,584
22,585,1,585
22,585,2,585
22,585,3,585
22,585,4,585
22,586,1,586
22,586,2,586
22,586,3,586
22,586,4,586
22,587,1,587
22,588,1,588
22,589,1,589
22,590,1,590
22,591,1,591
22,592,1,592
22,593,1,593
22,594,1,594
22,595,1,595
22,596,1,596
22,597,1,597
22,598,1,598
22,599,1,599
22,600,1,600
22,601,1,601
22,602,1,602
22,603,1,603
22,604,1,604
22,605,1,605
22,606,1,606
22,607,1,607
22,608,1,608
22,609,1,609
22,610,1,610
22,611,1,611
22,612,1,612
22,613,1,613
22,614,1,614
22,615,1,615
22,616,1,616
22,617,1,617
22,618,1,618
22,619,1,619
22,620,1,620
22,621,1,621
22,622,1,622
22,623,1,623
22,624,1,624
22,625,1,625
22,626,1,626
22,627,1,627
22,628,1,628
22,629,1,629
22,630,1,630
22,631,1,631
22,632,1,632
22,633,1,633
22,634,1,634
22,635,1,635
22,636,1,636
22,637,1,637
22,638,1,638
22,639,1,639
22,640,1,640
22,641,1,641
22,641,2,744
22,642,1,642
22,642,2,745
22,643,1,643
22,644,1,644
22,645,1,645
22,645,2,746
22,646,1,646
22,646,2,741
22,646,3,742
22,647,1,647
22,647,2,743
22,648,1,648
22,648,2,740
22,649,1,649
22,649,2,649
22,649,3,649
22,649,4,649
22,649,5,649
22,650,1,650
22,651,1,651
22,652,1,652
22,653,1,653
22,654,1,654
22,655,1,655
22,656,1,656
22,657,1,657
22,658,1,658
22,659,1,659
22,660,1,660
22,661,1,661
22,662,1,662
22,663,1,663
22,664,1,664
22,665,1,665
22,666,1,666
22,666,2,666
22,666,3,666
22,666,4,666
22,666,5,666
22,666,6,666
22,666,7,666
22,666,8,666
22,666,9,666
22,666,10,666
22,666,11,666
22,666,12,666
22,666,13,666
22,666,14,666
22,666,15,666
22,666,16,666
22,666,17,666
22,666,18,666
22,666,19,666
22,666,20,666
22,667,1,667
22,668,1,668
22,669,1,669
22,669,2,669
22,669,3,669
22,669,4,669
22,669,5,669
22,670,1,670
22,670,2,794
22,670,3,795
22,670,4,796
22,670,5,797
22,670,6,798
22,671,1,671
22,671,2,671
22,671,3,671
22,671,4,671
22,671,5,671
22,672,1,672
22,673,1,673
22,674,1,674
22,675,1,675
22,676,1,676
22,676,2,749
22,676,3,750
22,676,4,751
22,676,5,755
22,676,6,756
22,676,7,757
22,676,8,752
22,676,9,753
22,676,10,754
22,677,1,677
22,678,1,748
22,678,2,678
22,679,1,679
22,680,1,680
22,681,1,681
22,681,2,776
22,682,1,682
22,683,1,683
22,684,1,684
22,685,1,685
22,686,1,686
22,687,1,687
22,688,1,688
22,689,1,689
22,690,1,690
22,691,1,691
22,692,1,692
22,693,1,693
22,694,1,694
22,695,1,695
22,696,1,696
22,697,1,697
22,698,1,698
22,699,1,699
22,700,1,700
22,701,1,701
22,702,1,702
22,703,1,703
22,704,1,704
22,705,1,705
22,706,1,706
22,707,1,707
22,708,1,708
22,709,1,709
22,710,1,788
22,710,2,710
22,710,3,789
22,710,4,790
22,711,1,791
22,711,2,711
22,711,3,792
22,711,4,793
22,712,1,712
22,713,1,713
22,714,1,714
22,715,1,715
22,716,1,716
22,716,2,716
22,717,1,717
22,718,1,718
22,719,1,719
22,720,1,720
22,721,1,721
23,1,1,1
23,2,1,2
23,3,1,3
23,3,2,760
23,4,1,4
23,5,1,5
23,6,1,6
23,6,2,761
23,6,3,762
23,7,1,7
23,8,1,8
23,9,1,9
23,9,2,777
23,10,1,10
23,11,1,11
23,12,1,12
23,13,1,13
23,14,1,14
23,15,1,15
23,15,2,825
23,16,1,16
23,17,1,17
23,18,1,18
23,18,2,808
23,19,1,19
23,20,1,20
23,21,1,21
23,22,1,22
23,23,1,23
23,24,1,24
23,25,1,25
23,25,2,820
23,25,3,815
23,25,4,816
23,25,5,817
23,25,6,818
23,25,7,819
23,26,1,26
23,27,1,27
23,28,1,28
23,29,1,29
23,30,1,30
23,31,1,31
23,32,1,32
23,33,1,33
23,34,1,34
23,35,1,35
23,36,1,36
23,37,1,37
23,38,1,38
23,39,1,39
23,40,1,40
23,41,1,41
23,42,1,42
23,43,1,43
23,44,1,44
23,45,1,45
23,46,1,46
23,47,1,47
23,48,1,48
23,49,1,49
23,50,1,50
23,51,1,51
23,52,1,52
23,53,1,53
23,54,1,54
23,55,1,55
23,56,1,56
23,57,1,57
23,58,1,58
23,59,1,59
23,60,1,60
23,61,1,61
23,62,1,62
23,63,1,63
23,64,1,64
23,65,1,65
23,65,2,781
23,66,1,66
23,67,1,67
23,68,1,68
23,69,1,69
23,70,1,70
23,71,1,71
23,72,1,72
23,73,1,73
23,74,1,74
23,75,1,75
23,76,1,76
23,77,1,77
23,78,1,78
23,79,1,79
23,80,1,80
23,80,2,806
23,81,1,81
23,82,1,82
23,83,1,83
23,84,1,84
23,85,1,85
23,86,1,86
23,87,1,87
23,88,1,88
23,89,1,89
23,90,1,90
23,91,1,91
23,92,1,92
23,93,1,93
23,94,1,94
23,94,2,747
23,95,1,95
23,96,1,96
23,97,1,97
23,98,1,98
23,99,1,99
23,100,1,100
23,101,1,101
23,102,1,102
23,103,1,103
23,104,1,104
23,105,1,105
23,106,1,106
23,107,1,107
23,108,1,108
23,109,1,109
23,110,1,110
23,111,1,111
23,112,1,112
23,113,1,113
23,114,1,114
23,115,1,115
23,115,2,778
23,116,1,116
23,117,1,117
23,118,1,118
23,119,1,119
23,120,1,120
23,121,1,121
23,122,1,122
23,123,1,123
23,124,1,124
23,125,1,125
23,126,1,126
23,127,1,127
23,127,2,772
23,128,1,128
23,129,1,129
23,130,1,130
23,130,2,779
23,131,1,131
23,132,1,132
23,133,1,133
23,134,1,134
23,135,1,135
23,136,1,136
23,137,1,137
23,138,1,138
23,139,1,139
23,140,1,140
23,141,1,141
23,142,1,142
23,142,2,773
23,143,1,143
23,144,1,144
23,145,1,145
23,146,1,146
23,147,1,147
23,148,1,148
23,149,1,149
23,150,1,150
23,150,2,763
23,150,3,764
23,151,1,151
23,152,1,152
23,153,1,153
23,154,1,154
23,155,1,155
23,156,1,156
23,157,1,157
23,158,1,158
23,159,1,159
23,160,1,160
23,161,1,161
23,162,1,162
23,163,1,163
23,164,1,164
23,165,1,165
23,166,1,166
23,167,1,167
23,168,1,168
23,169,1,169
23,170,1,170
23,171,1,171
23,172,1,172
23,173,1,173
23,174,1,174
23,175,1,175
23,176,1,176
23,177,1,177
23,178,1,178
23,179,1,179
23,180,1,180
23,181,1,181
23,181,2,759
23,182,1,182
23,183,1,183
23,184,1,184
23,185,1,185
23,186,1,186
23,187,1,187
23,188,1,188
23,189,1,189
23,190,1,190
23,191,1,191
23,192,1,192
23,193,1,193
23,194,1,194
23,195,1,195
23,196,1,196
23,197,1,197
23,198,1,198
23,199,1,199
23,200,1,200
23,201,1,201
23,201,2,201
23,201,3,201
23,201,4,201
23,201,5,201
23,201,6,201
23,201,7,201
23,201,8,201
23,201,9,201
23,201,10,201
23,201,11,201
23,201,12,201
23,201,13,201
23,201,14,201
23,201,15,201
23,201,16,201
23,201,17,201
23,201,18,201
23,201,19,201
23,201,20,201
23,201,21,201
23,201,22,201
23,201,23,201
23,201,24,201
23,201,25,201
23,201,26,201
23,201,27,201
23,201,28,201
23,202,1,202
23,203,1,203
23,204,1,204
23,205,1,205
23,206,1,206
23,207,1,207
23,208,1,208
23,208,2,807
23,209,1,209
23,210,1,210
23,211,1,211
23,212,1,212
23,212,2,771
23,213,1,213
23,214,1,214
23,214,2,782
23,215,1,215
23,216,1,216
23,217,1,217
23,218,1,218
23,219,1,219
23,220,1,220
23,221,1,221
23,222,1,222
23,223,1,223
23,224,1,224
23,225,1,225
23,226,1,226
23,227,1,227
23,228,1,228
23,229,1,229
23,229,2,767
23,230,1,230
23,231,1,231
23,232,1,232
23,233,1,233
23,234,1,234
23,235,1,235
23,236,1,236
23,237,1,237
23,238,1,238
23,239,1,239
23,240,1,240
23,241,1,241
23,242,1,242
23,243,1,243
23,244,1,244
23,245,1,245
23,246,1,246
23,247,1,247
23,248,1,248
23,248,2,770
23,249,1,249
23,250,1,250
23,251,1,251
23,252,1,252
23,253,1,253
23,254,1,254
23,254,2,800
23,255,1,255
23,256,1,256
23,257,1,257
23,257,2,765
23,258,1,258
23,259,1,259
23,260,1,260
23,260,2,799
23,261,1,261
23,262,1,262
23,263,1,263
23,264,1,264
23,265,1,265
23,266,1,266
23,267,1,267
23,268,1,268
23,269,1,269
23,270,1,270
23,271,1,271
23,272,1,272
23,273,1,273
23,274,1,274
23,275,1,275
23,276,1,276
23,277,1,277
23,278,1,278
23,279,1,279
23,280,1,280
23,281,1,281
23,282,1,282
23,282,2,758
23,283,1,283
23,284,1,284
23,285,1,285
23,286,1,286
23,287,1,287
23,288,1,288
23,289,1,289
23,290,1,290
23,291,1,291
23,292,1,292
23,293,1,293
23,294,1,294
23,295,1,295
23,296,1,296
23,297,1,297
23,298,1,298
23,299,1,299
23,300,1,300
23,301,1,301
23,302,1,302
23,302,2,801
23,303,1,303
23,303,2,783
23,304,1,304
23,305,1,305
23,306,1,306
23,306,2,768
23,307,1,307
23,308,1,308
23,308,2,766
23,309,1,309
23,310,1,310
23,310,2,784
23,311,1,311
23,312,1,312
23,313,1,313
23,314,1,314
23,315,1,315
23,316,1,316
23,317,1,317
23,318,1,318
23,319,1,319
23,319,2,805
23,320,1,320
23,321,1,321
23,322,1,322
23,323,1,323
23,323,2,822
23,324,1,324
23,325,1,325
23,326,1,326
23,327,1,327
23,328,1,328
23,329,1,329
23,330,1,330
23,331,1,331
23,332,1,332
23,333,1,333
23,334,1,334
23,334,2,802
23,335,1,335
23,336,1,336
23,337,1,337
23,338,1,338
23,339,1,339
23,340,1,340
23,341,1,341
23,342,1,342
23,343,1,343
23,344,1,344
23,345,1,345
23,346,1,346
23,347,1,347
23,348,1,348
23,349,1,349
23,350,1,350
23,351,1,351
23,351,2,734
23,351,3,735
23,351,4,736
23,352,1,352
23,353,1,353
23,354,1,354
23,354,2,769
23,355,1,355
23,356,1,356
23,357,1,357
23,358,1,358
23,359,1,359
23,359,2,780
23,360,1,360
23,361,1,361
23,362,1,362
23,362,2,809
23,363,1,363
23,364,1,364
23,365,1,365
23,366,1,366
23,367,1,367
23,368,1,368
23,369,1,369
23,370,1,370
23,371,1,371
23,372,1,372
23,373,1,373
23,373,2,824
23,374,1,374
23,375,1,375
23,376,1,376
23,376,2,811
23,377,1,377
23,378,1,378
23,379,1,379
23,380,1,380
23,380,2,787
23,381,1,381
23,381,2,786
23,382,1,382
23,382,2,812
23,383,1,383
23,383,2,813
23,384,1,384
23,384,2,814
23,385,1,385
23,386,1,386
23,386,2,722
23,386,3,723
23,386,4,724
23,387,1,387
23,388,1,388
23,389,1,389
23,390,1,390
23,391,1,391
23,392,1,392
23,393,1,393
23,394,1,394
23,395,1,395
23,396,1,396
23,397,1,397
23,398,1,398
23,399,1,399
23,400,1,400
23,401,1,401
23,402,1,402
23,403,1,403
23,404,1,404
23,405,1,405
23,406,1,406
23,407,1,407
23,408,1,408
23,409,1,409
23,410,1,410
23,411,1,411
23,412,1,412
23,412,2,412
23,412,3,412
23,413,1,413
23,413,2,725
23,413,3,726
23,414,1,414
23,415,1,415
23,416,1,416
23,417,1,417
23,418,1,418
23,419,1,419
23,420,1,420
23,421,1,421
23,421,2,737
23,422,1,422
23,422,2,422
23,423,1,423
23,423,2,423
23,424,1,424
23,425,1,425
23,426,1,426
23,427,1,427
23,428,1,428
23,428,2,823
23,429,1,429
23,430,1,430
23,431,1,431
23,432,1,432
23,433,1,433
23,434,1,434
23,435,1,435
23,436,1,436
23,437,1,437
23,438,1,438
23,439,1,439
23,440,1,440
23,441,1,441
23,442,1,442
23,443,1,443
23,444,1,444
23,445,1,445
23,445,2,785
23,446,1,446
23,447,1,447
23,448,1,448
23,448,2,774
23,449,1,449
23,450,1,450
23,451,1,451
23,452,1,452
23,453,1,453
23,454,1,454
23,455,1,455
23,456,1,456
23,457,1,457
23,458,1,458
23,459,1,459
23,460,1,460
23,460,2,775
23,461,1,461
23,462,1,462
23,463,1,463
23,464,1,464
23,465,1,465
23,466,1,466
23,467,1,467
23,468,1,468
23,469,1,469
23,470,1,470
23,471,1,471
23,472,1,472
23,473,1,473
23,474,1,474
23,475,1,475
23,475,2,803
23,476,1,476
23,477,1,477
23,478,1,478
23,479,1,479
23,479,2,729
23,479,3,730
23,479,4,731
23,479,5,732
23,479,6,733
23,480,1,480
23,481,1,481
23,482,1,482
23,483,1,483
23,484,1,484
23,485,1,485
23,486,1,486
23,487,1,487
23,487,2,728
23,488,1,488
23,489,1,489
23,490,1,490
23,491,1,491
23,492,1,492
23,492,2,727
23,493,1,493
23,493,2,493
23,493,3,493
23,493,4,493
23,493,5,493
23,493,6,493
23,493,7,493
23,493,8,493
23,493,9,493
23,493,10,493
23,493,11,493
23,493,12,493
23,493,13,493
23,493,14,493
23,493,15,493
23,493,16,493
23,493,17,493
23,493,18,493
23,494,1,494
23,495,1,495
23,496,1,496
23,497,1,497
23,498,1,498
23,499,1,499
23,500,1,500
23,501,1,501
23,502,1,502
23,503,1,503
23,504,1,504
23,505,1,505
23,506,1,506
23,507,1,507
23,508,1,508
23,509,1,509
23,510,1,510
23,511,1,511
23,512,1,512
23,513,1,513
23,514,1,514
23,515,1,515
23,516,1,516
23,517,1,517
23,518,1,518
23,519,1,519
23,520,1,520
23,521,1,521
23,522,1,522
23,523,1,523
23,524,1,524
23,525,1,525
23,526,1,526
23,527,1,527
23,528,1,528
23,529,1,529
23,530,1,530
23,531,1,531
23,531,2,804
23,532,1,532
23,533,1,533
23,534,1,534
23,535,1,535
23,536,1,536
23,537,1,537
23,538,1,538
23,539,1,539
23,540,1,540
23,541,1,541
23,542,1,542
23,543,1,543
23,544,1,544
23,545,1,545
23,546,1,546
23,547,1,547
23,548,1,548
23,549,1,549
23,550,1,550
23,550,2,738
23,551,1,551
23,552,1,552
23,553,1,553
23,554,1,554
23,555,1,555
23,555,2,739
23,556,1,556
23,557,1,557
23,558,1,558
23,559,1,559
23,560,1,560
23,561,1,561
23,562,1,562
23,563,1,563
23,564,1,564
23,565,1,565
23,566,1,566
23,567,1,567
23,568,1,568
23,569,1,569
23,570,1,570
23,571,1,571
23,572,1,572
23,573,1,573
23,574,1,574
23,575,1,575
23,576,1,576
23,577,1,577
23,578,1,578
23,579,1,579
23,580,1,580
23,581,1,581
23,582,1,582
23,583,1,583
23,584,1,584
23,585,1,585
23,585,2,585
23,585,3,585
23,585,4,585
23,586,1,586
23,586,2,586
23,586,3,586
23,586,4,586
23,587,1,587
23,588,1,588
23,589,1,589
23,590,1,590
23,591,1,591
23,592,1,592
23,593,1,593
23,594,1,594
23,595,1,595
23,596,1,596
23,597,1,597
23,598,1,598
23,599,1,599
23,600,1,600
23,601,1,601
23,602,1,602
23,603,1,603
23,604,1,604
23,605,1,605
23,606,1,606
23,607,1,607
23,608,1,608
23,609,1,609
23,610,1,610
23,611,1,611
23,612,1,612
23,613,1,613
23,614,1,614
23,615,1,615
23,616,1,616
23,617,1,617
23,618,1,618
23,619,1,619
23,620,1,620
23,621,1,621
23,622,1,622
23,623,1,623
23,624,1,624
23,625,1,625
23,626,1,626
23,627,1,627
23,628,1,628
23,629,1,629
23,630,1,630
23,631,1,631
23,632,1,632
23,633,1,633
23,634,1,634
23,635,1,635
23,636,1,636
23,637,1,637
23,638,1,638
23,639,1,639
23,640,1,640
23,641,1,641
23,641,2,744
23,642,1,642
23,642,2,745
23,643,1,643
23,644,1,644
23,645,1,645
23,645,2,746
23,646,1,646
23,646,2,741
23,646,3,742
23,647,1,647
23,647,2,743
23,648,1,648
23,648,2,740
23,649,1,649
23,649,2,649
23,649,3,649
23,649,4,649
23,649,5,649
23,650,1,650
23,651,1,651
23,652,1,652
23,653,1,653
23,654,1,654
23,655,1,655
23,656,1,656
23,657,1,657
23,658,1,658
23,659,1,659
23,660,1,660
23,661,1,661
23,662,1,662
23,663,1,663
23,664,1,664
23,665,1,665
23,666,1,666
23,666,2,666
23,666,3,666
23,666,4,666
23,666,5,666
23,666,6,666
23,666,7,666
23,666,8,666
23,666,9,666
23,666,10,666
23,666,11,666
23,666,12,666
23,666,13,666
23,666,14,666
23,666,15,666
23,666,16,666
23,666,17,666
23,666,18,666
23,666,19,666
23,666,20,666
23,667,1,667
23,668,1,668
23,669,1,669
23,669,2,669
23,669,3,669
23,669,4,669
23,669,5,669
23,670,1,670
23,670,2,794
23,670,3,795
23,670,4,796
23,670,5,797
23,670,6,798
23,671,1,671
23,671,2,671
23,671,3,671
23,671,4,671
23,671,5,671
23,672,1,672
23,673,1,673
23,674,1,674
23,675,1,675
23,676,1,676
23,676,2,749
23,676,3,750
23,676,4,751
23,676,5,755
23,676,6,756
23,676,7,757
23,676,8,752
23,676,9,753
23,676,10,754
23,677,1,677
23,678,1,748
23,678,2,678
23,679,1,679
23,680,1,680
23,681,1,681
23,681,2,776
23,682,1,682
23,683,1,683
23,684,1,684
23,685,1,685
23,686,1,686
23,687,1,687
23,688,1,688
23,689,1,689
23,690,1,690
23,691,1,691
23,692,1,692
23,693,1,693
23,694,1,694
23,695,1,695
23,696,1,696
23,697,1,697
23,698,1,698
23,699,1,699
23,700,1,700
23,701,1,701
23,702,1,702
23,703,1,703
23,704,1,704
23,705,1,705
23,706,1,706
23,707,1,707
23,708,1,708
23,709,1,709
23,710,1,788
23,710,2,710
23,710,3,789
23,710,4,790
23,711,1,791
23,711,2,711
23,711,3,792
23,711,4,793
23,712,1,712
23,713,1,713
23,714,1,714
23,715,1,715
23,716,1,716
23,716,2,716
23,717,1,717
23,718,1,718
23,719,1,719
23,719,2,810
23,720,1,720
23,720,2,821
23,721,1,721
24,1,1,1
24,2,1,2
24,3,1,3
24,3,2,760
24,4,1,4
24,5,1,5
24,6,1,6
24,6,2,761
24,6,3,762
24,7,1,7
24,8,1,8
24,9,1,9
24,9,2,777
24,10,1,10
24,11,1,11
24,12,1,12
24,13,1,13
24,14,1,14
24,15,1,15
24,15,2,825
24,16,1,16
24,17,1,17
24,18,1,18
24,18,2,808
24,19,1,19
24,20,1,20
24,21,1,21
24,22,1,22
24,23,1,23
24,24,1,24
24,25,1,25
24,25,2,820
24,25,3,815
24,25,4,816
24,25,5,817
24,25,6,818
24,25,7,819
24,26,1,26
24,27,1,27
24,28,1,28
24,29,1,29
24,30,1,30
24,31,1,31
24,32,1,32
24,33,1,33
24,34,1,34
24,35,1,35
24,36,1,36
24,37,1,37
24,38,1,38
24,39,1,39
24,40,1,40
24,41,1,41
24,42,1,42
24,43,1,43
24,44,1,44
24,45,1,45
24,46,1,46
24,47,1,47
24,48,1,48
24,49,1,49
24,50,1,50
24,51,1,51
24,52,1,52
24,53,1,53
24,54,1,54
24,55,1,55
24,56,1,56
24,57,1,57
24,58,1,58
24,59,1,59
24,60,1,60
24,61,1,61
24,62,1,62
24,63,1,63
24,64,1,64
24,65,1,65
24,65,2,781
24,66,1,66
24,67,1,67
24,68,1,68
24,69,1,69
24,70,1,70
24,71,1,71
24,72,1,72
24,73,1,73
24,74,1,74
24,75,1,75
24,76,1,76
24,77,1,77
24,78,1,78
24,79,1,79
24,80,1,80
24,80,2,806
24,81,1,81
24,82,1,82
24,83,1,83
24,84,1,84
24,85,1,85
24,86,1,86
24,87,1,87
24,88,1,88
24,89,1,89
24,90,1,90
24,91,1,91
24,92,1,92
24,93,1,93
24,94,1,94
24,94,2,747
24,95,1,95
24,96,1,96
24,97,1,97
24,98,1,98
24,99,1,99
24,100,1,100
24,101,1,101
24,102,1,102
24,103,1,103
24,104,1,104
24,105,1,105
24,106,1,106
24,107,1,107
24,108,1,108
24,109,1,109
24,110,1,110
24,111,1,111
24,112,1,112
24,113,1,113
24,114,1,114
24,115,1,115
24,115,2,778
24,116,1,116
24,117,1,117
24,118,1,118
24,119,1,119
24,120,1,120
24,121,1,121
24,122,1,122
24,123,1,123
24,124,1,124
24,125,1,125
24,126,1,126
24,127,1,127
24,127,2,772
24,128,1,128
24,129,1,129
24,130,1,130
24,130,2,779
24,131,1,131
24,132,1,132
24,133,1,133
24,134,1,134
24,135,1,135
24,136,1,136
24,137,1,137
24,138,1,138
24,139,1,139
24,140,1,140
24,141,1,141
24,142,1,142
24,142,2,773
24,143,1,143
24,144,1,144
24,145,1,145
24,146,1,146
24,147,1,147
24,148,1,148
24,149,1,149
24,150,1,150
24,150,2,763
24,150,3,764
24,151,1,151
24,152,1,152
24,153,1,153
24,154,1,154
24,155,1,155
24,156,1,156
24,157,1,157
24,158,1,158
24,159,1,159
24,160,1,160
24,161,1,161
24,162,1,162
24,163,1,163
24,164,1,164
24,165,1,165
24,166,1,166
24,167,1,167
24,168,1,168
24,169,1,169
24,170,1,170
24,171,1,171
24,172,1,172
24,173,1,173
24,174,1,174
24,175,1,175
24,176,1,176
24,177,1,177
24,178,1,178
24,179,1,179
24,180,1,180
24,181,1,181
24,181,2,759
24,182,1,182
24,183,1,183
24,184,1,184
24,185,1,185
24,186,1,186
24,187,1,187
24,188,1,188
24,189,1,189
24,190,1,190
24,191,1,191
24,192,1,192
24,193,1,193
24,194,1,194
24,195,1,195
24,196,1,196
24,197,1,197
24,198,1,198
24,199,1,199
24,200,1,200
24,201,1,201
24,201,2,201
24,201,3,201
24,201,4,201
24,201,5,201
24,201,6,201
24,201,7,201
24,201,8,201
24,201,9,201
24,201,10,201
24,201,11,201
24,201,12,201
24,201,13,201
24,201,14,201
24,201,15,201
24,201,16,201
24,201,17,201
24,201,18,201
24,201,19,201
24,201,20,201
24,201,21,201
24,201,22,201
24,201,23,201
24,201,24,201
24,201,25,201
24,201,26,201
24,201,27,201
24,201,28,201
24,202,1,202
24,203,1,203
24,204,1,204
24,205,1,205
24,206,1,206
24,207,1,207
24,208,1,208
24,208,2,807
24,209,1,209
24,210,1,210
24,211,1,211
24,212,1,212
24,212,2,771
24,213,1,213
24,214,1,214
24,214,2,782
24,215,1,215
24,216,1,216
24,217,1,217
24,218,1,218
24,219,1,219
24,220,1,220
24,221,1,221
24,222,1,222
24,223,1,223
24,224,1,224
24,225,1,225
24,226,1,226
24,227,1,227
24,228,1,228
24,229,1,229
24,229,2,767
24,230,1,230
24,231,1,231
24,232,1,232
24,233,1,233
24,234,1,234
24,235,1,235
24,236,1,236
24,237,1,237
24,238,1,238
24,239,1,239
24,240,1,240
24,241,1,241
24,242,1,242
24,243,1,243
24,244,1,244
24,245,1,245
24,246,1,246
24,247,1,247
24,248,1,248
24,248,2,770
24,249,1,249
24,250,1,250
24,251,1,251
24,252,1,252
24,253,1,253
24,254,1,254
24,254,2,800
24,255,1,255
24,256,1,256
24,257,1,257
24,257,2,765
24,258,1,258
24,259,1,259
24,260,1,260
24,260,2,799
24,261,1,261
24,262,1,262
24,263,1,263
24,264,1,264
24,265,1,265
24,266,1,266
24,267,1,267
24,268,1,268
24,269,1,269
24,270,1,270
24,271,1,271
24,272,1,272
24,273,1,273
24,274,1,274
24,275,1,275
24,276,1,276
24,277,1,277
24,278,1,278
24,279,1,279
24,280,1,280
24,281,1,281
24,282,1,282
24,282,2,758
24,283,1,283
24,284,1,284
24,285,1,285
24,286,1,286
24,287,1,287
24,288,1,288
24,289,1,289
24,290,1,290
24,291,1,291
24,292,1,292
24,293,1,293
24,294,1,294
24,295,1,295
24,296,1,296
24,297,1,297
24,298,1,298
24,299,1,299
24,300,1,300
24,301,1,301
24,302,1,302
24,302,2,801
24,303,1,303
24,303,2,783
24,304,1,304
24,305,1,305
24,306,1,306
24,306,2,768
24,307,1,307
24,308,1,308
24,308,2,766
24,309,1,309
24,310,1,310
24,310,2,784
24,311,1,311
24,312,1,312
24,313,1,313
24,314,1,314
24,315,1,315
24,316,1,316
24,317,1,317
24,318,1,318
24,319,1,319
24,319,2,805
24,320,1,320
24,321,1,321
24,322,1,322
24,323,1,323
24,323,2,822
24,324,1,324
24,325,1,325
24,326,1,326
24,327,1,327
24,328,1,328
24,329,1,329
24,330,1,330
24,331,1,331
24,332,1,332
24,333,1,333
24,334,1,334
24,334,2,802
24,335,1,335
24,336,1,336
24,337,1,337
24,338,1,338
24,339,1,339
24,340,1,340
24,341,1,341
24,342,1,342
24,343,1,343
24,344,1,344
24,345,1,345
24,346,1,346
24,347,1,347
24,348,1,348
24,349,1,349
24,350,1,350
24,351,1,351
24,351,2,734
24,351,3,735
24,351,4,736
24,352,1,352
24,353,1,353
24,354,1,354
24,354,2,769
24,355,1,355
24,356,1,356
24,357,1,357
24,358,1,358
24,359,1,359
24,359,2,780
24,360,1,360
24,361,1,361
24,362,1,362
24,362,2,809
24,363,1,363
24,364,1,364
24,365,1,365
24,366,1,366
24,367,1,367
24,368,1,368
24,369,1,369
24,370,1,370
24,371,1,371
24,372,1,372
24,373,1,373
24,373,2,824
24,374,1,374
24,375,1,375
24,376,1,376
24,376,2,811
24,377,1,377
24,378,1,378
24,379,1,379
24,380,1,380
24,380,2,787
24,381,1,381
24,381,2,786
24,382,1,382
24,382,2,812
24,383,1,383
24,383,2,813
24,384,1,384
24,384,2,814
24,385,1,385
24,386,1,386
24,386,2,722
24,386,3,723
24,386,4,724
24,387,1,387
24,388,1,388
24,389,1,389
24,390,1,390
24,391,1,391
24,392,1,392
24,393,1,393
24,394,1,394
24,395,1,395
24,396,1,396
24,397,1,397
24,398,1,398
24,399,1,399
24,400,1,400
24,401,1,401
24,402,1,402
24,403,1,403
24,404,1,404
24,405,1,405
24,406,1,406
24,407,1,407
24,408,1,408
24,409,1,409
24,410,1,410
24,411,1,411
24,412,1,412
24,412,2,412
24,412,3,412
24,413,1,413
24,413,2,725
24,413,3,726
24,414,1,414
24,415,1,415
24,416,1,416
24,417,1,417
24,418,1,418
24,419,1,419
24,420,1,420
24,421,1,421
24,421,2,737
24,422,1,422
24,422,2,422
24,423,1,423
24,423,2,423
24,424,1,424
24,425,1,425
24,426,1,426
24,427,1,427
24,428,1,428
24,428,2,823
24,429,1,429
24,430,1,430
24,431,1,431
24,432,1,432
24,433,1,433
24,434,1,434
24,435,1,435
24,436,1,436
24,437,1,437
24,438,1,438
24,439,1,439
24,440,1,440
24,441,1,441
24,442,1,442
24,443,1,443
24,444,1,444
24,445,1,445
24,445,2,785
24,446,1,446
24,447,1,447
24,448,1,448
24,448,2,774
24,449,1,449
24,450,1,450
24,451,1,451
24,452,1,452
24,453,1,453
24,454,1,454
24,455,1,455
24,456,1,456
24,457,1,457
24,458,1,458
24,459,1,459
24,460,1,460
24,460,2,775
24,461,1,461
24,462,1,462
24,463,1,463
24,464,1,464
24,465,1,465
24,466,1,466
24,467,1,467
24,468,1,468
24,469,1,469
24,470,1,470
24,471,1,471
24,472,1,472
24,473,1,473
24,474,1,474
24,475,1,475
24,475,2,803
24,476,1,476
24,477,1,477
24,478,1,478
24,479,1,479
24,479,2,729
24,479,3,730
24,479,4,731
24,479,5,732
24,479,6,733
24,480,1,480
24,481,1,481
24,482,1,482
24,483,1,483
24,484,1,484
24,485,1,485
24,486,1,486
24,487,1,487
24,487,2,728
24,488,1,488
24,489,1,489
24,490,1,490
24,491,1,491
24,492,1,492
24,492,2,727
24,493,1,493
24,493,2,493
24,493,3,493
24,493,4,493
24,493,5,493
24,493,6,493
24,493,7,493
24,493,8,493
24,493,9,493
24,493,10,493
24,493,11,493
24,493,12,493
24,493,13,493
24,493,14,493
24,493,15,493
24,493,16,493
24,493,17,493
24,493,18,493
24,494,1,494
24,495,1,495
24,496,1,496
24,497,1,497
24,498,1,498
24,499,1,499
24,500,1,500
24,501,1,501
24,502,1,502
24,503,1,503
24,504,1,504
24,505,1,505
24,506,1,506
24,507,1,507
24,508,1,508
24,509,1,509
24,510,1,510
24,511,1,511
24,512,1,512
24,513,1,513
24,514,1,514
24,515,1,515
24,516,1,516
24,517,1,517
24,518,1,518
24,519,1,519
24,520,1,520
24,521,1,521
24,522,1,522
24,523,1,523
24,524,1,524
24,525,1,525
24,526,1,526
24,527,1,527
24,528,1,528
24,529,1,529
24,530,1,530
24,531,1,531
24,531,2,804
24,532,1,532
24,533,1,533
24,534,1,534
24,535,1,535
24,536,1,536
24,537,1,537
24,538,1,538
24,539,1,539
24,540,1,540
24,541,1,541
24,542,1,542
24,543,1,543
24,544,1,544
24,545,1,545
24,546,1,546
24,547,1,547
24,548,1,548
24,549,1,549
24,550,1,550
24,550,2,738
24,551,1,551
24,552,1,552
24,553,1,553
24,554,1,554
24,555,1,555
24,555,2,739
24,556,1,556
24,557,1,557
24,558,1,558
24,559,1,559
24,560,1,560
24,561,1,561
24,562,1,562
24,563,1,563
24,564,1,564
24,565,1,565
24,566,1,566
24,567,1,567
24,568,1,568
24,569,1,569
24,570,1,570
24,571,1,571
24,572,1,572
24,573,1,573
24,574,1,574
24,575,1,575
24,576,1,576
24,577,1,577
24,578,1,578
24,579,1,579
24,580,1,580
24,581,1,581
24,582,1,582
24,583,1,583
24,584,1,584
24,585,1,585
24,585,2,585
24,585,3,585
24,585,4,585
24,586,1,586
24,586,2,586
24,586,3,586
24,586,4,586
24,587,1,587
24,588,1,588
24,589,1,589
24,590,1,590
24,591,1,591
24,592,1,592
24,593,1,593
24,594,1,594
24,595,1,595
24,596,1,596
24,597,1,597
24,598,1,598
24,599,1,599
24,600,1,600
24,601,1,601
24,602,1,602
24,603,1,603
24,604,1,604
24,605,1,605
24,606,1,606
24,607,1,607
24,608,1,608
24,609,1,609
24,610,1,610
24,611,1,611
24,612,1,612
24,613,1,613
24,614,1,614
24,615,1,615
24,616,1,616
24,617,1,617
24,618,1,618
24,619,1,619
24,620,1,620
24,621,1,621
24,622,1,622
24,623,1,623
24,624,1,624
24,625,1,625
24,626,1,626
24,627,1,627
24,628,1,628
24,629,1,629
24,630,1,630
24,631,1,631
24,632,1,632
24,633,1,633
24,634,1,634
24,635,1,635
24,636,1,636
24,637,1,637
24,638,1,638
24,639,1,639
24,640,1,640
24,641,1,641
24,641,2,744
24,642,1,642
24,642,2,745
24,643,1,643
24,644,1,644
24,645,1,645
24,645,2,746
24,646,1,646
24,646,2,741
24,646,3,742
24,647,1,647
24,647,2,743
24,648,1,648
24,648,2,740
24,649,1,649
24,649,2,649
24,649,3,649
24,649,4,649
24,649,5,649
24,650,1,650
24,651,1,651
24,652,1,652
24,653,1,653
24,654,1,654
24,655,1,655
24,656,1,656
24,657,1,657
24,658,1,658
24,659,1,659
24,660,1,660
24,661,1,661
24,662,1,662
24,663,1,663
24,664,1,664
24,665,1,665
24,666,1,666
24,666,2,666
24,666,3,666
24,666,4,666
24,666,5,666
24,666,6,666
24,666,7,666
24,666,8,666
24,666,9,666
24,666,10,666
24,666,11,666
24,666,12,666
24,666,13,666
24,666,14,666
24,666,15,666
24,666,16,666
24,666,17,666
24,666,18,666
24,666,19,666
24,666,20,666
24,667,1,667
24,668,1,668
24,669,1,669
24,669,2,669
24,669,3,669
24,669,4,669
24,669,5,669
24,670,1,670
24,670,2,794
24,670,3,795
24,670,4,796
24,670,5,797
24,670,6,798
24,671,1,671
24,671,2,671
24,671,3,671
24,671,4,671
24,671,5,671
24,672,1,672
24,673,1,673
24,674,1,674
24,675,1,675
24,676,1,676
24,676,2,749
24,676,3,750
24,676,4,751
24,676,5,755
24,676,6,756
24,676,7,757
24,676,8,752
24,676,9,753
24,676,10,754
24,677,1,677
24,678,1,748
24,678,2,678
24,679,1,679
24,680,1,680
24,681,1,681
24,681,2,776
24,682,1,682
24,683,1,683
24,684,1,684
24,685,1,685
24,686,1,686
24,687,1,687
24,688,1,688
24,689,1,689
24,690,1,690
24,691,1,691
24,692,1,692
24,693,1,693
24,694,1,694
24,695,1,695
24,696,1,696
24,697,1,697
24,698,1,698
24,699,1,699
24,700,1,700
24,701,1,701
24,702,1,702
24,703,1,703
24,704,1,704
24,705,1,705
24,706,1,706
24,707,1,707
24,708,1,708
24,709,1,709
24,710,1,788
24,710,2,710
24,710,3,789
24,710,4,790
24,711,1,791
24,711,2,711
24,711,3,792
24,711,4,793
24,712,1,712
24,713,1,713
24,714,1,714
24,715,1,715
24,716,1,716
24,716,2,716
24,717,1,717
24,718,1,718
24,719,1,719
24,719,2,810
24,720,1,720
24,720,2,821
24,721,1,721
